Timestamp; Requests by Dispatcher; Read by Dispatcher; Read Queue;  Remaining Q1; Remaining Q2; Remaining Q3; Remaining Q4; Remaining queue expired
1077;533;57;1;Remaining Q0;Remaining Q107;Remaining Q168;Remaining Q899;0
1084;743;107;2;Remaining Q0;Remaining Q0;Remaining Q168;Remaining Q899;0
1088;769;168;3;Remaining Q0;Remaining Q0;Remaining Q0;Remaining Q899;0
1090;668;668;4;Remaining Q0;Remaining Q0;Remaining Q0;Remaining Q231;0
2052;533;20;1;Remaining Q0;Remaining Q39;Remaining Q75;Remaining Q586;0
2054;780;39;2;Remaining Q0;Remaining Q0;Remaining Q75;Remaining Q586;0
2058;874;75;3;Remaining Q0;Remaining Q0;Remaining Q0;Remaining Q586;0
2061;866;586;4;Remaining Q0;Remaining Q0;Remaining Q0;Remaining Q0;0
2064;280;0;0;Remaining Q0;Remaining Q0;Remaining Q0;Remaining Q0;0
3065;533;66;1;Remaining Q0;Remaining Q114;Remaining Q174;Remaining Q845;0
3069;734;114;2;Remaining Q0;Remaining Q0;Remaining Q174;Remaining Q845;0
3070;753;174;3;Remaining Q0;Remaining Q0;Remaining Q0;Remaining Q845;0
3072;646;646;4;Remaining Q0;Remaining Q0;Remaining Q0;Remaining Q199;0
4075;533;29;1;Remaining Q0;Remaining Q60;Remaining Q87;Remaining Q594;0
4077;771;124;2;Remaining Q41;Remaining Q0;Remaining Q185;Remaining Q1044;0
4079;780;185;3;Remaining Q41;Remaining Q0;Remaining Q0;Remaining Q1044;0
4081;662;662;4;Remaining Q41;Remaining Q0;Remaining Q0;Remaining Q382;0
5078;533;41;1;Remaining Q0;Remaining Q0;Remaining Q0;Remaining Q382;0
5080;759;94;2;Remaining Q47;Remaining Q0;Remaining Q132;Remaining Q1011;0
5082;798;132;3;Remaining Q47;Remaining Q0;Remaining Q0;Remaining Q1011;0
5083;733;733;4;Remaining Q47;Remaining Q0;Remaining Q0;Remaining Q278;0
6088;533;94;1;Remaining Q0;Remaining Q78;Remaining Q136;Remaining Q904;0
6091;761;136;3;Remaining Q0;Remaining Q0;Remaining Q0;Remaining Q904;0
6090;706;78;2;Remaining Q0;Remaining Q0;Remaining Q136;Remaining Q904;0
6093;692;692;4;Remaining Q0;Remaining Q0;Remaining Q0;Remaining Q212;0
7098;533;45;1;Remaining Q0;Remaining Q118;Remaining Q125;Remaining Q861;0
7102;770;125;3;Remaining Q0;Remaining Q0;Remaining Q0;Remaining Q861;0
7100;755;118;2;Remaining Q0;Remaining Q0;Remaining Q125;Remaining Q861;0
7105;712;712;4;Remaining Q25;Remaining Q44;Remaining Q81;Remaining Q461;0
8113;533;25;1;Remaining Q0;Remaining Q44;Remaining Q81;Remaining Q461;0
8115;775;44;2;Remaining Q0;Remaining Q0;Remaining Q81;Remaining Q461;0
8117;864;229;3;Remaining Q45;Remaining Q98;Remaining Q0;Remaining Q1170;0
8125;702;702;4;Remaining Q45;Remaining Q98;Remaining Q0;Remaining Q468;0
9127;533;66;1;Remaining Q0;Remaining Q141;Remaining Q47;Remaining Q705;0
9129;734;141;2;Remaining Q0;Remaining Q0;Remaining Q47;Remaining Q705;0
9131;726;113;3;Remaining Q17;Remaining Q48;Remaining Q0;Remaining Q1080;0
9133;680;680;4;Remaining Q17;Remaining Q48;Remaining Q0;Remaining Q400;0
10137;533;75;1;Remaining Q0;Remaining Q152;Remaining Q151;Remaining Q1087;0
10139;725;152;2;Remaining Q0;Remaining Q0;Remaining Q151;Remaining Q1087;0
10141;706;151;3;Remaining Q0;Remaining Q0;Remaining Q0;Remaining Q1087;0
10144;622;622;4;Remaining Q35;Remaining Q91;Remaining Q120;Remaining Q1052;0
11152;533;35;1;Remaining Q0;Remaining Q91;Remaining Q120;Remaining Q1052;0
11154;765;91;2;Remaining Q0;Remaining Q0;Remaining Q120;Remaining Q1052;0
11156;807;216;3;Remaining Q37;Remaining Q72;Remaining Q0;Remaining Q1508;0
11158;658;658;4;Remaining Q37;Remaining Q72;Remaining Q0;Remaining Q850;0
12162;533;77;1;Remaining Q0;Remaining Q155;Remaining Q125;Remaining Q1402;0
12164;723;155;2;Remaining Q0;Remaining Q0;Remaining Q125;Remaining Q1402;0
12165;701;125;3;Remaining Q0;Remaining Q0;Remaining Q0;Remaining Q1402;0
12168;643;643;4;Remaining Q41;Remaining Q74;Remaining Q120;Remaining Q1333;0
13163;533;67;1;Remaining Q0;Remaining Q150;Remaining Q225;Remaining Q1793;0
13165;733;150;2;Remaining Q0;Remaining Q0;Remaining Q225;Remaining Q1793;0
13166;716;225;3;Remaining Q0;Remaining Q0;Remaining Q0;Remaining Q1793;0
13168;558;558;4;Remaining Q0;Remaining Q0;Remaining Q0;Remaining Q1235;0
14171;533;45;1;Remaining Q0;Remaining Q81;Remaining Q139;Remaining Q1937;0
14172;755;81;2;Remaining Q0;Remaining Q0;Remaining Q139;Remaining Q1937;0
14174;807;139;3;Remaining Q0;Remaining Q0;Remaining Q0;Remaining Q1937;0
14176;735;735;4;Remaining Q0;Remaining Q0;Remaining Q0;Remaining Q1202;0
15172;533;41;1;Remaining Q0;Remaining Q113;Remaining Q177;Remaining Q2117;0
15174;759;113;2;Remaining Q0;Remaining Q0;Remaining Q177;Remaining Q2117;0
15175;779;177;3;Remaining Q0;Remaining Q0;Remaining Q0;Remaining Q2117;0
15178;669;669;4;Remaining Q0;Remaining Q0;Remaining Q0;Remaining Q1448;0
16184;533;72;1;Remaining Q0;Remaining Q153;Remaining Q180;Remaining Q2505;0
16185;728;153;2;Remaining Q0;Remaining Q0;Remaining Q180;Remaining Q2505;0
16187;708;180;3;Remaining Q0;Remaining Q0;Remaining Q0;Remaining Q2505;0
16189;595;595;4;Remaining Q0;Remaining Q0;Remaining Q0;Remaining Q1910;0
17197;533;83;1;Remaining Q0;Remaining Q195;Remaining Q315;Remaining Q3317;0
17198;717;195;2;Remaining Q0;Remaining Q0;Remaining Q315;Remaining Q3317;0
17200;655;315;3;Remaining Q0;Remaining Q0;Remaining Q0;Remaining Q3317;0
17202;407;407;4;Remaining Q0;Remaining Q0;Remaining Q0;Remaining Q2910;0
18207;533;58;1;Remaining Q0;Remaining Q97;Remaining Q133;Remaining Q3527;0
18208;742;97;2;Remaining Q0;Remaining Q0;Remaining Q133;Remaining Q3527;0
18211;778;133;3;Remaining Q0;Remaining Q0;Remaining Q0;Remaining Q3527;0
18214;712;712;4;Remaining Q0;Remaining Q0;Remaining Q0;Remaining Q2815;0
19219;533;48;1;Remaining Q0;Remaining Q83;Remaining Q136;Remaining Q3448;0
19221;752;83;2;Remaining Q0;Remaining Q0;Remaining Q136;Remaining Q3448;0
19222;802;136;3;Remaining Q0;Remaining Q0;Remaining Q0;Remaining Q3448;0
19224;733;733;4;Remaining Q0;Remaining Q0;Remaining Q0;Remaining Q2715;0
20232;533;66;1;Remaining Q0;Remaining Q151;Remaining Q207;Remaining Q3745;0
20235;734;151;2;Remaining Q0;Remaining Q0;Remaining Q207;Remaining Q3745;0
20237;716;207;3;Remaining Q0;Remaining Q0;Remaining Q0;Remaining Q3745;0
20240;576;576;4;Remaining Q0;Remaining Q0;Remaining Q0;Remaining Q3169;0
21246;533;66;1;Remaining Q0;Remaining Q129;Remaining Q203;Remaining Q4175;0
21248;734;129;2;Remaining Q0;Remaining Q0;Remaining Q203;Remaining Q4175;0
21250;738;203;3;Remaining Q0;Remaining Q0;Remaining Q0;Remaining Q4175;0
21252;602;602;4;Remaining Q0;Remaining Q0;Remaining Q0;Remaining Q3573;0
22257;533;66;1;Remaining Q0;Remaining Q190;Remaining Q259;Remaining Q4817;0
22258;734;190;2;Remaining Q0;Remaining Q0;Remaining Q259;Remaining Q4817;0
22260;677;259;3;Remaining Q0;Remaining Q0;Remaining Q0;Remaining Q4817;0
22263;485;485;4;Remaining Q0;Remaining Q0;Remaining Q0;Remaining Q4332;0
23267;533;71;1;Remaining Q0;Remaining Q125;Remaining Q199;Remaining Q5320;0
23269;729;125;2;Remaining Q0;Remaining Q0;Remaining Q199;Remaining Q5320;0
23270;737;199;3;Remaining Q0;Remaining Q0;Remaining Q0;Remaining Q5320;0
23273;605;605;4;Remaining Q0;Remaining Q0;Remaining Q0;Remaining Q4715;0
24271;533;117;1;Remaining Q0;Remaining Q199;Remaining Q275;Remaining Q6124;0
24273;683;199;2;Remaining Q0;Remaining Q0;Remaining Q275;Remaining Q6124;0
24274;617;275;3;Remaining Q0;Remaining Q0;Remaining Q0;Remaining Q6124;0
24277;409;409;4;Remaining Q0;Remaining Q0;Remaining Q0;Remaining Q5715;0
25286;533;83;1;Remaining Q0;Remaining Q168;Remaining Q287;Remaining Q7003;0
25287;717;168;2;Remaining Q0;Remaining Q0;Remaining Q287;Remaining Q7003;0
25289;682;287;3;Remaining Q0;Remaining Q0;Remaining Q0;Remaining Q7003;0
25291;462;462;4;Remaining Q0;Remaining Q0;Remaining Q0;Remaining Q6541;0
26298;533;69;1;Remaining Q0;Remaining Q112;Remaining Q166;Remaining Q7343;0
26300;731;112;2;Remaining Q0;Remaining Q0;Remaining Q166;Remaining Q7343;0
26301;752;166;3;Remaining Q0;Remaining Q0;Remaining Q0;Remaining Q7343;0
26304;653;653;4;Remaining Q0;Remaining Q0;Remaining Q0;Remaining Q6690;0
27298;533;26;1;Remaining Q0;Remaining Q42;Remaining Q75;Remaining Q7058;0
27300;774;42;2;Remaining Q0;Remaining Q0;Remaining Q75;Remaining Q7058;0
27302;865;75;3;Remaining Q0;Remaining Q0;Remaining Q0;Remaining Q7058;0
27304;857;857;4;Remaining Q0;Remaining Q0;Remaining Q0;Remaining Q6201;0
28308;533;45;1;Remaining Q0;Remaining Q105;Remaining Q158;Remaining Q6893;0
28310;755;105;2;Remaining Q0;Remaining Q0;Remaining Q158;Remaining Q6893;0
28312;783;158;3;Remaining Q0;Remaining Q0;Remaining Q0;Remaining Q6893;0
28314;692;692;4;Remaining Q0;Remaining Q0;Remaining Q0;Remaining Q6201;0
29319;533;81;1;Remaining Q0;Remaining Q214;Remaining Q316;Remaining Q7590;0
29321;719;214;2;Remaining Q0;Remaining Q0;Remaining Q316;Remaining Q7590;0
29324;638;316;3;Remaining Q0;Remaining Q0;Remaining Q0;Remaining Q7590;0
29326;389;389;4;Remaining Q0;Remaining Q0;Remaining Q0;Remaining Q7201;0
30331;533;88;1;Remaining Q0;Remaining Q181;Remaining Q274;Remaining Q8555;0
30333;712;181;2;Remaining Q0;Remaining Q0;Remaining Q274;Remaining Q8555;0
30336;664;274;3;Remaining Q0;Remaining Q0;Remaining Q0;Remaining Q8555;0
30338;457;457;4;Remaining Q0;Remaining Q0;Remaining Q0;Remaining Q8098;0
31340;533;43;1;Remaining Q0;Remaining Q81;Remaining Q123;Remaining Q8684;0
31342;757;81;2;Remaining Q0;Remaining Q0;Remaining Q123;Remaining Q8684;0
31343;809;123;3;Remaining Q0;Remaining Q0;Remaining Q0;Remaining Q8684;0
31346;753;753;4;Remaining Q0;Remaining Q0;Remaining Q0;Remaining Q7931;0
32353;533;54;1;Remaining Q0;Remaining Q106;Remaining Q148;Remaining Q8623;0
32355;746;106;2;Remaining Q0;Remaining Q0;Remaining Q148;Remaining Q8623;0
32357;773;148;3;Remaining Q0;Remaining Q0;Remaining Q0;Remaining Q8623;0
32359;692;692;4;Remaining Q0;Remaining Q0;Remaining Q0;Remaining Q7931;0
33357;533;85;1;Remaining Q0;Remaining Q179;Remaining Q283;Remaining Q9262;0
33360;669;283;3;Remaining Q0;Remaining Q0;Remaining Q0;Remaining Q9262;0
33359;715;179;2;Remaining Q0;Remaining Q0;Remaining Q283;Remaining Q9262;0
33362;453;453;4;Remaining Q0;Remaining Q0;Remaining Q0;Remaining Q8809;0
34371;533;73;1;Remaining Q0;Remaining Q139;Remaining Q198;Remaining Q9783;0
34372;727;139;2;Remaining Q0;Remaining Q0;Remaining Q198;Remaining Q9783;0
34374;721;198;3;Remaining Q0;Remaining Q0;Remaining Q0;Remaining Q9783;0
34377;590;590;4;Remaining Q0;Remaining Q0;Remaining Q0;Remaining Q9193;0
35377;533;109;1;Remaining Q0;Remaining Q191;Remaining Q277;Remaining Q10374;0
35379;691;191;2;Remaining Q0;Remaining Q0;Remaining Q277;Remaining Q10374;0
35380;633;277;3;Remaining Q0;Remaining Q0;Remaining Q0;Remaining Q10374;0
35382;423;423;4;Remaining Q0;Remaining Q0;Remaining Q0;Remaining Q9951;0
36390;533;85;1;Remaining Q0;Remaining Q188;Remaining Q273;Remaining Q11290;0
36391;715;188;2;Remaining Q0;Remaining Q0;Remaining Q273;Remaining Q11290;0
36393;660;273;3;Remaining Q0;Remaining Q0;Remaining Q0;Remaining Q11290;0
36395;454;454;4;Remaining Q0;Remaining Q0;Remaining Q0;Remaining Q10836;0
37401;533;70;1;Remaining Q0;Remaining Q129;Remaining Q170;Remaining Q11724;0
37404;730;129;2;Remaining Q0;Remaining Q0;Remaining Q170;Remaining Q11724;0
37408;734;170;3;Remaining Q0;Remaining Q0;Remaining Q0;Remaining Q11724;0
37410;631;631;4;Remaining Q0;Remaining Q0;Remaining Q0;Remaining Q11093;0
38412;533;65;1;Remaining Q0;Remaining Q123;Remaining Q208;Remaining Q12018;0
38415;735;123;2;Remaining Q0;Remaining Q0;Remaining Q208;Remaining Q12018;0
38417;745;208;3;Remaining Q0;Remaining Q0;Remaining Q0;Remaining Q12018;0
38420;604;604;4;Remaining Q0;Remaining Q0;Remaining Q0;Remaining Q11414;0
39425;533;54;1;Remaining Q0;Remaining Q97;Remaining Q138;Remaining Q12125;0
39428;746;97;2;Remaining Q0;Remaining Q0;Remaining Q138;Remaining Q12125;0
39429;782;138;3;Remaining Q0;Remaining Q0;Remaining Q0;Remaining Q12125;0
39431;711;711;4;Remaining Q0;Remaining Q0;Remaining Q0;Remaining Q11414;0
40437;533;65;1;Remaining Q0;Remaining Q107;Remaining Q160;Remaining Q12268;0
40440;735;107;2;Remaining Q0;Remaining Q0;Remaining Q160;Remaining Q12268;0
40441;761;160;3;Remaining Q0;Remaining Q0;Remaining Q0;Remaining Q12268;0
40443;668;668;4;Remaining Q0;Remaining Q0;Remaining Q0;Remaining Q11600;0
41449;533;75;1;Remaining Q0;Remaining Q189;Remaining Q264;Remaining Q12909;0
41451;725;189;2;Remaining Q0;Remaining Q0;Remaining Q264;Remaining Q12909;0
41453;669;264;3;Remaining Q0;Remaining Q0;Remaining Q0;Remaining Q12909;0
41455;472;472;4;Remaining Q0;Remaining Q0;Remaining Q0;Remaining Q12437;0
42462;533;110;1;Remaining Q0;Remaining Q197;Remaining Q255;Remaining Q13790;0
42465;690;197;2;Remaining Q0;Remaining Q0;Remaining Q255;Remaining Q13790;0
42467;626;255;3;Remaining Q0;Remaining Q0;Remaining Q0;Remaining Q13790;0
42470;438;438;4;Remaining Q0;Remaining Q0;Remaining Q0;Remaining Q13352;0
43461;533;115;1;Remaining Q0;Remaining Q210;Remaining Q285;Remaining Q14742;0
43463;685;210;2;Remaining Q0;Remaining Q0;Remaining Q285;Remaining Q14742;0
43465;608;285;3;Remaining Q0;Remaining Q0;Remaining Q0;Remaining Q14742;0
43467;390;390;4;Remaining Q0;Remaining Q0;Remaining Q0;Remaining Q14352;0
44475;533;61;1;Remaining Q0;Remaining Q108;Remaining Q185;Remaining Q15138;0
44476;739;108;2;Remaining Q0;Remaining Q0;Remaining Q185;Remaining Q15138;0
44478;764;185;3;Remaining Q0;Remaining Q0;Remaining Q0;Remaining Q15138;0
44479;646;646;4;Remaining Q0;Remaining Q0;Remaining Q0;Remaining Q14492;0
45477;533;46;1;Remaining Q0;Remaining Q106;Remaining Q135;Remaining Q15107;0
45478;754;106;2;Remaining Q0;Remaining Q0;Remaining Q135;Remaining Q15107;0
45480;781;135;3;Remaining Q0;Remaining Q0;Remaining Q0;Remaining Q15107;0
45482;713;713;4;Remaining Q0;Remaining Q0;Remaining Q0;Remaining Q14394;0
46490;533;78;1;Remaining Q0;Remaining Q150;Remaining Q226;Remaining Q15477;0
46492;722;150;2;Remaining Q0;Remaining Q0;Remaining Q226;Remaining Q15477;0
46494;705;226;3;Remaining Q0;Remaining Q0;Remaining Q0;Remaining Q15477;0
46496;546;546;4;Remaining Q0;Remaining Q0;Remaining Q0;Remaining Q14931;0
47506;533;23;1;Remaining Q0;Remaining Q51;Remaining Q74;Remaining Q15290;0
47507;777;51;2;Remaining Q0;Remaining Q0;Remaining Q74;Remaining Q15290;0
47508;859;74;3;Remaining Q0;Remaining Q0;Remaining Q0;Remaining Q15290;0
47510;852;852;4;Remaining Q0;Remaining Q0;Remaining Q0;Remaining Q14438;0
48518;533;96;1;Remaining Q0;Remaining Q194;Remaining Q286;Remaining Q15722;0
48519;704;194;2;Remaining Q0;Remaining Q0;Remaining Q286;Remaining Q15722;0
48521;643;286;3;Remaining Q0;Remaining Q0;Remaining Q0;Remaining Q15722;0
48522;424;424;4;Remaining Q0;Remaining Q0;Remaining Q0;Remaining Q15298;0
49519;533;44;1;Remaining Q0;Remaining Q67;Remaining Q87;Remaining Q15714;0
49521;756;67;2;Remaining Q0;Remaining Q0;Remaining Q87;Remaining Q15714;0
49522;822;87;3;Remaining Q0;Remaining Q0;Remaining Q0;Remaining Q15714;0
49523;802;802;4;Remaining Q0;Remaining Q0;Remaining Q0;Remaining Q14912;0
50532;533;27;1;Remaining Q0;Remaining Q29;Remaining Q40;Remaining Q15136;0
50533;773;29;2;Remaining Q0;Remaining Q0;Remaining Q40;Remaining Q15136;0
50536;877;40;3;Remaining Q0;Remaining Q0;Remaining Q0;Remaining Q15136;0
50537;904;904;4;Remaining Q0;Remaining Q0;Remaining Q0;Remaining Q14232;0
51534;533;65;1;Remaining Q0;Remaining Q146;Remaining Q216;Remaining Q15171;0
51535;735;146;2;Remaining Q0;Remaining Q0;Remaining Q216;Remaining Q15171;0
51537;722;216;3;Remaining Q0;Remaining Q0;Remaining Q0;Remaining Q15171;0
51538;573;573;4;Remaining Q0;Remaining Q0;Remaining Q0;Remaining Q14598;0
52536;533;60;1;Remaining Q0;Remaining Q141;Remaining Q193;Remaining Q15448;0
52538;740;141;2;Remaining Q0;Remaining Q0;Remaining Q193;Remaining Q15448;0
52539;732;193;3;Remaining Q0;Remaining Q0;Remaining Q0;Remaining Q15448;0
52540;606;606;4;Remaining Q0;Remaining Q0;Remaining Q0;Remaining Q14842;0
53551;533;47;1;Remaining Q0;Remaining Q99;Remaining Q127;Remaining Q15515;0
53552;753;99;2;Remaining Q0;Remaining Q0;Remaining Q127;Remaining Q15515;0
53554;787;127;3;Remaining Q0;Remaining Q0;Remaining Q0;Remaining Q15515;0
53555;727;727;4;Remaining Q0;Remaining Q0;Remaining Q0;Remaining Q14788;0
54565;533;61;1;Remaining Q0;Remaining Q145;Remaining Q221;Remaining Q15756;0
54566;739;145;2;Remaining Q0;Remaining Q0;Remaining Q221;Remaining Q15756;0
54568;727;221;3;Remaining Q0;Remaining Q0;Remaining Q0;Remaining Q15756;0
54570;573;573;4;Remaining Q0;Remaining Q0;Remaining Q0;Remaining Q15183;0
55576;533;80;1;Remaining Q0;Remaining Q185;Remaining Q235;Remaining Q16367;0
55578;720;185;2;Remaining Q0;Remaining Q0;Remaining Q235;Remaining Q16367;0
55579;668;235;3;Remaining Q0;Remaining Q0;Remaining Q0;Remaining Q16367;0
55580;500;500;4;Remaining Q0;Remaining Q0;Remaining Q0;Remaining Q15867;0
56591;533;104;1;Remaining Q0;Remaining Q204;Remaining Q289;Remaining Q17270;0
56592;696;204;2;Remaining Q0;Remaining Q0;Remaining Q289;Remaining Q17270;0
56594;625;289;3;Remaining Q0;Remaining Q0;Remaining Q0;Remaining Q17270;0
56595;403;403;4;Remaining Q0;Remaining Q0;Remaining Q0;Remaining Q16867;0
57601;533;92;1;Remaining Q0;Remaining Q217;Remaining Q275;Remaining Q18283;0
57603;708;217;2;Remaining Q0;Remaining Q0;Remaining Q275;Remaining Q18283;0
57604;624;275;3;Remaining Q0;Remaining Q0;Remaining Q0;Remaining Q18283;0
57606;416;416;4;Remaining Q0;Remaining Q0;Remaining Q0;Remaining Q17867;0
58615;533;98;1;Remaining Q0;Remaining Q213;Remaining Q307;Remaining Q19199;50
58616;702;213;2;Remaining Q0;Remaining Q0;Remaining Q307;Remaining Q19199;50
58618;622;307;3;Remaining Q0;Remaining Q0;Remaining Q0;Remaining Q19199;50
58619;382;382;4;Remaining Q0;Remaining Q0;Remaining Q0;Remaining Q18817;50
59668;533;95;1;Remaining Q0;Remaining Q189;Remaining Q304;Remaining Q19046;1233
59670;705;189;2;Remaining Q0;Remaining Q0;Remaining Q304;Remaining Q19046;1233
59671;649;304;3;Remaining Q0;Remaining Q0;Remaining Q0;Remaining Q19046;1233
59673;412;412;4;Remaining Q0;Remaining Q0;Remaining Q0;Remaining Q18634;1233
60633;533;45;1;Remaining Q0;Remaining Q92;Remaining Q176;Remaining Q19203;1410
60635;755;92;2;Remaining Q0;Remaining Q0;Remaining Q176;Remaining Q19203;1410
60637;796;176;3;Remaining Q0;Remaining Q0;Remaining Q0;Remaining Q19203;1410
60638;687;687;4;Remaining Q0;Remaining Q0;Remaining Q0;Remaining Q18516;1410
61659;533;53;1;Remaining Q0;Remaining Q64;Remaining Q124;Remaining Q18216;2234
61661;747;64;2;Remaining Q0;Remaining Q0;Remaining Q124;Remaining Q18216;2234
61663;816;124;3;Remaining Q0;Remaining Q0;Remaining Q0;Remaining Q18216;2234
61665;759;759;4;Remaining Q0;Remaining Q0;Remaining Q0;Remaining Q17457;2234
62675;533;67;1;Remaining Q0;Remaining Q177;Remaining Q216;Remaining Q17618;3088
62678;733;177;2;Remaining Q0;Remaining Q0;Remaining Q216;Remaining Q17618;3088
62681;689;216;3;Remaining Q0;Remaining Q0;Remaining Q0;Remaining Q17618;3088
62684;540;540;4;Remaining Q0;Remaining Q0;Remaining Q0;Remaining Q17078;3088
63663;533;94;1;Remaining Q0;Remaining Q144;Remaining Q220;Remaining Q18116;3112
63665;706;144;2;Remaining Q0;Remaining Q0;Remaining Q220;Remaining Q18116;3112
63666;695;220;3;Remaining Q0;Remaining Q0;Remaining Q0;Remaining Q18116;3112
63669;542;542;4;Remaining Q0;Remaining Q0;Remaining Q0;Remaining Q17574;3112
64675;533;93;1;Remaining Q0;Remaining Q167;Remaining Q241;Remaining Q18689;3131
64677;707;167;2;Remaining Q0;Remaining Q0;Remaining Q241;Remaining Q18689;3131
64679;673;241;3;Remaining Q0;Remaining Q0;Remaining Q0;Remaining Q18689;3131
64680;499;499;4;Remaining Q0;Remaining Q0;Remaining Q0;Remaining Q18190;3131
65690;533;31;1;Remaining Q0;Remaining Q61;Remaining Q98;Remaining Q18060;3684
65691;769;61;2;Remaining Q0;Remaining Q0;Remaining Q98;Remaining Q18060;3684
65693;841;98;3;Remaining Q0;Remaining Q0;Remaining Q0;Remaining Q18060;3684
65694;810;810;4;Remaining Q0;Remaining Q0;Remaining Q0;Remaining Q17250;3684
66690;533;85;1;Remaining Q0;Remaining Q194;Remaining Q301;Remaining Q18670;3684
66691;715;194;2;Remaining Q0;Remaining Q0;Remaining Q301;Remaining Q18670;3684
66693;654;301;3;Remaining Q0;Remaining Q0;Remaining Q0;Remaining Q18670;3684
66695;420;420;4;Remaining Q0;Remaining Q0;Remaining Q0;Remaining Q18250;3684
67705;533;30;1;Remaining Q0;Remaining Q60;Remaining Q99;Remaining Q18320;4053
67707;770;60;2;Remaining Q0;Remaining Q0;Remaining Q99;Remaining Q18320;4053
67709;843;99;3;Remaining Q0;Remaining Q0;Remaining Q0;Remaining Q18320;4053
67711;811;811;4;Remaining Q0;Remaining Q0;Remaining Q0;Remaining Q17509;4053
68718;533;56;1;Remaining Q0;Remaining Q111;Remaining Q125;Remaining Q18216;4053
68721;744;111;2;Remaining Q0;Remaining Q0;Remaining Q125;Remaining Q18216;4053
68722;766;125;3;Remaining Q0;Remaining Q0;Remaining Q0;Remaining Q18216;4053
68724;708;708;4;Remaining Q0;Remaining Q0;Remaining Q0;Remaining Q17508;4053
69731;533;16;1;Remaining Q0;Remaining Q33;Remaining Q44;Remaining Q17757;4053
69732;784;33;2;Remaining Q0;Remaining Q0;Remaining Q44;Remaining Q17757;4053
69735;884;129;3;Remaining Q34;Remaining Q42;Remaining Q0;Remaining Q18090;4053
69737;822;822;4;Remaining Q34;Remaining Q42;Remaining Q0;Remaining Q17268;4053
70744;533;34;1;Remaining Q0;Remaining Q42;Remaining Q0;Remaining Q17268;4053
70746;766;42;2;Remaining Q0;Remaining Q0;Remaining Q0;Remaining Q17268;4053
70748;857;167;3;Remaining Q49;Remaining Q87;Remaining Q0;Remaining Q17897;4053
70750;757;757;4;Remaining Q49;Remaining Q87;Remaining Q0;Remaining Q17140;4053
71755;533;49;1;Remaining Q0;Remaining Q87;Remaining Q0;Remaining Q17140;4053
71756;751;87;2;Remaining Q0;Remaining Q0;Remaining Q0;Remaining Q17140;4053
71761;797;154;3;Remaining Q57;Remaining Q112;Remaining Q0;Remaining Q17817;4053
71764;710;710;4;Remaining Q57;Remaining Q112;Remaining Q0;Remaining Q17107;4053
72769;533;116;1;Remaining Q0;Remaining Q226;Remaining Q141;Remaining Q17793;4053
72771;684;226;2;Remaining Q0;Remaining Q0;Remaining Q141;Remaining Q17793;4053
72773;591;228;3;Remaining Q29;Remaining Q50;Remaining Q0;Remaining Q18166;4053
72775;430;430;4;Remaining Q29;Remaining Q50;Remaining Q0;Remaining Q17736;4053
73781;533;60;1;Remaining Q0;Remaining Q105;Remaining Q84;Remaining Q18119;4054
73783;740;105;2;Remaining Q0;Remaining Q0;Remaining Q84;Remaining Q18119;4054
73784;768;84;3;Remaining Q0;Remaining Q0;Remaining Q0;Remaining Q18119;4054
73785;751;751;4;Remaining Q0;Remaining Q0;Remaining Q0;Remaining Q17368;4054
74793;533;41;1;Remaining Q0;Remaining Q73;Remaining Q125;Remaining Q17656;4298
74795;759;73;2;Remaining Q0;Remaining Q0;Remaining Q125;Remaining Q17656;4298
74797;819;207;3;Remaining Q30;Remaining Q54;Remaining Q0;Remaining Q18096;4298
74799;679;679;4;Remaining Q30;Remaining Q54;Remaining Q0;Remaining Q17417;4298
75861;533;30;1;Remaining Q0;Remaining Q54;Remaining Q0;Remaining Q15724;5991
75864;770;54;2;Remaining Q0;Remaining Q0;Remaining Q0;Remaining Q15724;5991
75866;849;168;3;Remaining Q49;Remaining Q97;Remaining Q0;Remaining Q16410;5991
75869;748;748;4;Remaining Q49;Remaining Q97;Remaining Q0;Remaining Q15662;5991
76857;533;97;1;Remaining Q0;Remaining Q207;Remaining Q144;Remaining Q14934;7417
76859;703;207;2;Remaining Q0;Remaining Q0;Remaining Q144;Remaining Q14934;7417
76860;629;144;3;Remaining Q0;Remaining Q0;Remaining Q0;Remaining Q14934;7417
76862;552;552;4;Remaining Q0;Remaining Q0;Remaining Q0;Remaining Q14382;7417
77820;533;89;1;Remaining Q0;Remaining Q179;Remaining Q298;Remaining Q15488;7558
77823;711;179;2;Remaining Q0;Remaining Q0;Remaining Q298;Remaining Q15488;7558
77825;665;298;3;Remaining Q0;Remaining Q0;Remaining Q0;Remaining Q15488;7558
77827;434;434;4;Remaining Q0;Remaining Q0;Remaining Q0;Remaining Q15054;7558
78821;533;20;1;Remaining Q0;Remaining Q52;Remaining Q58;Remaining Q15136;7771
78824;780;52;2;Remaining Q0;Remaining Q0;Remaining Q58;Remaining Q15136;7771
78825;861;58;3;Remaining Q0;Remaining Q0;Remaining Q0;Remaining Q15136;7771
78827;870;870;4;Remaining Q0;Remaining Q0;Remaining Q0;Remaining Q14266;7771
79834;533;82;1;Remaining Q0;Remaining Q154;Remaining Q239;Remaining Q15265;7858
79836;718;154;2;Remaining Q0;Remaining Q0;Remaining Q239;Remaining Q15265;7858
79838;697;239;3;Remaining Q0;Remaining Q0;Remaining Q0;Remaining Q15265;7858
79841;525;525;4;Remaining Q0;Remaining Q0;Remaining Q0;Remaining Q14740;7858
80842;533;40;1;Remaining Q0;Remaining Q101;Remaining Q127;Remaining Q15099;8083
80844;760;101;2;Remaining Q0;Remaining Q0;Remaining Q127;Remaining Q15099;8083
80845;792;127;3;Remaining Q0;Remaining Q0;Remaining Q0;Remaining Q15099;8083
80846;732;732;4;Remaining Q0;Remaining Q0;Remaining Q0;Remaining Q14367;8083
81847;533;23;1;Remaining Q0;Remaining Q37;Remaining Q61;Remaining Q14636;8083
81849;777;37;2;Remaining Q0;Remaining Q0;Remaining Q61;Remaining Q14636;8083
81850;873;61;3;Remaining Q0;Remaining Q0;Remaining Q0;Remaining Q14636;8083
81852;879;879;4;Remaining Q0;Remaining Q0;Remaining Q0;Remaining Q13757;8083
82850;533;63;1;Remaining Q0;Remaining Q164;Remaining Q232;Remaining Q14889;8083
82852;737;164;2;Remaining Q0;Remaining Q0;Remaining Q232;Remaining Q14889;8083
82854;706;232;3;Remaining Q0;Remaining Q0;Remaining Q0;Remaining Q14889;8083
82856;541;541;4;Remaining Q0;Remaining Q0;Remaining Q0;Remaining Q14348;8083
83861;533;70;1;Remaining Q0;Remaining Q126;Remaining Q209;Remaining Q14711;8674
83863;730;126;2;Remaining Q0;Remaining Q0;Remaining Q209;Remaining Q14711;8674
83865;737;209;3;Remaining Q0;Remaining Q0;Remaining Q0;Remaining Q14711;8674
83866;595;595;4;Remaining Q0;Remaining Q0;Remaining Q0;Remaining Q14116;8674
84856;533;43;1;Remaining Q0;Remaining Q92;Remaining Q167;Remaining Q14814;8674
84859;757;92;2;Remaining Q0;Remaining Q0;Remaining Q167;Remaining Q14814;8674
84861;798;167;3;Remaining Q0;Remaining Q0;Remaining Q0;Remaining Q14814;8674
84863;698;698;4;Remaining Q0;Remaining Q0;Remaining Q0;Remaining Q14116;8674
85869;533;46;1;Remaining Q0;Remaining Q107;Remaining Q137;Remaining Q14679;8850
85871;754;107;2;Remaining Q0;Remaining Q0;Remaining Q137;Remaining Q14679;8850
85872;780;137;3;Remaining Q0;Remaining Q0;Remaining Q0;Remaining Q14679;8850
85873;710;710;4;Remaining Q0;Remaining Q0;Remaining Q0;Remaining Q13969;8850
86873;533;38;1;Remaining Q0;Remaining Q58;Remaining Q130;Remaining Q14289;8992
86876;762;58;2;Remaining Q0;Remaining Q0;Remaining Q130;Remaining Q14289;8992
86878;837;130;3;Remaining Q0;Remaining Q0;Remaining Q0;Remaining Q14289;8992
86879;774;774;4;Remaining Q0;Remaining Q0;Remaining Q0;Remaining Q13515;8992
87883;533;30;1;Remaining Q0;Remaining Q68;Remaining Q97;Remaining Q13986;8992
87885;770;68;2;Remaining Q0;Remaining Q0;Remaining Q97;Remaining Q13986;8992
87887;835;97;3;Remaining Q0;Remaining Q0;Remaining Q0;Remaining Q13986;8992
87888;805;805;4;Remaining Q0;Remaining Q0;Remaining Q0;Remaining Q13181;8992
88894;533;78;1;Remaining Q0;Remaining Q186;Remaining Q232;Remaining Q14247;8992
88897;722;186;2;Remaining Q0;Remaining Q0;Remaining Q232;Remaining Q14247;8992
88899;669;232;3;Remaining Q0;Remaining Q0;Remaining Q0;Remaining Q14247;8992
88902;504;504;4;Remaining Q0;Remaining Q0;Remaining Q0;Remaining Q13743;8992
89897;533;13;1;Remaining Q0;Remaining Q43;Remaining Q61;Remaining Q13989;8992
89898;787;43;2;Remaining Q0;Remaining Q0;Remaining Q61;Remaining Q13989;8992
89899;877;61;3;Remaining Q0;Remaining Q0;Remaining Q0;Remaining Q13989;8992
89900;883;883;4;Remaining Q0;Remaining Q0;Remaining Q0;Remaining Q13106;8992
90911;533;72;1;Remaining Q0;Remaining Q108;Remaining Q210;Remaining Q13985;8992
90913;728;108;2;Remaining Q0;Remaining Q0;Remaining Q210;Remaining Q13985;8992
90914;753;210;3;Remaining Q0;Remaining Q0;Remaining Q0;Remaining Q13985;8992
90915;610;610;4;Remaining Q0;Remaining Q0;Remaining Q0;Remaining Q13375;8992
91925;533;21;1;Remaining Q0;Remaining Q23;Remaining Q48;Remaining Q13642;8992
91927;779;23;2;Remaining Q0;Remaining Q0;Remaining Q48;Remaining Q13642;8992
91928;889;48;3;Remaining Q0;Remaining Q0;Remaining Q0;Remaining Q13642;8992
91929;908;908;4;Remaining Q0;Remaining Q0;Remaining Q0;Remaining Q12734;8992
92926;533;79;1;Remaining Q0;Remaining Q128;Remaining Q187;Remaining Q13636;8992
92928;721;128;2;Remaining Q0;Remaining Q0;Remaining Q187;Remaining Q13636;8992
92929;726;187;3;Remaining Q0;Remaining Q0;Remaining Q0;Remaining Q13636;8992
92932;606;606;4;Remaining Q0;Remaining Q0;Remaining Q0;Remaining Q13030;8992
93940;533;59;1;Remaining Q0;Remaining Q127;Remaining Q171;Remaining Q13921;8992
93942;741;127;2;Remaining Q0;Remaining Q0;Remaining Q171;Remaining Q13921;8992
93944;747;171;3;Remaining Q0;Remaining Q0;Remaining Q0;Remaining Q13921;8992
93945;643;643;4;Remaining Q0;Remaining Q0;Remaining Q0;Remaining Q13278;8992
94942;533;72;1;Remaining Q0;Remaining Q129;Remaining Q212;Remaining Q14228;8992
94943;728;129;2;Remaining Q0;Remaining Q0;Remaining Q212;Remaining Q14228;8992
94944;732;212;3;Remaining Q0;Remaining Q0;Remaining Q0;Remaining Q14228;8992
94945;587;587;4;Remaining Q0;Remaining Q0;Remaining Q0;Remaining Q13641;8992
95956;533;73;1;Remaining Q0;Remaining Q170;Remaining Q241;Remaining Q14576;9379
95957;727;170;2;Remaining Q0;Remaining Q0;Remaining Q241;Remaining Q14576;9379
95959;690;241;3;Remaining Q0;Remaining Q0;Remaining Q0;Remaining Q14576;9379
95960;516;516;4;Remaining Q0;Remaining Q0;Remaining Q0;Remaining Q14060;9379
96967;533;73;1;Remaining Q0;Remaining Q145;Remaining Q201;Remaining Q14770;9554
96969;727;145;2;Remaining Q0;Remaining Q0;Remaining Q201;Remaining Q14770;9554
96972;715;201;3;Remaining Q0;Remaining Q0;Remaining Q0;Remaining Q14770;9554
96974;581;581;4;Remaining Q0;Remaining Q0;Remaining Q0;Remaining Q14189;9554
97977;533;68;1;Remaining Q0;Remaining Q118;Remaining Q196;Remaining Q14716;9940
97979;732;118;2;Remaining Q0;Remaining Q0;Remaining Q196;Remaining Q14716;9940
97980;747;196;3;Remaining Q0;Remaining Q0;Remaining Q0;Remaining Q14716;9940
97981;618;618;4;Remaining Q0;Remaining Q0;Remaining Q0;Remaining Q14098;9940
98992;533;69;1;Remaining Q0;Remaining Q124;Remaining Q155;Remaining Q14844;9940
98995;731;124;2;Remaining Q0;Remaining Q0;Remaining Q155;Remaining Q14844;9940
98996;740;155;3;Remaining Q0;Remaining Q0;Remaining Q0;Remaining Q14844;9940
98997;652;652;4;Remaining Q0;Remaining Q0;Remaining Q0;Remaining Q14192;9940
99993;533;25;1;Remaining Q0;Remaining Q71;Remaining Q93;Remaining Q14270;10340
99995;775;71;2;Remaining Q0;Remaining Q0;Remaining Q93;Remaining Q14270;10340
99996;837;93;3;Remaining Q0;Remaining Q0;Remaining Q0;Remaining Q14270;10340
99997;811;811;4;Remaining Q0;Remaining Q0;Remaining Q0;Remaining Q13459;10340
101006;533;58;1;Remaining Q0;Remaining Q122;Remaining Q180;Remaining Q14425;10340
101007;742;122;2;Remaining Q0;Remaining Q0;Remaining Q180;Remaining Q14425;10340
101009;753;180;3;Remaining Q0;Remaining Q0;Remaining Q0;Remaining Q14425;10340
101010;640;640;4;Remaining Q0;Remaining Q0;Remaining Q0;Remaining Q13785;10340
102021;533;32;1;Remaining Q0;Remaining Q46;Remaining Q88;Remaining Q14144;10340
102022;768;46;2;Remaining Q0;Remaining Q0;Remaining Q88;Remaining Q14144;10340
102024;855;88;3;Remaining Q0;Remaining Q0;Remaining Q0;Remaining Q14144;10340
102026;834;834;4;Remaining Q0;Remaining Q0;Remaining Q0;Remaining Q13310;10340
103035;533;94;1;Remaining Q0;Remaining Q169;Remaining Q209;Remaining Q14395;10340
103036;706;169;2;Remaining Q0;Remaining Q0;Remaining Q209;Remaining Q14395;10340
103038;670;209;3;Remaining Q0;Remaining Q0;Remaining Q0;Remaining Q14395;10340
103039;528;528;4;Remaining Q0;Remaining Q0;Remaining Q0;Remaining Q13867;10340
104050;533;43;1;Remaining Q0;Remaining Q69;Remaining Q107;Remaining Q14373;10340
104052;757;69;2;Remaining Q0;Remaining Q0;Remaining Q107;Remaining Q14373;10340
104054;821;107;3;Remaining Q0;Remaining Q0;Remaining Q0;Remaining Q14373;10340
104055;781;781;4;Remaining Q0;Remaining Q0;Remaining Q0;Remaining Q13592;10340
105055;533;58;1;Remaining Q0;Remaining Q136;Remaining Q163;Remaining Q14495;10340
105057;742;136;2;Remaining Q0;Remaining Q0;Remaining Q163;Remaining Q14495;10340
105060;739;163;3;Remaining Q0;Remaining Q0;Remaining Q0;Remaining Q14495;10340
105062;643;643;4;Remaining Q0;Remaining Q0;Remaining Q0;Remaining Q13852;10340
106067;533;89;1;Remaining Q0;Remaining Q171;Remaining Q247;Remaining Q15079;10340
106069;711;171;2;Remaining Q0;Remaining Q0;Remaining Q247;Remaining Q15079;10340
106071;673;247;3;Remaining Q0;Remaining Q0;Remaining Q0;Remaining Q15079;10340
106073;493;493;4;Remaining Q0;Remaining Q0;Remaining Q0;Remaining Q14586;10340
107081;533;53;1;Remaining Q0;Remaining Q107;Remaining Q179;Remaining Q15371;10340
107083;747;107;2;Remaining Q0;Remaining Q0;Remaining Q179;Remaining Q15371;10340
107084;773;179;3;Remaining Q0;Remaining Q0;Remaining Q0;Remaining Q15371;10340
107086;661;661;4;Remaining Q0;Remaining Q0;Remaining Q0;Remaining Q14710;10340
108096;533;69;1;Remaining Q0;Remaining Q129;Remaining Q205;Remaining Q15584;10340
108098;731;129;2;Remaining Q0;Remaining Q0;Remaining Q205;Remaining Q15584;10340
108100;735;205;3;Remaining Q0;Remaining Q0;Remaining Q0;Remaining Q15584;10340
108103;597;597;4;Remaining Q0;Remaining Q0;Remaining Q0;Remaining Q14987;10340
109110;533;35;1;Remaining Q0;Remaining Q96;Remaining Q113;Remaining Q15459;10389
109111;765;96;2;Remaining Q0;Remaining Q0;Remaining Q113;Remaining Q15459;10389
109114;802;113;3;Remaining Q0;Remaining Q0;Remaining Q0;Remaining Q15459;10389
109116;756;756;4;Remaining Q0;Remaining Q0;Remaining Q0;Remaining Q14703;10389
110111;533;28;1;Remaining Q0;Remaining Q70;Remaining Q110;Remaining Q15147;10389
110112;772;70;2;Remaining Q0;Remaining Q0;Remaining Q110;Remaining Q15147;10389
110114;835;110;3;Remaining Q0;Remaining Q0;Remaining Q0;Remaining Q15147;10389
110115;792;792;4;Remaining Q0;Remaining Q0;Remaining Q0;Remaining Q14355;10389
111111;533;38;1;Remaining Q0;Remaining Q65;Remaining Q94;Remaining Q14868;10389
111113;762;65;2;Remaining Q0;Remaining Q0;Remaining Q94;Remaining Q14868;10389
111114;830;94;3;Remaining Q0;Remaining Q0;Remaining Q0;Remaining Q14868;10389
111116;803;803;4;Remaining Q0;Remaining Q0;Remaining Q0;Remaining Q14065;10389
112119;533;108;1;Remaining Q0;Remaining Q180;Remaining Q237;Remaining Q15255;10389
112120;692;180;2;Remaining Q0;Remaining Q0;Remaining Q237;Remaining Q15255;10389
112122;645;237;3;Remaining Q0;Remaining Q0;Remaining Q0;Remaining Q15255;10389
112124;475;475;4;Remaining Q0;Remaining Q0;Remaining Q0;Remaining Q14780;10389
113128;533;50;1;Remaining Q0;Remaining Q100;Remaining Q148;Remaining Q15439;10502
113130;750;100;2;Remaining Q0;Remaining Q0;Remaining Q148;Remaining Q15439;10502
113132;783;148;3;Remaining Q0;Remaining Q0;Remaining Q0;Remaining Q15439;10502
113134;702;702;4;Remaining Q0;Remaining Q0;Remaining Q0;Remaining Q14737;10502
114131;533;99;1;Remaining Q0;Remaining Q205;Remaining Q326;Remaining Q16107;10502
114132;701;205;2;Remaining Q0;Remaining Q0;Remaining Q326;Remaining Q16107;10502
114134;629;326;3;Remaining Q0;Remaining Q0;Remaining Q0;Remaining Q16107;10502
114136;370;370;4;Remaining Q0;Remaining Q0;Remaining Q0;Remaining Q15737;10502
115143;533;109;1;Remaining Q0;Remaining Q186;Remaining Q309;Remaining Q16663;10972
115145;691;186;2;Remaining Q0;Remaining Q0;Remaining Q309;Remaining Q16663;10972
115146;638;309;3;Remaining Q0;Remaining Q0;Remaining Q0;Remaining Q16663;10972
115147;396;396;4;Remaining Q0;Remaining Q0;Remaining Q0;Remaining Q16267;10972
116145;533;60;1;Remaining Q0;Remaining Q124;Remaining Q214;Remaining Q16684;11521
116148;740;124;2;Remaining Q0;Remaining Q0;Remaining Q214;Remaining Q16684;11521
116149;749;214;3;Remaining Q0;Remaining Q0;Remaining Q0;Remaining Q16684;11521
116151;602;602;4;Remaining Q0;Remaining Q0;Remaining Q0;Remaining Q16082;11521
117158;533;98;1;Remaining Q0;Remaining Q162;Remaining Q268;Remaining Q16911;11927
117161;702;162;2;Remaining Q0;Remaining Q0;Remaining Q268;Remaining Q16911;11927
117164;673;268;3;Remaining Q0;Remaining Q0;Remaining Q0;Remaining Q16911;11927
117166;472;472;4;Remaining Q0;Remaining Q0;Remaining Q0;Remaining Q16439;11927
118167;533;105;1;Remaining Q0;Remaining Q170;Remaining Q269;Remaining Q17197;12425
118170;695;170;2;Remaining Q0;Remaining Q0;Remaining Q269;Remaining Q17197;12425
118171;658;269;3;Remaining Q0;Remaining Q0;Remaining Q0;Remaining Q17197;12425
118173;456;456;4;Remaining Q0;Remaining Q0;Remaining Q0;Remaining Q16741;12425
119170;533;77;1;Remaining Q0;Remaining Q175;Remaining Q224;Remaining Q17516;12798
119172;723;175;2;Remaining Q0;Remaining Q0;Remaining Q224;Remaining Q17516;12798
119173;681;224;3;Remaining Q0;Remaining Q0;Remaining Q0;Remaining Q17516;12798
119175;524;524;4;Remaining Q0;Remaining Q0;Remaining Q0;Remaining Q16992;12798
120181;533;53;1;Remaining Q0;Remaining Q118;Remaining Q159;Remaining Q17662;12798
120182;747;118;2;Remaining Q0;Remaining Q0;Remaining Q159;Remaining Q17662;12798
120184;762;159;3;Remaining Q0;Remaining Q0;Remaining Q0;Remaining Q17662;12798
120185;670;670;4;Remaining Q0;Remaining Q0;Remaining Q0;Remaining Q16992;12798
121183;533;37;1;Remaining Q0;Remaining Q69;Remaining Q92;Remaining Q17407;12798
121185;763;69;2;Remaining Q0;Remaining Q0;Remaining Q92;Remaining Q17407;12798
121187;827;92;3;Remaining Q0;Remaining Q0;Remaining Q0;Remaining Q17407;12798
121189;802;802;4;Remaining Q0;Remaining Q0;Remaining Q0;Remaining Q16605;12798
122195;533;44;1;Remaining Q0;Remaining Q124;Remaining Q162;Remaining Q16973;13212
122196;756;124;2;Remaining Q0;Remaining Q0;Remaining Q162;Remaining Q16973;13212
122198;765;162;3;Remaining Q0;Remaining Q0;Remaining Q0;Remaining Q16973;13212
122199;670;670;4;Remaining Q0;Remaining Q0;Remaining Q0;Remaining Q16303;13212
123205;533;54;1;Remaining Q0;Remaining Q94;Remaining Q116;Remaining Q16979;13212
123206;746;94;2;Remaining Q0;Remaining Q0;Remaining Q116;Remaining Q16979;13212
123207;785;116;3;Remaining Q0;Remaining Q0;Remaining Q0;Remaining Q16979;13212
123209;736;736;4;Remaining Q0;Remaining Q0;Remaining Q0;Remaining Q16243;13212
124209;533;84;1;Remaining Q0;Remaining Q182;Remaining Q265;Remaining Q17428;13212
124210;716;182;2;Remaining Q0;Remaining Q0;Remaining Q265;Remaining Q17428;13212
124212;667;265;3;Remaining Q0;Remaining Q0;Remaining Q0;Remaining Q17428;13212
124213;469;469;4;Remaining Q0;Remaining Q0;Remaining Q0;Remaining Q16959;13212
125220;800;0;2;Remaining Q0;Remaining Q0;Remaining Q0;Remaining Q16917;13254
125218;533;0;1;Remaining Q0;Remaining Q0;Remaining Q0;Remaining Q16917;13254
125222;933;136;3;Remaining Q59;Remaining Q86;Remaining Q0;Remaining Q17636;13254
125224;864;864;4;Remaining Q59;Remaining Q86;Remaining Q0;Remaining Q16772;13254
126233;533;118;1;Remaining Q0;Remaining Q250;Remaining Q194;Remaining Q17150;13894
126238;682;250;2;Remaining Q0;Remaining Q0;Remaining Q194;Remaining Q17150;13894
126240;565;194;3;Remaining Q0;Remaining Q0;Remaining Q0;Remaining Q17150;13894
126242;438;438;4;Remaining Q0;Remaining Q0;Remaining Q0;Remaining Q16712;13894
127245;533;52;1;Remaining Q0;Remaining Q104;Remaining Q150;Remaining Q17406;13894
127248;748;189;2;Remaining Q39;Remaining Q0;Remaining Q291;Remaining Q17973;13894
127252;692;291;3;Remaining Q39;Remaining Q0;Remaining Q0;Remaining Q17973;13894
127256;468;468;4;Remaining Q39;Remaining Q0;Remaining Q0;Remaining Q17505;13894
128259;533;74;1;Remaining Q0;Remaining Q73;Remaining Q115;Remaining Q18047;13894
128260;726;73;2;Remaining Q0;Remaining Q0;Remaining Q115;Remaining Q18047;13894
128262;786;115;3;Remaining Q0;Remaining Q0;Remaining Q0;Remaining Q18047;13894
128263;738;738;4;Remaining Q0;Remaining Q0;Remaining Q0;Remaining Q17309;13894
129270;533;52;1;Remaining Q0;Remaining Q67;Remaining Q131;Remaining Q17942;13894
129272;748;167;2;Remaining Q47;Remaining Q0;Remaining Q281;Remaining Q18645;13894
129274;714;281;3;Remaining Q47;Remaining Q0;Remaining Q0;Remaining Q18645;13894
129276;500;500;4;Remaining Q47;Remaining Q0;Remaining Q0;Remaining Q18145;13894
130283;533;87;1;Remaining Q0;Remaining Q112;Remaining Q149;Remaining Q18636;14102
130284;713;112;2;Remaining Q0;Remaining Q0;Remaining Q149;Remaining Q18636;14102
130288;734;287;3;Remaining Q41;Remaining Q80;Remaining Q0;Remaining Q19261;14102
130289;514;514;4;Remaining Q41;Remaining Q80;Remaining Q0;Remaining Q18747;14102
131295;533;96;1;Remaining Q0;Remaining Q183;Remaining Q146;Remaining Q19399;14102
131297;704;183;2;Remaining Q0;Remaining Q0;Remaining Q146;Remaining Q19399;14102
131299;654;224;3;Remaining Q29;Remaining Q50;Remaining Q0;Remaining Q19765;14102
131301;497;497;4;Remaining Q29;Remaining Q50;Remaining Q0;Remaining Q19268;14102
132311;533;51;1;Remaining Q0;Remaining Q95;Remaining Q67;Remaining Q19304;14331
132312;749;95;2;Remaining Q0;Remaining Q0;Remaining Q67;Remaining Q19304;14331
132314;787;67;3;Remaining Q0;Remaining Q0;Remaining Q0;Remaining Q19304;14331
132316;787;787;4;Remaining Q0;Remaining Q0;Remaining Q0;Remaining Q18517;14331
133324;533;60;1;Remaining Q0;Remaining Q102;Remaining Q130;Remaining Q18876;14680
133327;740;203;2;Remaining Q43;Remaining Q0;Remaining Q289;Remaining Q19573;14680
133328;670;289;3;Remaining Q43;Remaining Q0;Remaining Q0;Remaining Q19573;14680
133330;448;448;4;Remaining Q43;Remaining Q0;Remaining Q0;Remaining Q19125;14680
134392;533;100;1;Remaining Q0;Remaining Q101;Remaining Q151;Remaining Q18211;16285
134393;700;101;2;Remaining Q0;Remaining Q0;Remaining Q151;Remaining Q18211;16285
134396;732;294;3;Remaining Q50;Remaining Q106;Remaining Q0;Remaining Q18895;16285
134397;505;505;4;Remaining Q50;Remaining Q106;Remaining Q0;Remaining Q18390;16285
135347;533;50;1;Remaining Q0;Remaining Q106;Remaining Q0;Remaining Q18215;16460
135349;750;106;2;Remaining Q0;Remaining Q0;Remaining Q0;Remaining Q18215;16460
135351;777;0;3;Remaining Q0;Remaining Q0;Remaining Q0;Remaining Q18215;16460
135353;844;844;4;Remaining Q0;Remaining Q0;Remaining Q0;Remaining Q17371;16460
136354;533;76;1;Remaining Q0;Remaining Q150;Remaining Q261;Remaining Q18035;16894
136356;724;150;2;Remaining Q0;Remaining Q0;Remaining Q261;Remaining Q18035;16894
136357;707;261;3;Remaining Q0;Remaining Q0;Remaining Q0;Remaining Q18035;16894
136359;513;513;4;Remaining Q0;Remaining Q0;Remaining Q0;Remaining Q17522;16894
137361;533;84;1;Remaining Q0;Remaining Q212;Remaining Q284;Remaining Q18913;16923
137363;716;212;2;Remaining Q0;Remaining Q0;Remaining Q284;Remaining Q18913;16923
137364;637;284;3;Remaining Q0;Remaining Q0;Remaining Q0;Remaining Q18913;16923
137366;420;420;4;Remaining Q0;Remaining Q0;Remaining Q0;Remaining Q18493;16923
138402;533;76;1;Remaining Q0;Remaining Q178;Remaining Q269;Remaining Q18408;18191
138404;724;178;2;Remaining Q0;Remaining Q0;Remaining Q269;Remaining Q18408;18191
138405;679;269;3;Remaining Q0;Remaining Q0;Remaining Q0;Remaining Q18408;18191
138408;477;477;4;Remaining Q0;Remaining Q0;Remaining Q0;Remaining Q17931;18191
139374;533;52;1;Remaining Q0;Remaining Q80;Remaining Q142;Remaining Q18365;18430
139376;748;80;2;Remaining Q0;Remaining Q0;Remaining Q142;Remaining Q18365;18430
139378;801;142;3;Remaining Q0;Remaining Q0;Remaining Q0;Remaining Q18365;18430
139380;726;726;4;Remaining Q0;Remaining Q0;Remaining Q0;Remaining Q17639;18430
140388;533;69;1;Remaining Q0;Remaining Q144;Remaining Q197;Remaining Q18543;18430
140389;731;144;2;Remaining Q0;Remaining Q0;Remaining Q197;Remaining Q18543;18430
140391;720;197;3;Remaining Q0;Remaining Q0;Remaining Q0;Remaining Q18543;18430
140393;590;590;4;Remaining Q0;Remaining Q0;Remaining Q0;Remaining Q17953;18430
141389;533;56;1;Remaining Q0;Remaining Q119;Remaining Q191;Remaining Q18667;18709
141391;744;119;2;Remaining Q0;Remaining Q0;Remaining Q191;Remaining Q18667;18709
141393;758;191;3;Remaining Q0;Remaining Q0;Remaining Q0;Remaining Q18667;18709
141394;634;634;4;Remaining Q0;Remaining Q0;Remaining Q0;Remaining Q18033;18709
142390;533;47;1;Remaining Q0;Remaining Q93;Remaining Q133;Remaining Q18721;18709
142391;753;93;2;Remaining Q0;Remaining Q0;Remaining Q133;Remaining Q18721;18709
142392;793;133;3;Remaining Q0;Remaining Q0;Remaining Q0;Remaining Q18721;18709
142394;727;727;4;Remaining Q0;Remaining Q0;Remaining Q0;Remaining Q17994;18709
143404;533;46;1;Remaining Q0;Remaining Q82;Remaining Q125;Remaining Q18479;18833
143405;754;82;2;Remaining Q0;Remaining Q0;Remaining Q125;Remaining Q18479;18833
143407;805;125;3;Remaining Q0;Remaining Q0;Remaining Q0;Remaining Q18479;18833
143408;747;747;4;Remaining Q0;Remaining Q0;Remaining Q0;Remaining Q17732;18833
144404;533;17;1;Remaining Q0;Remaining Q69;Remaining Q70;Remaining Q18103;18833
144406;783;69;2;Remaining Q0;Remaining Q0;Remaining Q70;Remaining Q18103;18833
144407;847;70;3;Remaining Q0;Remaining Q0;Remaining Q0;Remaining Q18103;18833
144408;844;844;4;Remaining Q0;Remaining Q0;Remaining Q0;Remaining Q17259;18833
145419;533;30;1;Remaining Q0;Remaining Q48;Remaining Q82;Remaining Q17556;18923
145421;770;48;2;Remaining Q0;Remaining Q0;Remaining Q82;Remaining Q17556;18923
145422;855;82;3;Remaining Q0;Remaining Q0;Remaining Q0;Remaining Q17556;18923
145424;840;840;4;Remaining Q0;Remaining Q0;Remaining Q0;Remaining Q16716;18923
146431;533;60;1;Remaining Q0;Remaining Q142;Remaining Q195;Remaining Q17317;19250
146432;740;142;2;Remaining Q0;Remaining Q0;Remaining Q195;Remaining Q17317;19250
146434;731;195;3;Remaining Q0;Remaining Q0;Remaining Q0;Remaining Q17317;19250
146436;603;603;4;Remaining Q0;Remaining Q0;Remaining Q0;Remaining Q16714;19250
147440;533;81;1;Remaining Q0;Remaining Q158;Remaining Q242;Remaining Q17597;19445
147442;719;158;2;Remaining Q0;Remaining Q0;Remaining Q242;Remaining Q17597;19445
147444;694;242;3;Remaining Q0;Remaining Q0;Remaining Q0;Remaining Q17597;19445
147446;519;519;4;Remaining Q0;Remaining Q0;Remaining Q0;Remaining Q17078;19445
148441;533;63;1;Remaining Q0;Remaining Q144;Remaining Q196;Remaining Q17932;19468
148444;737;144;2;Remaining Q0;Remaining Q0;Remaining Q196;Remaining Q17932;19468
148445;726;196;3;Remaining Q0;Remaining Q0;Remaining Q0;Remaining Q17932;19468
148448;597;597;4;Remaining Q0;Remaining Q0;Remaining Q0;Remaining Q17335;19468
149503;533;57;1;Remaining Q0;Remaining Q122;Remaining Q168;Remaining Q17028;20708
149505;743;122;2;Remaining Q0;Remaining Q0;Remaining Q168;Remaining Q17028;20708
149507;754;168;3;Remaining Q0;Remaining Q0;Remaining Q0;Remaining Q17028;20708
149509;653;653;4;Remaining Q0;Remaining Q0;Remaining Q0;Remaining Q16375;20708
150500;533;48;1;Remaining Q0;Remaining Q84;Remaining Q134;Remaining Q16194;21530
150502;752;84;2;Remaining Q0;Remaining Q0;Remaining Q134;Remaining Q16194;21530
150504;801;134;3;Remaining Q0;Remaining Q0;Remaining Q0;Remaining Q16194;21530
150506;734;734;4;Remaining Q0;Remaining Q0;Remaining Q0;Remaining Q15460;21530
151466;533;94;1;Remaining Q0;Remaining Q197;Remaining Q251;Remaining Q16799;21530
151468;706;197;2;Remaining Q0;Remaining Q0;Remaining Q251;Remaining Q16799;21530
151471;642;251;3;Remaining Q0;Remaining Q0;Remaining Q0;Remaining Q16799;21530
151473;458;458;4;Remaining Q0;Remaining Q0;Remaining Q0;Remaining Q16341;21530
152477;533;61;1;Remaining Q0;Remaining Q104;Remaining Q174;Remaining Q17121;21530
152480;739;104;2;Remaining Q0;Remaining Q0;Remaining Q174;Remaining Q17121;21530
152483;768;174;3;Remaining Q0;Remaining Q0;Remaining Q0;Remaining Q17121;21530
152486;661;661;4;Remaining Q0;Remaining Q0;Remaining Q0;Remaining Q16460;21530
153519;533;66;1;Remaining Q0;Remaining Q110;Remaining Q216;Remaining Q16691;22187
153521;734;110;2;Remaining Q0;Remaining Q0;Remaining Q216;Remaining Q16691;22187
153523;757;216;3;Remaining Q0;Remaining Q0;Remaining Q0;Remaining Q16691;22187
153525;608;608;4;Remaining Q0;Remaining Q0;Remaining Q0;Remaining Q16083;22187
154504;533;37;1;Remaining Q0;Remaining Q71;Remaining Q100;Remaining Q16330;22480
154506;763;71;2;Remaining Q0;Remaining Q0;Remaining Q100;Remaining Q16330;22480
154508;825;100;3;Remaining Q0;Remaining Q0;Remaining Q0;Remaining Q16330;22480
154509;792;792;4;Remaining Q0;Remaining Q0;Remaining Q0;Remaining Q15538;22480
155503;533;43;1;Remaining Q0;Remaining Q89;Remaining Q122;Remaining Q16152;22480
155505;757;89;2;Remaining Q0;Remaining Q0;Remaining Q122;Remaining Q16152;22480
155507;801;122;3;Remaining Q0;Remaining Q0;Remaining Q0;Remaining Q16152;22480
155509;746;746;4;Remaining Q0;Remaining Q0;Remaining Q0;Remaining Q15406;22480
156569;533;49;1;Remaining Q0;Remaining Q93;Remaining Q128;Remaining Q14537;23967
156571;751;93;2;Remaining Q0;Remaining Q0;Remaining Q128;Remaining Q14537;23967
156572;791;128;3;Remaining Q0;Remaining Q0;Remaining Q0;Remaining Q14537;23967
156574;730;730;4;Remaining Q0;Remaining Q0;Remaining Q0;Remaining Q13807;23967
157516;533;86;1;Remaining Q0;Remaining Q183;Remaining Q235;Remaining Q15046;23967
157519;714;183;2;Remaining Q0;Remaining Q0;Remaining Q235;Remaining Q15046;23967
157522;664;235;3;Remaining Q0;Remaining Q0;Remaining Q0;Remaining Q15046;23967
157524;496;496;4;Remaining Q0;Remaining Q0;Remaining Q0;Remaining Q14550;23967
158531;533;38;1;Remaining Q0;Remaining Q62;Remaining Q90;Remaining Q14800;24090
158533;762;62;2;Remaining Q0;Remaining Q0;Remaining Q90;Remaining Q14800;24090
158537;833;90;3;Remaining Q0;Remaining Q0;Remaining Q0;Remaining Q14800;24090
158540;810;810;4;Remaining Q0;Remaining Q0;Remaining Q0;Remaining Q13990;24090
159527;533;61;1;Remaining Q0;Remaining Q111;Remaining Q136;Remaining Q14716;24090
159530;761;136;3;Remaining Q0;Remaining Q0;Remaining Q0;Remaining Q14716;24090
159528;739;111;2;Remaining Q0;Remaining Q0;Remaining Q136;Remaining Q14716;24090
159533;692;692;4;Remaining Q0;Remaining Q0;Remaining Q0;Remaining Q14024;24090
160541;533;57;1;Remaining Q0;Remaining Q127;Remaining Q179;Remaining Q14876;24090
160543;743;127;2;Remaining Q0;Remaining Q0;Remaining Q179;Remaining Q14876;24090
160546;749;179;3;Remaining Q0;Remaining Q0;Remaining Q0;Remaining Q14876;24090
160548;637;637;4;Remaining Q0;Remaining Q0;Remaining Q0;Remaining Q14239;24090
161559;533;104;1;Remaining Q0;Remaining Q191;Remaining Q301;Remaining Q15428;24305
161560;696;191;2;Remaining Q0;Remaining Q0;Remaining Q301;Remaining Q15428;24305
161562;638;301;3;Remaining Q0;Remaining Q0;Remaining Q0;Remaining Q15428;24305
161564;404;404;4;Remaining Q0;Remaining Q0;Remaining Q0;Remaining Q15024;24305
162569;533;65;1;Remaining Q0;Remaining Q155;Remaining Q194;Remaining Q15879;24413
162571;735;155;2;Remaining Q0;Remaining Q0;Remaining Q194;Remaining Q15879;24413
162572;713;194;3;Remaining Q0;Remaining Q0;Remaining Q0;Remaining Q15879;24413
162574;586;586;4;Remaining Q0;Remaining Q0;Remaining Q0;Remaining Q15293;24413
163573;533;51;1;Remaining Q0;Remaining Q105;Remaining Q145;Remaining Q15815;24526
163575;749;105;2;Remaining Q0;Remaining Q0;Remaining Q145;Remaining Q15815;24526
163578;777;145;3;Remaining Q0;Remaining Q0;Remaining Q0;Remaining Q15815;24526
163580;699;699;4;Remaining Q0;Remaining Q0;Remaining Q0;Remaining Q15116;24526
164571;533;79;1;Remaining Q0;Remaining Q182;Remaining Q249;Remaining Q16262;24526
164572;721;182;2;Remaining Q0;Remaining Q0;Remaining Q249;Remaining Q16262;24526
164573;672;249;3;Remaining Q0;Remaining Q0;Remaining Q0;Remaining Q16262;24526
164575;490;490;4;Remaining Q0;Remaining Q0;Remaining Q0;Remaining Q15772;24526
165579;533;83;1;Remaining Q0;Remaining Q155;Remaining Q219;Remaining Q16848;24526
165581;717;155;2;Remaining Q0;Remaining Q0;Remaining Q219;Remaining Q16848;24526
165582;695;219;3;Remaining Q0;Remaining Q0;Remaining Q0;Remaining Q16848;24526
165585;543;543;4;Remaining Q0;Remaining Q0;Remaining Q0;Remaining Q16305;24526
166592;533;88;1;Remaining Q0;Remaining Q150;Remaining Q256;Remaining Q17355;24546
166594;712;150;2;Remaining Q0;Remaining Q0;Remaining Q256;Remaining Q17355;24546
166595;695;256;3;Remaining Q0;Remaining Q0;Remaining Q0;Remaining Q17355;24546
166597;506;506;4;Remaining Q0;Remaining Q0;Remaining Q0;Remaining Q16849;24546
167591;533;20;1;Remaining Q0;Remaining Q38;Remaining Q51;Remaining Q17124;24546
167620;780;38;2;Remaining Q0;Remaining Q0;Remaining Q51;Remaining Q16481;25189
167623;875;51;3;Remaining Q0;Remaining Q0;Remaining Q0;Remaining Q16481;25189
167625;891;891;4;Remaining Q0;Remaining Q0;Remaining Q0;Remaining Q15590;25189
168609;533;73;1;Remaining Q0;Remaining Q131;Remaining Q203;Remaining Q16478;25251
168611;727;131;2;Remaining Q0;Remaining Q0;Remaining Q203;Remaining Q16478;25251
168613;729;203;3;Remaining Q0;Remaining Q0;Remaining Q0;Remaining Q16478;25251
168616;593;593;4;Remaining Q0;Remaining Q0;Remaining Q0;Remaining Q15885;25251
169638;533;74;1;Remaining Q0;Remaining Q167;Remaining Q251;Remaining Q16635;25648
169640;726;167;2;Remaining Q0;Remaining Q0;Remaining Q251;Remaining Q16635;25648
169643;692;251;3;Remaining Q0;Remaining Q0;Remaining Q0;Remaining Q16635;25648
169647;508;508;4;Remaining Q0;Remaining Q0;Remaining Q0;Remaining Q16127;25648
170636;533;68;1;Remaining Q0;Remaining Q130;Remaining Q198;Remaining Q16909;25770
170639;732;130;2;Remaining Q0;Remaining Q0;Remaining Q198;Remaining Q16909;25770
170642;735;198;3;Remaining Q0;Remaining Q0;Remaining Q0;Remaining Q16909;25770
170644;604;604;4;Remaining Q0;Remaining Q0;Remaining Q0;Remaining Q16305;25770
171659;533;18;1;Remaining Q0;Remaining Q43;Remaining Q49;Remaining Q16286;26114
171660;782;43;2;Remaining Q0;Remaining Q0;Remaining Q49;Remaining Q16286;26114
171662;872;49;3;Remaining Q0;Remaining Q0;Remaining Q0;Remaining Q16286;26114
171663;890;890;4;Remaining Q0;Remaining Q0;Remaining Q0;Remaining Q15396;26114
172662;533;72;1;Remaining Q0;Remaining Q122;Remaining Q211;Remaining Q16084;26294
172664;728;122;2;Remaining Q0;Remaining Q0;Remaining Q211;Remaining Q16084;26294
172665;739;211;3;Remaining Q0;Remaining Q0;Remaining Q0;Remaining Q16084;26294
172667;595;595;4;Remaining Q0;Remaining Q0;Remaining Q0;Remaining Q15489;26294
173663;533;77;1;Remaining Q0;Remaining Q147;Remaining Q234;Remaining Q16546;26362
173666;723;147;2;Remaining Q0;Remaining Q0;Remaining Q234;Remaining Q16546;26362
173668;709;234;3;Remaining Q0;Remaining Q0;Remaining Q0;Remaining Q16546;26362
173671;542;542;4;Remaining Q0;Remaining Q0;Remaining Q0;Remaining Q16004;26362
174674;533;73;1;Remaining Q0;Remaining Q94;Remaining Q157;Remaining Q16680;26362
174675;727;94;2;Remaining Q0;Remaining Q0;Remaining Q157;Remaining Q16680;26362
174677;766;157;3;Remaining Q0;Remaining Q0;Remaining Q0;Remaining Q16680;26362
174679;676;676;4;Remaining Q0;Remaining Q0;Remaining Q0;Remaining Q16004;26362
175688;533;74;1;Remaining Q0;Remaining Q158;Remaining Q210;Remaining Q17057;26362
175690;726;158;2;Remaining Q0;Remaining Q0;Remaining Q210;Remaining Q17057;26362
175691;701;210;3;Remaining Q0;Remaining Q0;Remaining Q0;Remaining Q17057;26362
175693;558;558;4;Remaining Q0;Remaining Q0;Remaining Q0;Remaining Q16499;26362
176711;533;48;1;Remaining Q0;Remaining Q104;Remaining Q135;Remaining Q16933;26576
176713;752;104;2;Remaining Q0;Remaining Q0;Remaining Q135;Remaining Q16933;26576
176716;781;135;3;Remaining Q0;Remaining Q0;Remaining Q0;Remaining Q16933;26576
176718;713;713;4;Remaining Q0;Remaining Q0;Remaining Q0;Remaining Q16220;26576
177721;533;63;1;Remaining Q0;Remaining Q119;Remaining Q194;Remaining Q16950;26700
177724;737;119;2;Remaining Q0;Remaining Q0;Remaining Q194;Remaining Q16950;26700
177725;751;194;3;Remaining Q0;Remaining Q0;Remaining Q0;Remaining Q16950;26700
177727;624;624;4;Remaining Q0;Remaining Q0;Remaining Q0;Remaining Q16326;26700
178729;533;22;1;Remaining Q0;Remaining Q30;Remaining Q62;Remaining Q16559;26700
178732;778;30;2;Remaining Q0;Remaining Q0;Remaining Q62;Remaining Q16559;26700
178734;881;62;3;Remaining Q0;Remaining Q0;Remaining Q0;Remaining Q16559;26700
178736;886;886;4;Remaining Q0;Remaining Q0;Remaining Q0;Remaining Q15673;26700
179745;533;43;1;Remaining Q0;Remaining Q79;Remaining Q89;Remaining Q16176;26700
179748;757;79;2;Remaining Q0;Remaining Q0;Remaining Q89;Remaining Q16176;26700
179750;811;89;3;Remaining Q0;Remaining Q0;Remaining Q0;Remaining Q16176;26700
179757;789;789;4;Remaining Q0;Remaining Q0;Remaining Q0;Remaining Q15387;26700
180758;533;42;1;Remaining Q0;Remaining Q81;Remaining Q133;Remaining Q15632;27097
180760;758;81;2;Remaining Q0;Remaining Q0;Remaining Q133;Remaining Q15632;27097
180762;810;133;3;Remaining Q0;Remaining Q0;Remaining Q0;Remaining Q15632;27097
180764;744;744;4;Remaining Q0;Remaining Q0;Remaining Q0;Remaining Q14888;27097
181764;533;34;1;Remaining Q0;Remaining Q55;Remaining Q102;Remaining Q14857;27612
181766;766;55;2;Remaining Q0;Remaining Q0;Remaining Q102;Remaining Q14857;27612
181768;844;102;3;Remaining Q0;Remaining Q0;Remaining Q0;Remaining Q14857;27612
181770;809;809;4;Remaining Q0;Remaining Q0;Remaining Q0;Remaining Q14048;27612
182771;533;64;1;Remaining Q0;Remaining Q121;Remaining Q187;Remaining Q14879;27612
182772;736;121;2;Remaining Q0;Remaining Q0;Remaining Q187;Remaining Q14879;27612
182774;748;187;3;Remaining Q0;Remaining Q0;Remaining Q0;Remaining Q14879;27612
182776;628;628;4;Remaining Q0;Remaining Q0;Remaining Q0;Remaining Q14251;27612
183773;533;109;1;Remaining Q0;Remaining Q196;Remaining Q321;Remaining Q15625;27612
183774;691;196;2;Remaining Q0;Remaining Q0;Remaining Q321;Remaining Q15625;27612
183775;628;321;3;Remaining Q0;Remaining Q0;Remaining Q0;Remaining Q15625;27612
183777;374;374;4;Remaining Q0;Remaining Q0;Remaining Q0;Remaining Q15251;27612
184810;533;46;1;Remaining Q0;Remaining Q90;Remaining Q157;Remaining Q14920;28650
184814;754;175;2;Remaining Q46;Remaining Q0;Remaining Q315;Remaining Q15490;28650
184816;712;315;3;Remaining Q46;Remaining Q0;Remaining Q0;Remaining Q15490;28650
184818;464;464;4;Remaining Q46;Remaining Q0;Remaining Q0;Remaining Q15026;28650
185793;533;86;1;Remaining Q0;Remaining Q106;Remaining Q142;Remaining Q15351;28946
185795;714;106;2;Remaining Q0;Remaining Q0;Remaining Q142;Remaining Q15351;28946
185796;741;142;3;Remaining Q0;Remaining Q0;Remaining Q0;Remaining Q15351;28946
185797;666;666;4;Remaining Q0;Remaining Q0;Remaining Q0;Remaining Q14685;28946
186806;533;88;1;Remaining Q0;Remaining Q185;Remaining Q243;Remaining Q15854;28946
186808;712;185;2;Remaining Q0;Remaining Q0;Remaining Q243;Remaining Q15854;28946
186809;660;243;3;Remaining Q0;Remaining Q0;Remaining Q0;Remaining Q15854;28946
186810;484;484;4;Remaining Q0;Remaining Q0;Remaining Q0;Remaining Q15370;28946
187810;533;92;1;Remaining Q0;Remaining Q215;Remaining Q276;Remaining Q16787;28946
187812;708;215;2;Remaining Q0;Remaining Q0;Remaining Q276;Remaining Q16787;28946
187814;626;276;3;Remaining Q0;Remaining Q0;Remaining Q0;Remaining Q16787;28946
187815;417;417;4;Remaining Q0;Remaining Q0;Remaining Q0;Remaining Q16370;28946
188831;533;111;1;Remaining Q0;Remaining Q184;Remaining Q296;Remaining Q17075;29650
188834;689;184;2;Remaining Q0;Remaining Q0;Remaining Q296;Remaining Q17075;29650
188836;638;296;3;Remaining Q0;Remaining Q0;Remaining Q0;Remaining Q17075;29650
188838;409;409;4;Remaining Q0;Remaining Q0;Remaining Q0;Remaining Q16666;29650
189839;533;22;1;Remaining Q0;Remaining Q31;Remaining Q53;Remaining Q16487;30104
189841;778;31;2;Remaining Q0;Remaining Q0;Remaining Q53;Remaining Q16487;30104
189843;880;53;3;Remaining Q0;Remaining Q0;Remaining Q0;Remaining Q16487;30104
189845;894;894;4;Remaining Q0;Remaining Q0;Remaining Q0;Remaining Q15593;30104
190854;533;86;1;Remaining Q0;Remaining Q136;Remaining Q226;Remaining Q16663;30104
190855;714;136;2;Remaining Q0;Remaining Q0;Remaining Q226;Remaining Q16663;30104
190857;711;226;3;Remaining Q0;Remaining Q0;Remaining Q0;Remaining Q16663;30104
190858;552;552;4;Remaining Q0;Remaining Q0;Remaining Q0;Remaining Q16111;30104
191860;533;34;1;Remaining Q0;Remaining Q58;Remaining Q85;Remaining Q16576;30104
191861;766;58;2;Remaining Q0;Remaining Q0;Remaining Q85;Remaining Q16576;30104
191862;841;85;3;Remaining Q0;Remaining Q0;Remaining Q0;Remaining Q16576;30104
191864;823;823;4;Remaining Q0;Remaining Q0;Remaining Q0;Remaining Q15753;30104
192875;533;24;1;Remaining Q0;Remaining Q85;Remaining Q100;Remaining Q16107;30252
192877;776;85;2;Remaining Q0;Remaining Q0;Remaining Q100;Remaining Q16107;30252
192879;824;100;3;Remaining Q0;Remaining Q0;Remaining Q0;Remaining Q16107;30252
192881;791;791;4;Remaining Q0;Remaining Q0;Remaining Q0;Remaining Q15316;30252
193886;533;67;1;Remaining Q0;Remaining Q121;Remaining Q173;Remaining Q16138;30252
193888;733;121;2;Remaining Q0;Remaining Q0;Remaining Q173;Remaining Q16138;30252
193890;745;173;3;Remaining Q0;Remaining Q0;Remaining Q0;Remaining Q16138;30252
193891;639;639;4;Remaining Q0;Remaining Q0;Remaining Q0;Remaining Q15499;30252
194897;533;44;1;Remaining Q0;Remaining Q130;Remaining Q216;Remaining Q16204;30462
194898;756;130;2;Remaining Q0;Remaining Q0;Remaining Q216;Remaining Q16204;30462
194900;759;216;3;Remaining Q0;Remaining Q0;Remaining Q0;Remaining Q16204;30462
194901;610;610;4;Remaining Q0;Remaining Q0;Remaining Q0;Remaining Q15594;30462
195908;533;20;1;Remaining Q0;Remaining Q55;Remaining Q81;Remaining Q15831;30545
195910;780;55;2;Remaining Q0;Remaining Q0;Remaining Q81;Remaining Q15831;30545
195911;858;81;3;Remaining Q0;Remaining Q0;Remaining Q0;Remaining Q15831;30545
195912;844;844;4;Remaining Q0;Remaining Q0;Remaining Q0;Remaining Q14987;30545
196921;533;24;1;Remaining Q0;Remaining Q46;Remaining Q91;Remaining Q15186;30708
196923;776;46;2;Remaining Q0;Remaining Q0;Remaining Q91;Remaining Q15186;30708
196924;863;91;3;Remaining Q0;Remaining Q0;Remaining Q0;Remaining Q15186;30708
196925;839;839;4;Remaining Q0;Remaining Q0;Remaining Q0;Remaining Q14347;30708
197932;533;24;1;Remaining Q0;Remaining Q35;Remaining Q53;Remaining Q14597;30708
197934;776;35;2;Remaining Q0;Remaining Q0;Remaining Q53;Remaining Q14597;30708
197936;874;53;3;Remaining Q0;Remaining Q0;Remaining Q0;Remaining Q14597;30708
197937;888;888;4;Remaining Q0;Remaining Q0;Remaining Q0;Remaining Q13709;30708
198941;533;62;1;Remaining Q0;Remaining Q123;Remaining Q143;Remaining Q14548;30708
198943;738;123;2;Remaining Q0;Remaining Q0;Remaining Q143;Remaining Q14548;30708
198945;748;143;3;Remaining Q0;Remaining Q0;Remaining Q0;Remaining Q14548;30708
198947;672;672;4;Remaining Q0;Remaining Q0;Remaining Q0;Remaining Q13876;30708
199956;533;40;1;Remaining Q0;Remaining Q71;Remaining Q107;Remaining Q14351;30708
199958;760;71;2;Remaining Q0;Remaining Q0;Remaining Q107;Remaining Q14351;30708
199959;822;107;3;Remaining Q0;Remaining Q0;Remaining Q0;Remaining Q14351;30708
199961;782;782;4;Remaining Q0;Remaining Q0;Remaining Q0;Remaining Q13569;30708
200971;533;37;1;Remaining Q0;Remaining Q81;Remaining Q103;Remaining Q14082;30708
200973;763;81;2;Remaining Q0;Remaining Q0;Remaining Q103;Remaining Q14082;30708
200975;815;103;3;Remaining Q0;Remaining Q0;Remaining Q0;Remaining Q14082;30708
200977;779;779;4;Remaining Q0;Remaining Q0;Remaining Q0;Remaining Q13303;30708
201981;533;77;1;Remaining Q0;Remaining Q165;Remaining Q197;Remaining Q14387;30708
201983;723;165;2;Remaining Q0;Remaining Q0;Remaining Q197;Remaining Q14387;30708
201984;691;197;3;Remaining Q0;Remaining Q0;Remaining Q0;Remaining Q14387;30708
201986;561;561;4;Remaining Q0;Remaining Q0;Remaining Q0;Remaining Q13826;30708
202990;533;46;1;Remaining Q0;Remaining Q87;Remaining Q127;Remaining Q14109;31036
202992;754;87;2;Remaining Q0;Remaining Q0;Remaining Q127;Remaining Q14109;31036
202994;800;127;3;Remaining Q0;Remaining Q0;Remaining Q0;Remaining Q14109;31036
202995;740;740;4;Remaining Q0;Remaining Q0;Remaining Q0;Remaining Q13369;31036
204004;533;63;1;Remaining Q0;Remaining Q140;Remaining Q203;Remaining Q14294;31036
204006;737;140;2;Remaining Q0;Remaining Q0;Remaining Q203;Remaining Q14294;31036
204007;730;203;3;Remaining Q0;Remaining Q0;Remaining Q0;Remaining Q14294;31036
204008;594;594;4;Remaining Q0;Remaining Q0;Remaining Q0;Remaining Q13700;31036
205014;533;26;1;Remaining Q0;Remaining Q52;Remaining Q65;Remaining Q13762;31313
205015;774;52;2;Remaining Q0;Remaining Q0;Remaining Q65;Remaining Q13762;31313
205016;855;65;3;Remaining Q0;Remaining Q0;Remaining Q0;Remaining Q13762;31313
205019;857;857;4;Remaining Q0;Remaining Q0;Remaining Q0;Remaining Q12905;31313
206026;533;39;1;Remaining Q0;Remaining Q84;Remaining Q124;Remaining Q13424;31313
206028;761;84;2;Remaining Q0;Remaining Q0;Remaining Q124;Remaining Q13424;31313
206030;810;124;3;Remaining Q0;Remaining Q0;Remaining Q0;Remaining Q13424;31313
206032;753;753;4;Remaining Q0;Remaining Q0;Remaining Q0;Remaining Q12671;31313
207027;533;106;1;Remaining Q0;Remaining Q187;Remaining Q288;Remaining Q12912;32475
207030;694;187;2;Remaining Q0;Remaining Q0;Remaining Q288;Remaining Q12912;32475
207031;640;288;3;Remaining Q0;Remaining Q0;Remaining Q0;Remaining Q12912;32475
207033;419;419;4;Remaining Q0;Remaining Q0;Remaining Q0;Remaining Q12493;32475
208040;533;39;1;Remaining Q0;Remaining Q110;Remaining Q132;Remaining Q12394;33293
208041;761;110;2;Remaining Q0;Remaining Q0;Remaining Q132;Remaining Q12394;33293
208043;784;132;3;Remaining Q0;Remaining Q0;Remaining Q0;Remaining Q12394;33293
208044;719;719;4;Remaining Q0;Remaining Q0;Remaining Q0;Remaining Q11675;33293
209056;533;61;1;Remaining Q0;Remaining Q131;Remaining Q212;Remaining Q12538;33293
209058;739;131;2;Remaining Q0;Remaining Q0;Remaining Q212;Remaining Q12538;33293
209061;741;212;3;Remaining Q0;Remaining Q0;Remaining Q0;Remaining Q12538;33293
209063;596;596;4;Remaining Q0;Remaining Q0;Remaining Q0;Remaining Q11942;33293
210066;533;95;1;Remaining Q0;Remaining Q224;Remaining Q293;Remaining Q13330;33293
210069;705;224;2;Remaining Q0;Remaining Q0;Remaining Q293;Remaining Q13330;33293
210070;614;293;3;Remaining Q0;Remaining Q0;Remaining Q0;Remaining Q13330;33293
210072;388;388;4;Remaining Q0;Remaining Q0;Remaining Q0;Remaining Q12942;33293
211080;533;72;1;Remaining Q0;Remaining Q155;Remaining Q237;Remaining Q14008;33293
211081;728;155;2;Remaining Q0;Remaining Q0;Remaining Q237;Remaining Q14008;33293
211083;706;237;3;Remaining Q0;Remaining Q0;Remaining Q0;Remaining Q14008;33293
211085;536;536;4;Remaining Q0;Remaining Q0;Remaining Q0;Remaining Q13472;33293
212082;533;94;1;Remaining Q0;Remaining Q179;Remaining Q275;Remaining Q14721;33352
212085;706;179;2;Remaining Q0;Remaining Q0;Remaining Q275;Remaining Q14721;33352
212087;660;275;3;Remaining Q0;Remaining Q0;Remaining Q0;Remaining Q14721;33352
212089;452;452;4;Remaining Q0;Remaining Q0;Remaining Q0;Remaining Q14269;33352
213094;533;49;1;Remaining Q0;Remaining Q119;Remaining Q135;Remaining Q14596;33722
213096;751;119;2;Remaining Q0;Remaining Q0;Remaining Q135;Remaining Q14596;33722
213098;765;135;3;Remaining Q0;Remaining Q0;Remaining Q0;Remaining Q14596;33722
213100;697;697;4;Remaining Q0;Remaining Q0;Remaining Q0;Remaining Q13899;33722
214108;533;44;1;Remaining Q0;Remaining Q122;Remaining Q191;Remaining Q14821;33722
214111;756;122;2;Remaining Q0;Remaining Q0;Remaining Q191;Remaining Q14821;33722
214113;767;191;3;Remaining Q0;Remaining Q0;Remaining Q0;Remaining Q14821;33722
214114;643;643;4;Remaining Q0;Remaining Q0;Remaining Q0;Remaining Q14178;33722
215122;533;54;1;Remaining Q0;Remaining Q96;Remaining Q133;Remaining Q14805;33722
215124;746;96;2;Remaining Q0;Remaining Q0;Remaining Q133;Remaining Q14805;33722
215126;783;133;3;Remaining Q0;Remaining Q0;Remaining Q0;Remaining Q14805;33722
215128;717;717;4;Remaining Q0;Remaining Q0;Remaining Q0;Remaining Q14088;33722
216134;533;23;1;Remaining Q0;Remaining Q62;Remaining Q80;Remaining Q14522;33722
216137;777;62;2;Remaining Q0;Remaining Q0;Remaining Q80;Remaining Q14522;33722
216139;848;80;3;Remaining Q0;Remaining Q0;Remaining Q0;Remaining Q14522;33722
216140;835;835;4;Remaining Q0;Remaining Q0;Remaining Q0;Remaining Q13687;33722
217144;533;39;1;Remaining Q0;Remaining Q82;Remaining Q126;Remaining Q14329;33722
217146;761;82;2;Remaining Q0;Remaining Q0;Remaining Q126;Remaining Q14329;33722
217148;812;126;3;Remaining Q0;Remaining Q0;Remaining Q0;Remaining Q14329;33722
217150;753;753;4;Remaining Q0;Remaining Q0;Remaining Q0;Remaining Q13576;33722
218160;533;24;1;Remaining Q0;Remaining Q52;Remaining Q82;Remaining Q13953;33722
218162;776;52;2;Remaining Q0;Remaining Q0;Remaining Q82;Remaining Q13953;33722
218163;857;82;3;Remaining Q0;Remaining Q0;Remaining Q0;Remaining Q13953;33722
218165;842;842;4;Remaining Q0;Remaining Q0;Remaining Q0;Remaining Q13111;33722
219172;533;55;1;Remaining Q0;Remaining Q128;Remaining Q177;Remaining Q13907;33722
219175;745;128;2;Remaining Q0;Remaining Q0;Remaining Q177;Remaining Q13907;33722
219176;750;177;3;Remaining Q0;Remaining Q0;Remaining Q0;Remaining Q13907;33722
219178;640;640;4;Remaining Q0;Remaining Q0;Remaining Q0;Remaining Q13267;33722
220187;533;63;1;Remaining Q0;Remaining Q155;Remaining Q170;Remaining Q14208;33722
220190;737;155;2;Remaining Q0;Remaining Q0;Remaining Q170;Remaining Q14208;33722
220192;715;170;3;Remaining Q0;Remaining Q0;Remaining Q0;Remaining Q14208;33722
220193;612;612;4;Remaining Q0;Remaining Q0;Remaining Q0;Remaining Q13596;33722
221200;533;66;1;Remaining Q0;Remaining Q158;Remaining Q263;Remaining Q14689;33722
221203;734;158;2;Remaining Q0;Remaining Q0;Remaining Q263;Remaining Q14689;33722
221204;709;263;3;Remaining Q0;Remaining Q0;Remaining Q0;Remaining Q14689;33722
221206;513;513;4;Remaining Q0;Remaining Q0;Remaining Q0;Remaining Q14176;33722
222200;533;100;1;Remaining Q0;Remaining Q175;Remaining Q296;Remaining Q15605;33722
222202;700;175;2;Remaining Q0;Remaining Q0;Remaining Q296;Remaining Q15605;33722
222203;658;296;3;Remaining Q0;Remaining Q0;Remaining Q0;Remaining Q15605;33722
222205;429;429;4;Remaining Q0;Remaining Q0;Remaining Q0;Remaining Q15176;33722
223203;533;81;1;Remaining Q0;Remaining Q156;Remaining Q301;Remaining Q16357;33722
223206;719;156;2;Remaining Q0;Remaining Q0;Remaining Q301;Remaining Q16357;33722
223207;696;301;3;Remaining Q0;Remaining Q0;Remaining Q0;Remaining Q16357;33722
223210;462;462;4;Remaining Q0;Remaining Q0;Remaining Q0;Remaining Q15895;33722
224202;533;62;1;Remaining Q0;Remaining Q85;Remaining Q129;Remaining Q16453;33722
224204;738;85;2;Remaining Q0;Remaining Q0;Remaining Q129;Remaining Q16453;33722
224206;786;129;3;Remaining Q0;Remaining Q0;Remaining Q0;Remaining Q16453;33722
224208;724;724;4;Remaining Q0;Remaining Q0;Remaining Q0;Remaining Q15729;33722
225217;533;38;1;Remaining Q0;Remaining Q83;Remaining Q123;Remaining Q16302;33722
225219;762;83;2;Remaining Q0;Remaining Q0;Remaining Q123;Remaining Q16302;33722
225222;812;123;3;Remaining Q0;Remaining Q0;Remaining Q0;Remaining Q16302;33722
225224;756;756;4;Remaining Q0;Remaining Q0;Remaining Q0;Remaining Q15546;33722
226231;533;50;1;Remaining Q0;Remaining Q109;Remaining Q135;Remaining Q16252;33722
226234;750;109;2;Remaining Q0;Remaining Q0;Remaining Q135;Remaining Q16252;33722
226235;774;135;3;Remaining Q0;Remaining Q0;Remaining Q0;Remaining Q16252;33722
226236;706;706;4;Remaining Q0;Remaining Q0;Remaining Q0;Remaining Q15546;33722
227240;533;35;1;Remaining Q0;Remaining Q99;Remaining Q104;Remaining Q16113;33722
227243;765;99;2;Remaining Q0;Remaining Q0;Remaining Q104;Remaining Q16113;33722
227245;799;104;3;Remaining Q0;Remaining Q0;Remaining Q0;Remaining Q16113;33722
227247;762;762;4;Remaining Q0;Remaining Q0;Remaining Q0;Remaining Q15351;33722
228241;533;50;1;Remaining Q0;Remaining Q105;Remaining Q214;Remaining Q16227;33722
228243;750;105;2;Remaining Q0;Remaining Q0;Remaining Q214;Remaining Q16227;33722
228245;778;214;3;Remaining Q0;Remaining Q0;Remaining Q0;Remaining Q16227;33722
228247;631;631;4;Remaining Q0;Remaining Q0;Remaining Q0;Remaining Q15596;33722
229253;533;79;1;Remaining Q0;Remaining Q159;Remaining Q288;Remaining Q16719;33883
229255;721;159;2;Remaining Q0;Remaining Q0;Remaining Q288;Remaining Q16719;33883
229257;695;288;3;Remaining Q0;Remaining Q0;Remaining Q0;Remaining Q16719;33883
229259;474;474;4;Remaining Q0;Remaining Q0;Remaining Q0;Remaining Q16245;33883
230266;533;63;1;Remaining Q0;Remaining Q130;Remaining Q170;Remaining Q15811;35117
230269;737;130;2;Remaining Q0;Remaining Q0;Remaining Q170;Remaining Q15811;35117
230270;740;170;3;Remaining Q0;Remaining Q0;Remaining Q0;Remaining Q15811;35117
230272;637;637;4;Remaining Q0;Remaining Q0;Remaining Q0;Remaining Q15174;35117
231279;533;46;1;Remaining Q0;Remaining Q88;Remaining Q154;Remaining Q15547;35456
231282;754;113;2;Remaining Q19;Remaining Q0;Remaining Q204;Remaining Q15784;35456
231284;774;204;3;Remaining Q19;Remaining Q0;Remaining Q0;Remaining Q15784;35456
231286;637;637;4;Remaining Q19;Remaining Q0;Remaining Q0;Remaining Q15147;35456
232291;533;67;1;Remaining Q0;Remaining Q66;Remaining Q119;Remaining Q15680;35456
232293;733;66;2;Remaining Q0;Remaining Q0;Remaining Q119;Remaining Q15680;35456
232297;800;217;3;Remaining Q31;Remaining Q74;Remaining Q0;Remaining Q16109;35456
232298;650;650;4;Remaining Q31;Remaining Q74;Remaining Q0;Remaining Q15459;35456
233303;533;60;1;Remaining Q0;Remaining Q142;Remaining Q108;Remaining Q15768;35676
233305;740;142;2;Remaining Q0;Remaining Q0;Remaining Q108;Remaining Q15768;35676
233308;731;191;3;Remaining Q24;Remaining Q47;Remaining Q0;Remaining Q16108;35676
233310;607;607;4;Remaining Q24;Remaining Q47;Remaining Q0;Remaining Q15501;35676
234317;533;43;1;Remaining Q0;Remaining Q90;Remaining Q46;Remaining Q15677;35747
234319;757;90;2;Remaining Q0;Remaining Q0;Remaining Q46;Remaining Q15677;35747
234323;800;176;3;Remaining Q46;Remaining Q99;Remaining Q0;Remaining Q16402;35747
234325;691;691;4;Remaining Q46;Remaining Q99;Remaining Q0;Remaining Q15711;35747
235330;533;98;1;Remaining Q0;Remaining Q194;Remaining Q145;Remaining Q16419;35747
235332;702;194;2;Remaining Q0;Remaining Q0;Remaining Q145;Remaining Q16419;35747
235335;641;301;3;Remaining Q49;Remaining Q116;Remaining Q0;Remaining Q17098;35747
235337;407;407;4;Remaining Q49;Remaining Q116;Remaining Q0;Remaining Q16691;35747
236342;533;97;1;Remaining Q0;Remaining Q220;Remaining Q153;Remaining Q17386;35747
236345;703;220;2;Remaining Q0;Remaining Q0;Remaining Q153;Remaining Q17386;35747
236348;616;168;3;Remaining Q4;Remaining Q4;Remaining Q0;Remaining Q17446;35747
236350;515;515;4;Remaining Q4;Remaining Q4;Remaining Q0;Remaining Q16931;35747
237355;533;36;1;Remaining Q0;Remaining Q61;Remaining Q76;Remaining Q17333;35747
237359;764;166;2;Remaining Q52;Remaining Q0;Remaining Q225;Remaining Q18027;35747
237361;731;225;3;Remaining Q52;Remaining Q0;Remaining Q0;Remaining Q18027;35747
237362;573;573;4;Remaining Q52;Remaining Q0;Remaining Q0;Remaining Q17454;35747
238365;533;81;1;Remaining Q0;Remaining Q57;Remaining Q88;Remaining Q17839;35771
238368;719;57;2;Remaining Q0;Remaining Q0;Remaining Q88;Remaining Q17839;35771
238370;795;88;3;Remaining Q0;Remaining Q0;Remaining Q0;Remaining Q17839;35771
238371;774;774;4;Remaining Q0;Remaining Q0;Remaining Q0;Remaining Q17065;35771
239377;533;26;1;Remaining Q0;Remaining Q49;Remaining Q65;Remaining Q17393;35771
239381;858;65;3;Remaining Q0;Remaining Q0;Remaining Q0;Remaining Q17393;35771
239380;774;49;2;Remaining Q0;Remaining Q0;Remaining Q65;Remaining Q17393;35771
239383;860;860;4;Remaining Q0;Remaining Q0;Remaining Q0;Remaining Q16533;35771
240389;533;39;1;Remaining Q0;Remaining Q58;Remaining Q134;Remaining Q16961;35911
240392;761;58;2;Remaining Q0;Remaining Q0;Remaining Q134;Remaining Q16961;35911
240395;836;188;3;Remaining Q18;Remaining Q40;Remaining Q0;Remaining Q17223;35911
240398;715;715;4;Remaining Q18;Remaining Q40;Remaining Q0;Remaining Q16508;35911
241401;533;34;1;Remaining Q0;Remaining Q82;Remaining Q41;Remaining Q15571;37086
241403;766;82;2;Remaining Q0;Remaining Q0;Remaining Q41;Remaining Q15571;37086
241405;817;41;3;Remaining Q0;Remaining Q0;Remaining Q0;Remaining Q15571;37086
241406;843;843;4;Remaining Q0;Remaining Q0;Remaining Q0;Remaining Q14728;37086
242412;533;17;1;Remaining Q0;Remaining Q39;Remaining Q53;Remaining Q14719;37357
242414;783;39;2;Remaining Q0;Remaining Q0;Remaining Q53;Remaining Q14719;37357
242417;877;192;3;Remaining Q47;Remaining Q112;Remaining Q0;Remaining Q15421;37357
242419;752;752;4;Remaining Q47;Remaining Q112;Remaining Q0;Remaining Q14669;37357
243425;533;92;1;Remaining Q0;Remaining Q217;Remaining Q148;Remaining Q15371;37357
243429;708;307;2;Remaining Q55;Remaining Q0;Remaining Q284;Remaining Q15996;37357
243431;534;284;3;Remaining Q55;Remaining Q0;Remaining Q0;Remaining Q15996;37357
243433;317;317;4;Remaining Q55;Remaining Q0;Remaining Q0;Remaining Q15679;37357
244439;533;100;1;Remaining Q0;Remaining Q99;Remaining Q152;Remaining Q16383;37357
244443;700;216;2;Remaining Q53;Remaining Q0;Remaining Q298;Remaining Q17067;37357
244445;617;298;3;Remaining Q53;Remaining Q0;Remaining Q0;Remaining Q17067;37357
244447;386;386;4;Remaining Q53;Remaining Q0;Remaining Q0;Remaining Q16681;37357
245451;533;93;1;Remaining Q0;Remaining Q100;Remaining Q139;Remaining Q17402;37357
245455;707;100;2;Remaining Q0;Remaining Q0;Remaining Q139;Remaining Q17402;37357
245458;740;188;3;Remaining Q26;Remaining Q52;Remaining Q0;Remaining Q17682;37357
245459;619;619;4;Remaining Q26;Remaining Q52;Remaining Q0;Remaining Q17063;37357
246464;533;76;1;Remaining Q0;Remaining Q146;Remaining Q138;Remaining Q17475;37558
246466;724;146;2;Remaining Q0;Remaining Q0;Remaining Q138;Remaining Q17475;37558
246470;711;230;3;Remaining Q26;Remaining Q57;Remaining Q0;Remaining Q17877;37558
246472;548;548;4;Remaining Q26;Remaining Q57;Remaining Q0;Remaining Q17329;37558
247475;533;61;1;Remaining Q0;Remaining Q131;Remaining Q119;Remaining Q17703;37757
247477;739;131;2;Remaining Q0;Remaining Q0;Remaining Q119;Remaining Q17703;37757
247481;741;265;3;Remaining Q55;Remaining Q108;Remaining Q0;Remaining Q18394;37757
247482;543;543;4;Remaining Q55;Remaining Q108;Remaining Q0;Remaining Q17851;37757
248475;533;91;1;Remaining Q0;Remaining Q210;Remaining Q163;Remaining Q17964;38343
248477;709;210;2;Remaining Q0;Remaining Q0;Remaining Q163;Remaining Q17964;38343
248478;632;163;3;Remaining Q0;Remaining Q0;Remaining Q0;Remaining Q17964;38343
248479;536;536;4;Remaining Q0;Remaining Q0;Remaining Q0;Remaining Q17428;38343
249487;533;81;1;Remaining Q0;Remaining Q207;Remaining Q298;Remaining Q17867;39318
249489;719;207;2;Remaining Q0;Remaining Q0;Remaining Q298;Remaining Q17867;39318
249490;645;298;3;Remaining Q0;Remaining Q0;Remaining Q0;Remaining Q17867;39318
249492;414;414;4;Remaining Q0;Remaining Q0;Remaining Q0;Remaining Q17453;39318
250503;533;103;1;Remaining Q0;Remaining Q187;Remaining Q280;Remaining Q18883;39318
250506;697;187;2;Remaining Q0;Remaining Q0;Remaining Q280;Remaining Q18883;39318
250508;643;280;3;Remaining Q0;Remaining Q0;Remaining Q0;Remaining Q18883;39318
250511;430;430;4;Remaining Q0;Remaining Q0;Remaining Q0;Remaining Q18453;39318
251514;533;95;1;Remaining Q0;Remaining Q202;Remaining Q288;Remaining Q19054;39956
251517;705;202;2;Remaining Q0;Remaining Q0;Remaining Q288;Remaining Q19054;39956
251520;636;288;3;Remaining Q0;Remaining Q0;Remaining Q0;Remaining Q19054;39956
251522;415;415;4;Remaining Q0;Remaining Q0;Remaining Q0;Remaining Q18639;39956
252524;533;37;1;Remaining Q0;Remaining Q75;Remaining Q119;Remaining Q18663;40499
252527;763;75;2;Remaining Q0;Remaining Q0;Remaining Q119;Remaining Q18663;40499
252529;821;119;3;Remaining Q0;Remaining Q0;Remaining Q0;Remaining Q18663;40499
252530;769;769;4;Remaining Q0;Remaining Q0;Remaining Q0;Remaining Q17894;40499
253535;533;40;1;Remaining Q0;Remaining Q97;Remaining Q154;Remaining Q18539;40499
253538;760;97;2;Remaining Q0;Remaining Q0;Remaining Q154;Remaining Q18539;40499
253540;796;154;3;Remaining Q0;Remaining Q0;Remaining Q0;Remaining Q18539;40499
253542;709;709;4;Remaining Q0;Remaining Q0;Remaining Q0;Remaining Q17830;40499
254547;533;30;1;Remaining Q0;Remaining Q62;Remaining Q97;Remaining Q17813;40989
254549;770;62;2;Remaining Q0;Remaining Q0;Remaining Q97;Remaining Q17813;40989
254550;841;97;3;Remaining Q0;Remaining Q0;Remaining Q0;Remaining Q17813;40989
254552;811;811;4;Remaining Q0;Remaining Q0;Remaining Q0;Remaining Q17002;40989
255556;533;111;1;Remaining Q0;Remaining Q184;Remaining Q303;Remaining Q18331;40991
255558;689;184;2;Remaining Q0;Remaining Q0;Remaining Q303;Remaining Q18331;40991
255559;638;303;3;Remaining Q0;Remaining Q0;Remaining Q0;Remaining Q18331;40991
255561;402;402;4;Remaining Q0;Remaining Q0;Remaining Q0;Remaining Q17929;40991
256568;533;50;1;Remaining Q0;Remaining Q137;Remaining Q192;Remaining Q18179;41664
256570;750;137;2;Remaining Q0;Remaining Q0;Remaining Q192;Remaining Q18179;41664
256572;746;192;3;Remaining Q0;Remaining Q0;Remaining Q0;Remaining Q18179;41664
256574;621;621;4;Remaining Q0;Remaining Q0;Remaining Q0;Remaining Q17558;41664
257584;533;41;1;Remaining Q0;Remaining Q61;Remaining Q104;Remaining Q17942;41823
257586;759;61;2;Remaining Q0;Remaining Q0;Remaining Q104;Remaining Q17942;41823
257587;831;104;3;Remaining Q0;Remaining Q0;Remaining Q0;Remaining Q17942;41823
257589;794;794;4;Remaining Q0;Remaining Q0;Remaining Q0;Remaining Q17148;41823
258593;533;44;1;Remaining Q0;Remaining Q74;Remaining Q129;Remaining Q17750;41823
258596;756;74;2;Remaining Q0;Remaining Q0;Remaining Q129;Remaining Q17750;41823
258598;815;129;3;Remaining Q0;Remaining Q0;Remaining Q0;Remaining Q17750;41823
258600;753;753;4;Remaining Q0;Remaining Q0;Remaining Q0;Remaining Q16997;41823
259604;533;70;1;Remaining Q0;Remaining Q164;Remaining Q215;Remaining Q18259;41823
259606;730;164;2;Remaining Q0;Remaining Q0;Remaining Q215;Remaining Q18259;41823
259608;699;215;3;Remaining Q0;Remaining Q0;Remaining Q0;Remaining Q18259;41823
259610;551;551;4;Remaining Q0;Remaining Q0;Remaining Q0;Remaining Q17708;41823
260620;533;56;1;Remaining Q0;Remaining Q112;Remaining Q164;Remaining Q18463;41823
260624;744;112;2;Remaining Q0;Remaining Q0;Remaining Q164;Remaining Q18463;41823
260626;765;164;3;Remaining Q0;Remaining Q0;Remaining Q0;Remaining Q18463;41823
260629;668;668;4;Remaining Q0;Remaining Q0;Remaining Q0;Remaining Q17795;41823
261632;533;47;1;Remaining Q0;Remaining Q107;Remaining Q134;Remaining Q18396;41823
261635;753;107;2;Remaining Q0;Remaining Q0;Remaining Q134;Remaining Q18396;41823
261637;779;134;3;Remaining Q0;Remaining Q0;Remaining Q0;Remaining Q18396;41823
261639;712;712;4;Remaining Q0;Remaining Q0;Remaining Q0;Remaining Q17684;41823
262648;533;83;1;Remaining Q0;Remaining Q179;Remaining Q255;Remaining Q18830;41823
262651;717;179;2;Remaining Q0;Remaining Q0;Remaining Q255;Remaining Q18830;41823
262654;671;255;3;Remaining Q0;Remaining Q0;Remaining Q0;Remaining Q18830;41823
262656;483;483;4;Remaining Q0;Remaining Q0;Remaining Q0;Remaining Q18347;41823
263657;533;19;1;Remaining Q0;Remaining Q41;Remaining Q68;Remaining Q18206;42271
263660;781;41;2;Remaining Q0;Remaining Q0;Remaining Q68;Remaining Q18206;42271
263663;873;68;3;Remaining Q0;Remaining Q0;Remaining Q0;Remaining Q18206;42271
263664;872;872;4;Remaining Q0;Remaining Q0;Remaining Q0;Remaining Q17334;42271
264669;533;42;1;Remaining Q0;Remaining Q92;Remaining Q152;Remaining Q17492;42704
264671;758;92;2;Remaining Q0;Remaining Q0;Remaining Q152;Remaining Q17492;42704
264672;799;152;3;Remaining Q0;Remaining Q0;Remaining Q0;Remaining Q17492;42704
264674;714;714;4;Remaining Q0;Remaining Q0;Remaining Q0;Remaining Q16778;42704
265685;533;64;1;Remaining Q0;Remaining Q143;Remaining Q203;Remaining Q17744;42704
265687;736;143;2;Remaining Q0;Remaining Q0;Remaining Q203;Remaining Q17744;42704
265688;726;203;3;Remaining Q0;Remaining Q0;Remaining Q0;Remaining Q17744;42704
265690;590;590;4;Remaining Q0;Remaining Q0;Remaining Q0;Remaining Q17154;42704
266697;533;88;1;Remaining Q0;Remaining Q190;Remaining Q300;Remaining Q18180;43100
266699;712;190;2;Remaining Q0;Remaining Q0;Remaining Q300;Remaining Q18180;43100
266701;655;300;3;Remaining Q0;Remaining Q0;Remaining Q0;Remaining Q18180;43100
266703;422;422;4;Remaining Q0;Remaining Q0;Remaining Q0;Remaining Q17758;43100
267708;533;102;1;Remaining Q0;Remaining Q182;Remaining Q304;Remaining Q17163;45107
267710;698;182;2;Remaining Q0;Remaining Q0;Remaining Q304;Remaining Q17163;45107
267712;649;304;3;Remaining Q0;Remaining Q0;Remaining Q0;Remaining Q17163;45107
267714;412;412;4;Remaining Q0;Remaining Q0;Remaining Q0;Remaining Q16751;45107
268704;533;95;1;Remaining Q0;Remaining Q187;Remaining Q279;Remaining Q17146;45972
268706;705;187;2;Remaining Q0;Remaining Q0;Remaining Q279;Remaining Q17146;45972
268707;651;279;3;Remaining Q0;Remaining Q0;Remaining Q0;Remaining Q17146;45972
268709;439;439;4;Remaining Q0;Remaining Q0;Remaining Q0;Remaining Q16707;45972
269705;533;23;1;Remaining Q0;Remaining Q36;Remaining Q72;Remaining Q17015;45972
269707;777;36;2;Remaining Q0;Remaining Q0;Remaining Q72;Remaining Q17015;45972
269708;874;72;3;Remaining Q0;Remaining Q0;Remaining Q0;Remaining Q17015;45972
269710;869;869;4;Remaining Q0;Remaining Q0;Remaining Q0;Remaining Q16146;45972
270709;533;3;1;Remaining Q0;Remaining Q14;Remaining Q16;Remaining Q15725;46456
270710;797;14;2;Remaining Q0;Remaining Q0;Remaining Q16;Remaining Q15725;46456
270712;916;16;3;Remaining Q0;Remaining Q0;Remaining Q0;Remaining Q15725;46456
270717;967;967;4;Remaining Q0;Remaining Q0;Remaining Q0;Remaining Q14758;46456
271713;533;27;1;Remaining Q0;Remaining Q67;Remaining Q102;Remaining Q15232;46456
271716;773;67;2;Remaining Q0;Remaining Q0;Remaining Q102;Remaining Q15232;46456
271717;839;102;3;Remaining Q0;Remaining Q0;Remaining Q0;Remaining Q15232;46456
271720;804;804;4;Remaining Q0;Remaining Q0;Remaining Q0;Remaining Q14428;46456
272717;533;17;1;Remaining Q0;Remaining Q23;Remaining Q46;Remaining Q14647;46456
272720;783;23;2;Remaining Q0;Remaining Q0;Remaining Q46;Remaining Q14647;46456
272722;893;46;3;Remaining Q0;Remaining Q0;Remaining Q0;Remaining Q14647;46456
272723;914;914;4;Remaining Q0;Remaining Q0;Remaining Q0;Remaining Q13733;46456
273724;533;5;1;Remaining Q0;Remaining Q8;Remaining Q19;Remaining Q13813;46456
273727;795;8;2;Remaining Q0;Remaining Q0;Remaining Q19;Remaining Q13813;46456
273729;920;19;3;Remaining Q0;Remaining Q0;Remaining Q0;Remaining Q13813;46456
273731;968;968;4;Remaining Q0;Remaining Q0;Remaining Q0;Remaining Q12845;46456
274733;533;27;1;Remaining Q0;Remaining Q71;Remaining Q112;Remaining Q13318;46456
274736;773;71;2;Remaining Q0;Remaining Q0;Remaining Q112;Remaining Q13318;46456
274738;835;112;3;Remaining Q0;Remaining Q0;Remaining Q0;Remaining Q13318;46456
274739;790;790;4;Remaining Q0;Remaining Q0;Remaining Q0;Remaining Q12528;46456
275742;533;8;1;Remaining Q0;Remaining Q12;Remaining Q18;Remaining Q12626;46456
275745;792;12;2;Remaining Q0;Remaining Q0;Remaining Q18;Remaining Q12626;46456
275747;913;18;3;Remaining Q0;Remaining Q0;Remaining Q0;Remaining Q12626;46456
275748;962;962;4;Remaining Q0;Remaining Q0;Remaining Q0;Remaining Q11664;46456
276747;533;9;1;Remaining Q0;Remaining Q22;Remaining Q28;Remaining Q11798;46456
276749;791;22;2;Remaining Q0;Remaining Q0;Remaining Q28;Remaining Q11798;46456
276751;902;28;3;Remaining Q0;Remaining Q0;Remaining Q0;Remaining Q11798;46456
276754;941;941;4;Remaining Q0;Remaining Q0;Remaining Q0;Remaining Q10857;46456
277756;533;16;1;Remaining Q0;Remaining Q25;Remaining Q50;Remaining Q11091;46456
277759;784;25;2;Remaining Q0;Remaining Q0;Remaining Q50;Remaining Q11091;46456
277761;892;50;3;Remaining Q0;Remaining Q0;Remaining Q0;Remaining Q11091;46456
277763;909;909;4;Remaining Q0;Remaining Q0;Remaining Q0;Remaining Q10182;46456
278767;533;8;1;Remaining Q0;Remaining Q10;Remaining Q20;Remaining Q10295;46456
278770;792;10;2;Remaining Q0;Remaining Q0;Remaining Q20;Remaining Q10295;46456
278771;915;20;3;Remaining Q0;Remaining Q0;Remaining Q0;Remaining Q10295;46456
278772;962;962;4;Remaining Q0;Remaining Q0;Remaining Q0;Remaining Q9333;46456
279781;533;18;1;Remaining Q0;Remaining Q47;Remaining Q68;Remaining Q9646;46456
279784;782;47;2;Remaining Q0;Remaining Q0;Remaining Q68;Remaining Q9646;46456
279787;868;68;3;Remaining Q0;Remaining Q0;Remaining Q0;Remaining Q9646;46456
279788;867;867;4;Remaining Q0;Remaining Q0;Remaining Q0;Remaining Q8779;46456
280791;533;21;1;Remaining Q0;Remaining Q43;Remaining Q78;Remaining Q9051;46456
280796;869;78;3;Remaining Q0;Remaining Q0;Remaining Q0;Remaining Q9051;46456
280793;779;43;2;Remaining Q0;Remaining Q0;Remaining Q78;Remaining Q9051;46456
280798;858;858;4;Remaining Q0;Remaining Q0;Remaining Q0;Remaining Q8193;46456
281806;533;15;1;Remaining Q0;Remaining Q35;Remaining Q55;Remaining Q8485;46456
281809;785;35;2;Remaining Q0;Remaining Q0;Remaining Q55;Remaining Q8485;46456
281811;883;55;3;Remaining Q0;Remaining Q0;Remaining Q0;Remaining Q8485;46456
281814;895;895;4;Remaining Q0;Remaining Q0;Remaining Q0;Remaining Q7590;46456
282819;533;18;1;Remaining Q0;Remaining Q29;Remaining Q52;Remaining Q7871;46456
282821;782;29;2;Remaining Q0;Remaining Q0;Remaining Q52;Remaining Q7871;46456
282823;886;52;3;Remaining Q0;Remaining Q0;Remaining Q0;Remaining Q7871;46456
282825;901;901;4;Remaining Q0;Remaining Q0;Remaining Q0;Remaining Q6970;46456
283833;533;11;1;Remaining Q0;Remaining Q20;Remaining Q18;Remaining Q7082;46456
283836;789;20;2;Remaining Q0;Remaining Q0;Remaining Q18;Remaining Q7082;46456
283838;902;18;3;Remaining Q0;Remaining Q0;Remaining Q0;Remaining Q7082;46456
283839;951;951;4;Remaining Q0;Remaining Q0;Remaining Q0;Remaining Q6131;46456
284834;533;2;1;Remaining Q0;Remaining Q12;Remaining Q23;Remaining Q6223;46456
284837;798;12;2;Remaining Q0;Remaining Q0;Remaining Q23;Remaining Q6223;46456
284838;919;23;3;Remaining Q0;Remaining Q0;Remaining Q0;Remaining Q6223;46456
284840;963;963;4;Remaining Q0;Remaining Q0;Remaining Q0;Remaining Q5260;46456
285839;533;1;1;Remaining Q0;Remaining Q8;Remaining Q12;Remaining Q5311;46456
285842;799;8;2;Remaining Q0;Remaining Q0;Remaining Q12;Remaining Q5311;46456
285844;924;12;3;Remaining Q0;Remaining Q0;Remaining Q0;Remaining Q5311;46456
285846;979;979;4;Remaining Q0;Remaining Q0;Remaining Q0;Remaining Q4332;46456
286838;533;3;1;Remaining Q0;Remaining Q16;Remaining Q27;Remaining Q4447;46456
286841;797;16;2;Remaining Q0;Remaining Q0;Remaining Q27;Remaining Q4447;46456
286843;914;27;3;Remaining Q0;Remaining Q0;Remaining Q0;Remaining Q4447;46456
286844;954;954;4;Remaining Q0;Remaining Q0;Remaining Q0;Remaining Q3493;46456
287851;533;8;1;Remaining Q0;Remaining Q19;Remaining Q25;Remaining Q3633;46456
287854;792;19;2;Remaining Q0;Remaining Q0;Remaining Q25;Remaining Q3633;46456
287856;906;25;3;Remaining Q0;Remaining Q0;Remaining Q0;Remaining Q3633;46456
287859;948;948;4;Remaining Q0;Remaining Q0;Remaining Q0;Remaining Q2685;46456
288863;533;15;1;Remaining Q0;Remaining Q26;Remaining Q45;Remaining Q2908;46456
288864;785;26;2;Remaining Q0;Remaining Q0;Remaining Q45;Remaining Q2908;46456
288865;892;45;3;Remaining Q0;Remaining Q0;Remaining Q0;Remaining Q2908;46456
288866;914;914;4;Remaining Q0;Remaining Q0;Remaining Q0;Remaining Q1994;46456
289876;533;11;1;Remaining Q0;Remaining Q17;Remaining Q30;Remaining Q2131;46456
289878;789;17;2;Remaining Q0;Remaining Q0;Remaining Q30;Remaining Q2131;46456
289880;905;30;3;Remaining Q0;Remaining Q0;Remaining Q0;Remaining Q2131;46456
289881;942;942;4;Remaining Q0;Remaining Q0;Remaining Q0;Remaining Q1189;46456
290878;533;9;1;Remaining Q0;Remaining Q13;Remaining Q31;Remaining Q1309;46456
290881;791;13;2;Remaining Q0;Remaining Q0;Remaining Q31;Remaining Q1309;46456
290882;911;31;3;Remaining Q0;Remaining Q0;Remaining Q0;Remaining Q1309;46456
290883;947;947;4;Remaining Q0;Remaining Q0;Remaining Q0;Remaining Q362;46456
291891;533;6;1;Remaining Q0;Remaining Q13;Remaining Q18;Remaining Q462;46456
291893;794;13;2;Remaining Q0;Remaining Q0;Remaining Q18;Remaining Q462;46456
291896;914;18;3;Remaining Q0;Remaining Q0;Remaining Q0;Remaining Q462;46456
291897;963;462;4;Remaining Q0;Remaining Q0;Remaining Q0;Remaining Q0;46456
291899;501;501;0;Remaining Q0;Remaining Q0;Remaining Q0;Remaining Q0;45955
292902;533;14;1;Remaining Q0;Remaining Q25;Remaining Q50;Remaining Q168;45955
292904;786;25;2;Remaining Q0;Remaining Q0;Remaining Q50;Remaining Q168;45955
292905;894;50;3;Remaining Q0;Remaining Q0;Remaining Q0;Remaining Q168;45955
292907;911;168;4;Remaining Q0;Remaining Q0;Remaining Q0;Remaining Q0;45955
292908;743;743;0;Remaining Q0;Remaining Q0;Remaining Q0;Remaining Q0;45212
293915;533;15;1;Remaining Q0;Remaining Q27;Remaining Q29;Remaining Q184;45212
293917;785;27;2;Remaining Q0;Remaining Q0;Remaining Q29;Remaining Q184;45212
293919;891;29;3;Remaining Q0;Remaining Q0;Remaining Q0;Remaining Q184;45212
293921;929;184;4;Remaining Q0;Remaining Q0;Remaining Q0;Remaining Q0;45212
293922;745;745;0;Remaining Q0;Remaining Q0;Remaining Q0;Remaining Q0;44467
294917;533;15;1;Remaining Q0;Remaining Q18;Remaining Q38;Remaining Q140;44467
294919;785;18;2;Remaining Q0;Remaining Q0;Remaining Q38;Remaining Q140;44467
294923;929;140;4;Remaining Q0;Remaining Q0;Remaining Q0;Remaining Q0;44467
294921;900;38;3;Remaining Q0;Remaining Q0;Remaining Q0;Remaining Q140;44467
294924;789;789;0;Remaining Q0;Remaining Q0;Remaining Q0;Remaining Q0;43678
295920;533;7;1;Remaining Q0;Remaining Q21;Remaining Q16;Remaining Q114;43678
295921;793;21;2;Remaining Q0;Remaining Q0;Remaining Q16;Remaining Q114;43678
295922;905;16;3;Remaining Q0;Remaining Q0;Remaining Q0;Remaining Q114;43678
295924;956;114;4;Remaining Q0;Remaining Q0;Remaining Q0;Remaining Q0;43678
295926;842;842;0;Remaining Q0;Remaining Q0;Remaining Q0;Remaining Q0;42836
296925;533;19;1;Remaining Q0;Remaining Q38;Remaining Q44;Remaining Q255;42836
296927;781;38;2;Remaining Q0;Remaining Q0;Remaining Q44;Remaining Q255;42836
296928;876;44;3;Remaining Q0;Remaining Q0;Remaining Q0;Remaining Q255;42836
296930;899;255;4;Remaining Q0;Remaining Q0;Remaining Q0;Remaining Q0;42836
296931;644;644;0;Remaining Q0;Remaining Q0;Remaining Q0;Remaining Q0;42192
297936;533;29;1;Remaining Q0;Remaining Q49;Remaining Q61;Remaining Q331;42192
297938;771;49;2;Remaining Q0;Remaining Q0;Remaining Q61;Remaining Q331;42192
297940;855;61;3;Remaining Q0;Remaining Q0;Remaining Q0;Remaining Q331;42192
297942;861;331;4;Remaining Q0;Remaining Q0;Remaining Q0;Remaining Q0;42192
297944;530;530;0;Remaining Q0;Remaining Q0;Remaining Q0;Remaining Q0;41662
298949;533;10;1;Remaining Q0;Remaining Q25;Remaining Q33;Remaining Q165;41662
298952;790;25;2;Remaining Q0;Remaining Q0;Remaining Q33;Remaining Q165;41662
298954;898;33;3;Remaining Q0;Remaining Q0;Remaining Q0;Remaining Q165;41662
298955;932;165;4;Remaining Q0;Remaining Q0;Remaining Q0;Remaining Q0;41662
298958;767;767;0;Remaining Q0;Remaining Q0;Remaining Q0;Remaining Q0;40895
299964;533;16;1;Remaining Q0;Remaining Q37;Remaining Q41;Remaining Q224;40895
299966;784;37;2;Remaining Q0;Remaining Q0;Remaining Q41;Remaining Q224;40895
299969;880;41;3;Remaining Q0;Remaining Q0;Remaining Q0;Remaining Q224;40895
299971;906;224;4;Remaining Q0;Remaining Q0;Remaining Q0;Remaining Q0;40895
299973;682;682;0;Remaining Q0;Remaining Q0;Remaining Q0;Remaining Q0;40213
300966;533;1;1;Remaining Q0;Remaining Q5;Remaining Q19;Remaining Q53;40213
300969;799;5;2;Remaining Q0;Remaining Q0;Remaining Q19;Remaining Q53;40213
300971;927;19;3;Remaining Q0;Remaining Q0;Remaining Q0;Remaining Q53;40213
300972;975;53;4;Remaining Q0;Remaining Q0;Remaining Q0;Remaining Q0;40213
300974;922;922;0;Remaining Q0;Remaining Q0;Remaining Q0;Remaining Q0;39291
301970;533;11;1;Remaining Q0;Remaining Q20;Remaining Q27;Remaining Q159;39291
301973;789;20;2;Remaining Q0;Remaining Q0;Remaining Q27;Remaining Q159;39291
301974;902;27;3;Remaining Q0;Remaining Q0;Remaining Q0;Remaining Q159;39291
301976;942;159;4;Remaining Q0;Remaining Q0;Remaining Q0;Remaining Q0;39291
301978;783;783;0;Remaining Q0;Remaining Q0;Remaining Q0;Remaining Q0;38508
302982;533;6;1;Remaining Q0;Remaining Q5;Remaining Q9;Remaining Q41;38508
302985;794;5;2;Remaining Q0;Remaining Q0;Remaining Q9;Remaining Q41;38508
302988;922;9;3;Remaining Q0;Remaining Q0;Remaining Q0;Remaining Q41;38508
302990;980;41;4;Remaining Q0;Remaining Q0;Remaining Q0;Remaining Q0;38508
302991;939;939;0;Remaining Q0;Remaining Q0;Remaining Q0;Remaining Q0;37569
303982;533;2;1;Remaining Q0;Remaining Q13;Remaining Q18;Remaining Q65;37569
303985;798;13;2;Remaining Q0;Remaining Q0;Remaining Q18;Remaining Q65;37569
303987;918;18;3;Remaining Q0;Remaining Q0;Remaining Q0;Remaining Q65;37569
303988;967;65;4;Remaining Q0;Remaining Q0;Remaining Q0;Remaining Q0;37569
303991;902;902;0;Remaining Q0;Remaining Q0;Remaining Q0;Remaining Q0;36667
304984;533;15;1;Remaining Q0;Remaining Q20;Remaining Q37;Remaining Q163;36667
304986;785;20;2;Remaining Q0;Remaining Q0;Remaining Q37;Remaining Q163;36667
304988;898;37;3;Remaining Q0;Remaining Q0;Remaining Q0;Remaining Q163;36667
304990;928;163;4;Remaining Q0;Remaining Q0;Remaining Q0;Remaining Q0;36667
304992;765;765;0;Remaining Q0;Remaining Q0;Remaining Q0;Remaining Q0;35902
305999;533;9;1;Remaining Q0;Remaining Q16;Remaining Q26;Remaining Q129;35902
306001;791;16;2;Remaining Q0;Remaining Q0;Remaining Q26;Remaining Q129;35902
306003;908;26;3;Remaining Q0;Remaining Q0;Remaining Q0;Remaining Q129;35902
306004;949;129;4;Remaining Q0;Remaining Q0;Remaining Q0;Remaining Q0;35902
306006;820;820;0;Remaining Q0;Remaining Q0;Remaining Q0;Remaining Q0;35082
307010;533;4;1;Remaining Q0;Remaining Q11;Remaining Q14;Remaining Q50;35082
307013;796;11;2;Remaining Q0;Remaining Q0;Remaining Q14;Remaining Q50;35082
307015;918;14;3;Remaining Q0;Remaining Q0;Remaining Q0;Remaining Q50;35082
307017;971;50;4;Remaining Q0;Remaining Q0;Remaining Q0;Remaining Q0;35082
307018;921;921;0;Remaining Q0;Remaining Q0;Remaining Q0;Remaining Q0;34161
308021;533;24;1;Remaining Q0;Remaining Q51;Remaining Q68;Remaining Q305;34161
308022;776;51;2;Remaining Q0;Remaining Q0;Remaining Q68;Remaining Q305;34161
308025;857;305;4;Remaining Q0;Remaining Q0;Remaining Q0;Remaining Q0;34161
308024;858;68;3;Remaining Q0;Remaining Q0;Remaining Q0;Remaining Q305;34161
308030;552;552;0;Remaining Q0;Remaining Q0;Remaining Q0;Remaining Q0;33609
309034;533;8;1;Remaining Q0;Remaining Q21;Remaining Q28;Remaining Q142;33609
309035;792;21;2;Remaining Q0;Remaining Q0;Remaining Q28;Remaining Q142;33609
309036;904;28;3;Remaining Q0;Remaining Q0;Remaining Q0;Remaining Q142;33609
309037;943;142;4;Remaining Q0;Remaining Q0;Remaining Q0;Remaining Q0;33609
309038;801;801;0;Remaining Q0;Remaining Q0;Remaining Q0;Remaining Q0;32808
310046;533;0;1;Remaining Q0;Remaining Q0;Remaining Q0;Remaining Q0;32808
310050;800;17;2;Remaining Q11;Remaining Q0;Remaining Q25;Remaining Q145;32808
310052;916;25;3;Remaining Q11;Remaining Q0;Remaining Q0;Remaining Q145;32808
310055;958;145;4;Remaining Q11;Remaining Q0;Remaining Q0;Remaining Q0;32808
310056;813;813;0;Remaining Q11;Remaining Q0;Remaining Q0;Remaining Q0;31995
311059;533;11;1;Remaining Q0;Remaining Q0;Remaining Q0;Remaining Q0;31995
311061;789;0;2;Remaining Q0;Remaining Q0;Remaining Q0;Remaining Q0;31995
311064;922;22;3;Remaining Q9;Remaining Q17;Remaining Q0;Remaining Q125;31995
311065;967;125;4;Remaining Q9;Remaining Q17;Remaining Q0;Remaining Q0;31995
311067;842;842;0;Remaining Q9;Remaining Q17;Remaining Q0;Remaining Q0;31153
312073;533;16;1;Remaining Q0;Remaining Q27;Remaining Q15;Remaining Q89;31153
312077;784;27;2;Remaining Q0;Remaining Q0;Remaining Q15;Remaining Q89;31153
312079;890;42;3;Remaining Q8;Remaining Q11;Remaining Q0;Remaining Q193;31153
312080;915;193;4;Remaining Q8;Remaining Q11;Remaining Q0;Remaining Q0;31153
312082;722;722;0;Remaining Q8;Remaining Q11;Remaining Q0;Remaining Q0;30431
313085;533;8;1;Remaining Q0;Remaining Q11;Remaining Q0;Remaining Q0;30431
313087;792;11;2;Remaining Q0;Remaining Q0;Remaining Q0;Remaining Q0;30431
313091;914;30;3;Remaining Q12;Remaining Q21;Remaining Q0;Remaining Q132;30431
313092;951;132;4;Remaining Q12;Remaining Q21;Remaining Q0;Remaining Q0;30431
313094;819;819;0;Remaining Q12;Remaining Q21;Remaining Q0;Remaining Q0;29612
314099;533;29;1;Remaining Q0;Remaining Q60;Remaining Q42;Remaining Q222;29612
314102;771;60;2;Remaining Q0;Remaining Q0;Remaining Q42;Remaining Q222;29612
314104;844;42;3;Remaining Q0;Remaining Q0;Remaining Q0;Remaining Q222;29612
314105;869;222;4;Remaining Q0;Remaining Q0;Remaining Q0;Remaining Q0;29612
314107;647;647;0;Remaining Q0;Remaining Q0;Remaining Q0;Remaining Q0;28965
315105;533;4;1;Remaining Q0;Remaining Q21;Remaining Q29;Remaining Q102;28965
315107;796;21;2;Remaining Q0;Remaining Q0;Remaining Q29;Remaining Q102;28965
315109;908;51;3;Remaining Q18;Remaining Q21;Remaining Q0;Remaining Q219;28965
315110;924;219;4;Remaining Q18;Remaining Q21;Remaining Q0;Remaining Q0;28965
315111;705;705;0;Remaining Q18;Remaining Q21;Remaining Q0;Remaining Q0;28260
316106;533;21;1;Remaining Q0;Remaining Q33;Remaining Q12;Remaining Q48;28260
316109;779;33;2;Remaining Q0;Remaining Q0;Remaining Q12;Remaining Q48;28260
316111;879;12;3;Remaining Q0;Remaining Q0;Remaining Q0;Remaining Q48;28260
316112;934;48;4;Remaining Q0;Remaining Q0;Remaining Q0;Remaining Q0;28260
316114;886;886;0;Remaining Q0;Remaining Q0;Remaining Q0;Remaining Q0;27374
317117;533;5;1;Remaining Q0;Remaining Q5;Remaining Q17;Remaining Q67;27374
317119;795;5;2;Remaining Q0;Remaining Q0;Remaining Q17;Remaining Q67;27374
317121;923;17;3;Remaining Q0;Remaining Q0;Remaining Q0;Remaining Q67;27374
317122;973;67;4;Remaining Q0;Remaining Q0;Remaining Q0;Remaining Q0;27374
317124;906;906;0;Remaining Q0;Remaining Q0;Remaining Q0;Remaining Q0;26468
318128;533;14;1;Remaining Q0;Remaining Q27;Remaining Q47;Remaining Q237;26468
318130;786;27;2;Remaining Q0;Remaining Q0;Remaining Q47;Remaining Q237;26468
318132;892;47;3;Remaining Q0;Remaining Q0;Remaining Q0;Remaining Q237;26468
318134;912;237;4;Remaining Q0;Remaining Q0;Remaining Q0;Remaining Q0;26468
318136;675;675;0;Remaining Q0;Remaining Q0;Remaining Q0;Remaining Q0;25793
319139;533;5;1;Remaining Q0;Remaining Q10;Remaining Q15;Remaining Q58;25793
319142;795;10;2;Remaining Q0;Remaining Q0;Remaining Q15;Remaining Q58;25793
319144;918;15;3;Remaining Q0;Remaining Q0;Remaining Q0;Remaining Q58;25793
319145;970;58;4;Remaining Q0;Remaining Q0;Remaining Q0;Remaining Q0;25793
319147;912;912;0;Remaining Q0;Remaining Q0;Remaining Q0;Remaining Q0;24881
320150;533;9;1;Remaining Q0;Remaining Q19;Remaining Q28;Remaining Q118;24881
320153;791;19;2;Remaining Q0;Remaining Q0;Remaining Q28;Remaining Q118;24881
320155;905;28;3;Remaining Q0;Remaining Q0;Remaining Q0;Remaining Q118;24881
320156;944;118;4;Remaining Q0;Remaining Q0;Remaining Q0;Remaining Q0;24881
320158;826;826;0;Remaining Q0;Remaining Q0;Remaining Q0;Remaining Q0;24055
321154;533;22;1;Remaining Q0;Remaining Q38;Remaining Q61;Remaining Q318;24055
321157;778;38;2;Remaining Q0;Remaining Q0;Remaining Q61;Remaining Q318;24055
321158;873;61;3;Remaining Q0;Remaining Q0;Remaining Q0;Remaining Q318;24055
321160;879;318;4;Remaining Q0;Remaining Q0;Remaining Q0;Remaining Q0;24055
321162;561;561;0;Remaining Q0;Remaining Q0;Remaining Q0;Remaining Q0;23494
322169;533;11;1;Remaining Q0;Remaining Q8;Remaining Q21;Remaining Q138;23494
322172;789;8;2;Remaining Q0;Remaining Q0;Remaining Q21;Remaining Q138;23494
322174;914;21;3;Remaining Q0;Remaining Q0;Remaining Q0;Remaining Q138;23494
322176;960;138;4;Remaining Q0;Remaining Q0;Remaining Q0;Remaining Q0;23494
322177;822;822;0;Remaining Q0;Remaining Q0;Remaining Q0;Remaining Q0;22672
323179;533;13;1;Remaining Q0;Remaining Q20;Remaining Q29;Remaining Q151;22672
323180;787;20;2;Remaining Q0;Remaining Q0;Remaining Q29;Remaining Q151;22672
323181;900;29;3;Remaining Q0;Remaining Q0;Remaining Q0;Remaining Q151;22672
323182;938;151;4;Remaining Q0;Remaining Q0;Remaining Q0;Remaining Q0;22672
323184;787;787;0;Remaining Q0;Remaining Q0;Remaining Q0;Remaining Q0;21885
324193;533;8;1;Remaining Q0;Remaining Q6;Remaining Q11;Remaining Q55;21885
324195;792;6;2;Remaining Q0;Remaining Q0;Remaining Q11;Remaining Q55;21885
324197;919;11;3;Remaining Q0;Remaining Q0;Remaining Q0;Remaining Q55;21885
324199;975;55;4;Remaining Q0;Remaining Q0;Remaining Q0;Remaining Q0;21885
324200;920;920;0;Remaining Q0;Remaining Q0;Remaining Q0;Remaining Q0;20965
325206;533;15;1;Remaining Q0;Remaining Q35;Remaining Q37;Remaining Q196;20965
325209;785;35;2;Remaining Q0;Remaining Q0;Remaining Q37;Remaining Q196;20965
325211;883;37;3;Remaining Q0;Remaining Q0;Remaining Q0;Remaining Q196;20965
325213;913;196;4;Remaining Q0;Remaining Q0;Remaining Q0;Remaining Q0;20965
325217;717;717;0;Remaining Q0;Remaining Q0;Remaining Q0;Remaining Q0;20248
326221;533;14;1;Remaining Q0;Remaining Q24;Remaining Q61;Remaining Q237;20248
326223;786;24;2;Remaining Q0;Remaining Q0;Remaining Q61;Remaining Q237;20248
326225;895;61;3;Remaining Q0;Remaining Q0;Remaining Q0;Remaining Q237;20248
326226;901;237;4;Remaining Q0;Remaining Q0;Remaining Q0;Remaining Q0;20248
326228;664;664;0;Remaining Q0;Remaining Q0;Remaining Q0;Remaining Q0;19584
327235;533;25;1;Remaining Q0;Remaining Q37;Remaining Q57;Remaining Q280;19584
327237;775;37;2;Remaining Q0;Remaining Q0;Remaining Q57;Remaining Q280;19584
327239;871;57;3;Remaining Q0;Remaining Q0;Remaining Q0;Remaining Q280;19584
327241;881;280;4;Remaining Q0;Remaining Q0;Remaining Q0;Remaining Q0;19584
327243;601;601;0;Remaining Q0;Remaining Q0;Remaining Q0;Remaining Q0;18983
328238;533;21;1;Remaining Q0;Remaining Q23;Remaining Q41;Remaining Q188;18983
328241;779;23;2;Remaining Q0;Remaining Q0;Remaining Q41;Remaining Q188;18983
328242;889;41;3;Remaining Q0;Remaining Q0;Remaining Q0;Remaining Q188;18983
328244;915;188;4;Remaining Q0;Remaining Q0;Remaining Q0;Remaining Q0;18983
328245;727;727;0;Remaining Q0;Remaining Q0;Remaining Q0;Remaining Q0;18256
329238;533;6;1;Remaining Q0;Remaining Q29;Remaining Q32;Remaining Q169;18256
329241;794;29;2;Remaining Q0;Remaining Q0;Remaining Q32;Remaining Q169;18256
329242;898;32;3;Remaining Q0;Remaining Q0;Remaining Q0;Remaining Q169;18256
329244;933;169;4;Remaining Q0;Remaining Q0;Remaining Q0;Remaining Q0;18256
329246;764;764;0;Remaining Q0;Remaining Q0;Remaining Q0;Remaining Q0;17492
330253;533;12;1;Remaining Q0;Remaining Q17;Remaining Q25;Remaining Q138;17492
330256;788;17;2;Remaining Q0;Remaining Q0;Remaining Q25;Remaining Q138;17492
330258;904;25;3;Remaining Q0;Remaining Q0;Remaining Q0;Remaining Q138;17492
330259;946;138;4;Remaining Q0;Remaining Q0;Remaining Q0;Remaining Q0;17492
330261;808;808;0;Remaining Q0;Remaining Q0;Remaining Q0;Remaining Q0;16684
331265;533;5;1;Remaining Q0;Remaining Q13;Remaining Q21;Remaining Q107;16684
331266;795;13;2;Remaining Q0;Remaining Q0;Remaining Q21;Remaining Q107;16684
331268;915;21;3;Remaining Q0;Remaining Q0;Remaining Q0;Remaining Q107;16684
331269;961;107;4;Remaining Q0;Remaining Q0;Remaining Q0;Remaining Q0;16684
331271;854;854;0;Remaining Q0;Remaining Q0;Remaining Q0;Remaining Q0;15830
332268;533;9;1;Remaining Q0;Remaining Q24;Remaining Q23;Remaining Q140;15830
332271;791;24;2;Remaining Q0;Remaining Q0;Remaining Q23;Remaining Q140;15830
332272;900;23;3;Remaining Q0;Remaining Q0;Remaining Q0;Remaining Q140;15830
332275;944;140;4;Remaining Q0;Remaining Q0;Remaining Q0;Remaining Q0;15830
332277;804;804;0;Remaining Q0;Remaining Q0;Remaining Q0;Remaining Q0;15026
333280;533;9;1;Remaining Q0;Remaining Q20;Remaining Q30;Remaining Q152;15026
333282;791;20;2;Remaining Q0;Remaining Q0;Remaining Q30;Remaining Q152;15026
333285;904;30;3;Remaining Q0;Remaining Q0;Remaining Q0;Remaining Q152;15026
333287;941;152;4;Remaining Q0;Remaining Q0;Remaining Q0;Remaining Q0;15026
333288;789;789;0;Remaining Q0;Remaining Q0;Remaining Q0;Remaining Q0;14237
334293;533;15;1;Remaining Q0;Remaining Q21;Remaining Q38;Remaining Q152;14237
334296;785;21;2;Remaining Q0;Remaining Q0;Remaining Q38;Remaining Q152;14237
334298;897;38;3;Remaining Q0;Remaining Q0;Remaining Q0;Remaining Q152;14237
334299;926;152;4;Remaining Q0;Remaining Q0;Remaining Q0;Remaining Q0;14237
334301;774;774;0;Remaining Q0;Remaining Q0;Remaining Q0;Remaining Q0;13463
335302;533;4;1;Remaining Q0;Remaining Q12;Remaining Q23;Remaining Q60;13463
335305;796;12;2;Remaining Q0;Remaining Q0;Remaining Q23;Remaining Q60;13463
335306;917;23;3;Remaining Q0;Remaining Q0;Remaining Q0;Remaining Q60;13463
335308;961;60;4;Remaining Q0;Remaining Q0;Remaining Q0;Remaining Q0;13463
335310;901;901;0;Remaining Q0;Remaining Q0;Remaining Q0;Remaining Q0;12562
336316;533;12;1;Remaining Q0;Remaining Q43;Remaining Q61;Remaining Q258;12562
336318;788;43;2;Remaining Q0;Remaining Q0;Remaining Q61;Remaining Q258;12562
336319;878;61;3;Remaining Q0;Remaining Q0;Remaining Q0;Remaining Q258;12562
336321;884;258;4;Remaining Q0;Remaining Q0;Remaining Q0;Remaining Q0;12562
336323;626;626;0;Remaining Q0;Remaining Q0;Remaining Q0;Remaining Q0;11936
337324;533;5;1;Remaining Q0;Remaining Q13;Remaining Q20;Remaining Q95;11936
337327;795;13;2;Remaining Q0;Remaining Q0;Remaining Q20;Remaining Q95;11936
337328;915;20;3;Remaining Q0;Remaining Q0;Remaining Q0;Remaining Q95;11936
337330;962;95;4;Remaining Q0;Remaining Q0;Remaining Q0;Remaining Q0;11936
337332;867;867;0;Remaining Q0;Remaining Q0;Remaining Q0;Remaining Q0;11069
338336;533;24;1;Remaining Q0;Remaining Q47;Remaining Q63;Remaining Q326;11069
338339;776;47;2;Remaining Q0;Remaining Q0;Remaining Q63;Remaining Q326;11069
338340;862;63;3;Remaining Q0;Remaining Q0;Remaining Q0;Remaining Q326;11069
338342;866;326;4;Remaining Q0;Remaining Q0;Remaining Q0;Remaining Q0;11069
338345;540;540;0;Remaining Q0;Remaining Q0;Remaining Q0;Remaining Q0;10529
339348;533;23;1;Remaining Q0;Remaining Q38;Remaining Q78;Remaining Q311;10529
339351;777;38;2;Remaining Q0;Remaining Q0;Remaining Q78;Remaining Q311;10529
339354;872;78;3;Remaining Q0;Remaining Q0;Remaining Q0;Remaining Q311;10529
339355;861;311;4;Remaining Q0;Remaining Q0;Remaining Q0;Remaining Q0;10529
339357;550;550;0;Remaining Q0;Remaining Q0;Remaining Q0;Remaining Q0;9979
340360;533;15;1;Remaining Q0;Remaining Q31;Remaining Q37;Remaining Q221;9979
340362;785;31;2;Remaining Q0;Remaining Q0;Remaining Q37;Remaining Q221;9979
340364;887;37;3;Remaining Q0;Remaining Q0;Remaining Q0;Remaining Q221;9979
340365;917;221;4;Remaining Q0;Remaining Q0;Remaining Q0;Remaining Q0;9979
340367;696;696;0;Remaining Q0;Remaining Q0;Remaining Q0;Remaining Q0;9283
341370;533;8;1;Remaining Q0;Remaining Q20;Remaining Q23;Remaining Q122;9283
341371;792;20;2;Remaining Q0;Remaining Q0;Remaining Q23;Remaining Q122;9283
341372;905;23;3;Remaining Q0;Remaining Q0;Remaining Q0;Remaining Q122;9283
341373;949;122;4;Remaining Q0;Remaining Q0;Remaining Q0;Remaining Q0;9283
341375;827;827;0;Remaining Q0;Remaining Q0;Remaining Q0;Remaining Q0;8456
342379;533;8;1;Remaining Q0;Remaining Q9;Remaining Q23;Remaining Q109;8456
342380;792;9;2;Remaining Q0;Remaining Q0;Remaining Q23;Remaining Q109;8456
342382;916;23;3;Remaining Q0;Remaining Q0;Remaining Q0;Remaining Q109;8456
342383;960;109;4;Remaining Q0;Remaining Q0;Remaining Q0;Remaining Q0;8456
342385;851;851;0;Remaining Q0;Remaining Q0;Remaining Q0;Remaining Q0;7605
343382;533;13;1;Remaining Q0;Remaining Q35;Remaining Q42;Remaining Q185;7605
343384;787;35;2;Remaining Q0;Remaining Q0;Remaining Q42;Remaining Q185;7605
343387;885;42;3;Remaining Q0;Remaining Q0;Remaining Q0;Remaining Q185;7605
343388;910;185;4;Remaining Q0;Remaining Q0;Remaining Q0;Remaining Q0;7605
343390;725;725;0;Remaining Q0;Remaining Q0;Remaining Q0;Remaining Q0;6880
344395;533;12;1;Remaining Q0;Remaining Q32;Remaining Q41;Remaining Q177;6880
344398;788;32;2;Remaining Q0;Remaining Q0;Remaining Q41;Remaining Q177;6880
344400;889;41;3;Remaining Q0;Remaining Q0;Remaining Q0;Remaining Q177;6880
344401;915;177;4;Remaining Q0;Remaining Q0;Remaining Q0;Remaining Q0;6880
344404;738;738;0;Remaining Q0;Remaining Q0;Remaining Q0;Remaining Q0;6142
345402;533;5;1;Remaining Q0;Remaining Q9;Remaining Q10;Remaining Q44;6142
345405;795;9;2;Remaining Q0;Remaining Q0;Remaining Q10;Remaining Q44;6142
345407;919;10;3;Remaining Q0;Remaining Q0;Remaining Q0;Remaining Q44;6142
345408;976;44;4;Remaining Q0;Remaining Q0;Remaining Q0;Remaining Q0;6142
345410;932;932;0;Remaining Q0;Remaining Q0;Remaining Q0;Remaining Q0;5210
346412;533;26;1;Remaining Q0;Remaining Q65;Remaining Q109;Remaining Q582;5210
346414;774;65;2;Remaining Q0;Remaining Q0;Remaining Q109;Remaining Q582;5210
346416;842;109;3;Remaining Q0;Remaining Q0;Remaining Q0;Remaining Q582;5210
346418;800;582;4;Remaining Q0;Remaining Q0;Remaining Q0;Remaining Q0;5210
346420;218;218;0;Remaining Q0;Remaining Q0;Remaining Q0;Remaining Q0;4992
347426;533;5;1;Remaining Q0;Remaining Q9;Remaining Q15;Remaining Q120;4992
347428;795;9;2;Remaining Q0;Remaining Q0;Remaining Q15;Remaining Q120;4992
347430;919;15;3;Remaining Q0;Remaining Q0;Remaining Q0;Remaining Q120;4992
347431;971;120;4;Remaining Q0;Remaining Q0;Remaining Q0;Remaining Q0;4992
347433;851;851;0;Remaining Q0;Remaining Q0;Remaining Q0;Remaining Q0;4141
348437;533;16;1;Remaining Q0;Remaining Q41;Remaining Q51;Remaining Q232;4141
348440;784;41;2;Remaining Q0;Remaining Q0;Remaining Q51;Remaining Q232;4141
348443;876;51;3;Remaining Q0;Remaining Q0;Remaining Q0;Remaining Q232;4141
348444;892;232;4;Remaining Q0;Remaining Q0;Remaining Q0;Remaining Q0;4141
348446;660;660;0;Remaining Q0;Remaining Q0;Remaining Q0;Remaining Q0;3481
349451;533;10;1;Remaining Q0;Remaining Q15;Remaining Q28;Remaining Q132;3481
349453;790;15;2;Remaining Q0;Remaining Q0;Remaining Q28;Remaining Q132;3481
349455;908;28;3;Remaining Q0;Remaining Q0;Remaining Q0;Remaining Q132;3481
349457;947;132;4;Remaining Q0;Remaining Q0;Remaining Q0;Remaining Q0;3481
349459;815;815;0;Remaining Q0;Remaining Q0;Remaining Q0;Remaining Q0;2666
350462;533;32;1;Remaining Q0;Remaining Q62;Remaining Q86;Remaining Q453;2666
350464;768;62;2;Remaining Q0;Remaining Q0;Remaining Q86;Remaining Q453;2666
350467;839;86;3;Remaining Q0;Remaining Q0;Remaining Q0;Remaining Q453;2666
350469;820;453;4;Remaining Q0;Remaining Q0;Remaining Q0;Remaining Q0;2666
350470;367;367;0;Remaining Q0;Remaining Q0;Remaining Q0;Remaining Q0;2299
351476;533;23;1;Remaining Q0;Remaining Q48;Remaining Q56;Remaining Q297;2299
351478;777;48;2;Remaining Q0;Remaining Q0;Remaining Q56;Remaining Q297;2299
351480;862;56;3;Remaining Q0;Remaining Q0;Remaining Q0;Remaining Q297;2299
351481;873;297;4;Remaining Q0;Remaining Q0;Remaining Q0;Remaining Q0;2299
351484;576;576;0;Remaining Q0;Remaining Q0;Remaining Q0;Remaining Q0;1723
352478;533;10;1;Remaining Q0;Remaining Q17;Remaining Q12;Remaining Q119;1723
352481;790;17;2;Remaining Q0;Remaining Q0;Remaining Q12;Remaining Q119;1723
352483;906;12;3;Remaining Q0;Remaining Q0;Remaining Q0;Remaining Q119;1723
352484;961;119;4;Remaining Q0;Remaining Q0;Remaining Q0;Remaining Q0;1723
352486;842;842;0;Remaining Q0;Remaining Q0;Remaining Q0;Remaining Q0;881
353492;533;13;1;Remaining Q0;Remaining Q26;Remaining Q37;Remaining Q182;881
353496;787;26;2;Remaining Q0;Remaining Q0;Remaining Q37;Remaining Q182;881
353497;894;37;3;Remaining Q0;Remaining Q0;Remaining Q0;Remaining Q182;881
353499;924;182;4;Remaining Q0;Remaining Q0;Remaining Q0;Remaining Q0;881
353501;742;742;0;Remaining Q0;Remaining Q0;Remaining Q0;Remaining Q0;139
354504;533;14;1;Remaining Q0;Remaining Q38;Remaining Q43;Remaining Q178;139
354506;786;38;2;Remaining Q0;Remaining Q0;Remaining Q43;Remaining Q178;139
354508;881;43;3;Remaining Q0;Remaining Q0;Remaining Q0;Remaining Q178;139
354509;905;178;4;Remaining Q0;Remaining Q0;Remaining Q0;Remaining Q0;139
354510;727;139;0;Remaining Q0;Remaining Q0;Remaining Q0;Remaining Q0;0
355516;533;6;1;Remaining Q0;Remaining Q19;Remaining Q24;Remaining Q114;0
355518;794;19;2;Remaining Q0;Remaining Q0;Remaining Q24;Remaining Q114;0
355521;908;24;3;Remaining Q0;Remaining Q0;Remaining Q0;Remaining Q114;0
355522;951;114;4;Remaining Q0;Remaining Q0;Remaining Q0;Remaining Q0;0
355524;837;0;0;Remaining Q0;Remaining Q0;Remaining Q0;Remaining Q0;0
356518;533;6;1;Remaining Q0;Remaining Q7;Remaining Q21;Remaining Q114;0
356521;794;7;2;Remaining Q0;Remaining Q0;Remaining Q21;Remaining Q114;0
356524;920;21;3;Remaining Q0;Remaining Q0;Remaining Q0;Remaining Q114;0
356525;966;114;4;Remaining Q0;Remaining Q0;Remaining Q0;Remaining Q0;0
356527;852;0;0;Remaining Q0;Remaining Q0;Remaining Q0;Remaining Q0;0
357531;533;12;1;Remaining Q0;Remaining Q19;Remaining Q23;Remaining Q126;0
357534;788;19;2;Remaining Q0;Remaining Q0;Remaining Q23;Remaining Q126;0
357536;902;23;3;Remaining Q0;Remaining Q0;Remaining Q0;Remaining Q126;0
357539;946;126;4;Remaining Q0;Remaining Q0;Remaining Q0;Remaining Q0;0
357540;820;0;0;Remaining Q0;Remaining Q0;Remaining Q0;Remaining Q0;0
358534;533;9;1;Remaining Q0;Remaining Q22;Remaining Q23;Remaining Q118;0
358537;791;22;2;Remaining Q0;Remaining Q0;Remaining Q23;Remaining Q118;0
358539;902;23;3;Remaining Q0;Remaining Q0;Remaining Q0;Remaining Q118;0
358540;946;118;4;Remaining Q0;Remaining Q0;Remaining Q0;Remaining Q0;0
358541;828;0;0;Remaining Q0;Remaining Q0;Remaining Q0;Remaining Q0;0
359535;533;18;1;Remaining Q0;Remaining Q53;Remaining Q79;Remaining Q327;0
359538;782;53;2;Remaining Q0;Remaining Q0;Remaining Q79;Remaining Q327;0
359539;862;79;3;Remaining Q0;Remaining Q0;Remaining Q0;Remaining Q327;0
359541;850;327;4;Remaining Q0;Remaining Q0;Remaining Q0;Remaining Q0;0
359543;523;0;0;Remaining Q0;Remaining Q0;Remaining Q0;Remaining Q0;0
360536;533;20;1;Remaining Q0;Remaining Q32;Remaining Q37;Remaining Q245;0
360538;780;32;2;Remaining Q0;Remaining Q0;Remaining Q37;Remaining Q245;0
360540;911;245;4;Remaining Q0;Remaining Q0;Remaining Q0;Remaining Q0;0
360539;881;37;3;Remaining Q0;Remaining Q0;Remaining Q0;Remaining Q245;0
360542;666;0;0;Remaining Q0;Remaining Q0;Remaining Q0;Remaining Q0;0
361544;533;16;1;Remaining Q0;Remaining Q26;Remaining Q39;Remaining Q180;0
361546;784;26;2;Remaining Q0;Remaining Q0;Remaining Q39;Remaining Q180;0
361547;891;39;3;Remaining Q0;Remaining Q0;Remaining Q0;Remaining Q180;0
361548;919;180;4;Remaining Q0;Remaining Q0;Remaining Q0;Remaining Q0;0
361549;739;0;0;Remaining Q0;Remaining Q0;Remaining Q0;Remaining Q0;0
362556;533;15;1;Remaining Q0;Remaining Q29;Remaining Q44;Remaining Q199;0
362558;785;29;2;Remaining Q0;Remaining Q0;Remaining Q44;Remaining Q199;0
362560;889;44;3;Remaining Q0;Remaining Q0;Remaining Q0;Remaining Q199;0
362562;912;199;4;Remaining Q0;Remaining Q0;Remaining Q0;Remaining Q0;0
362566;713;0;0;Remaining Q0;Remaining Q0;Remaining Q0;Remaining Q0;0
363569;533;5;1;Remaining Q0;Remaining Q17;Remaining Q25;Remaining Q107;0
363570;795;17;2;Remaining Q0;Remaining Q0;Remaining Q25;Remaining Q107;0
363571;911;25;3;Remaining Q0;Remaining Q0;Remaining Q0;Remaining Q107;0
363572;953;107;4;Remaining Q0;Remaining Q0;Remaining Q0;Remaining Q0;0
363574;846;0;0;Remaining Q0;Remaining Q0;Remaining Q0;Remaining Q0;0
364580;533;11;1;Remaining Q0;Remaining Q22;Remaining Q41;Remaining Q186;0
364581;789;22;2;Remaining Q0;Remaining Q0;Remaining Q41;Remaining Q186;0
364582;900;41;3;Remaining Q0;Remaining Q0;Remaining Q0;Remaining Q186;0
364584;926;186;4;Remaining Q0;Remaining Q0;Remaining Q0;Remaining Q0;0
364585;740;0;0;Remaining Q0;Remaining Q0;Remaining Q0;Remaining Q0;0
365595;533;5;1;Remaining Q0;Remaining Q18;Remaining Q25;Remaining Q95;0
365597;795;18;2;Remaining Q0;Remaining Q0;Remaining Q25;Remaining Q95;0
365598;910;25;3;Remaining Q0;Remaining Q0;Remaining Q0;Remaining Q95;0
365599;952;95;4;Remaining Q0;Remaining Q0;Remaining Q0;Remaining Q0;0
365601;857;0;0;Remaining Q0;Remaining Q0;Remaining Q0;Remaining Q0;0
366606;533;11;1;Remaining Q0;Remaining Q35;Remaining Q46;Remaining Q237;0
366607;789;35;2;Remaining Q0;Remaining Q0;Remaining Q46;Remaining Q237;0
366609;887;46;3;Remaining Q0;Remaining Q0;Remaining Q0;Remaining Q237;0
366610;908;237;4;Remaining Q0;Remaining Q0;Remaining Q0;Remaining Q0;0
366612;671;0;0;Remaining Q0;Remaining Q0;Remaining Q0;Remaining Q0;0
367610;533;7;1;Remaining Q0;Remaining Q11;Remaining Q16;Remaining Q100;0
367612;793;11;2;Remaining Q0;Remaining Q0;Remaining Q16;Remaining Q100;0
367613;915;16;3;Remaining Q0;Remaining Q0;Remaining Q0;Remaining Q100;0
367614;966;100;4;Remaining Q0;Remaining Q0;Remaining Q0;Remaining Q0;0
367615;866;0;0;Remaining Q0;Remaining Q0;Remaining Q0;Remaining Q0;0
368609;533;9;1;Remaining Q0;Remaining Q15;Remaining Q38;Remaining Q129;0
368612;909;38;3;Remaining Q0;Remaining Q0;Remaining Q0;Remaining Q129;0
368611;791;15;2;Remaining Q0;Remaining Q0;Remaining Q38;Remaining Q129;0
368613;938;129;4;Remaining Q0;Remaining Q0;Remaining Q0;Remaining Q0;0
368614;809;0;0;Remaining Q0;Remaining Q0;Remaining Q0;Remaining Q0;0
369624;533;4;1;Remaining Q0;Remaining Q8;Remaining Q10;Remaining Q52;0
369627;796;27;2;Remaining Q14;Remaining Q0;Remaining Q52;Remaining Q254;0
369629;902;52;3;Remaining Q14;Remaining Q0;Remaining Q0;Remaining Q254;0
369630;917;254;4;Remaining Q14;Remaining Q0;Remaining Q0;Remaining Q0;0
369633;663;0;0;Remaining Q14;Remaining Q0;Remaining Q0;Remaining Q0;0
370634;533;24;1;Remaining Q0;Remaining Q12;Remaining Q22;Remaining Q107;0
370636;776;12;2;Remaining Q0;Remaining Q0;Remaining Q22;Remaining Q107;0
370639;897;47;3;Remaining Q11;Remaining Q16;Remaining Q0;Remaining Q252;0
370640;917;252;4;Remaining Q11;Remaining Q16;Remaining Q0;Remaining Q0;0
370642;665;0;0;Remaining Q11;Remaining Q16;Remaining Q0;Remaining Q0;0
371646;533;30;1;Remaining Q0;Remaining Q48;Remaining Q54;Remaining Q212;0
371649;770;48;2;Remaining Q0;Remaining Q0;Remaining Q54;Remaining Q212;0
371652;855;77;3;Remaining Q4;Remaining Q15;Remaining Q0;Remaining Q303;0
371654;845;303;4;Remaining Q4;Remaining Q15;Remaining Q0;Remaining Q0;0
371656;542;0;0;Remaining Q4;Remaining Q15;Remaining Q0;Remaining Q0;0
372656;533;12;1;Remaining Q0;Remaining Q32;Remaining Q34;Remaining Q131;0
372659;788;32;2;Remaining Q0;Remaining Q0;Remaining Q34;Remaining Q131;0
372661;889;34;3;Remaining Q0;Remaining Q0;Remaining Q0;Remaining Q131;0
372662;922;131;4;Remaining Q0;Remaining Q0;Remaining Q0;Remaining Q0;0
372663;791;0;0;Remaining Q0;Remaining Q0;Remaining Q0;Remaining Q0;0
373668;533;6;1;Remaining Q0;Remaining Q7;Remaining Q14;Remaining Q51;0
373671;794;7;2;Remaining Q0;Remaining Q0;Remaining Q14;Remaining Q51;0
373673;920;35;3;Remaining Q5;Remaining Q18;Remaining Q0;Remaining Q180;0
373675;952;180;4;Remaining Q5;Remaining Q18;Remaining Q0;Remaining Q0;0
373676;772;0;0;Remaining Q5;Remaining Q18;Remaining Q0;Remaining Q0;0
374681;533;12;1;Remaining Q0;Remaining Q35;Remaining Q19;Remaining Q112;0
374688;886;53;3;Remaining Q15;Remaining Q14;Remaining Q0;Remaining Q254;0
374684;788;35;2;Remaining Q0;Remaining Q0;Remaining Q19;Remaining Q112;0
374689;900;254;4;Remaining Q15;Remaining Q14;Remaining Q0;Remaining Q0;0
374691;646;0;0;Remaining Q15;Remaining Q14;Remaining Q0;Remaining Q0;0
375691;533;22;1;Remaining Q0;Remaining Q27;Remaining Q20;Remaining Q109;0
375694;778;27;2;Remaining Q0;Remaining Q0;Remaining Q20;Remaining Q109;0
375697;884;58;3;Remaining Q20;Remaining Q32;Remaining Q0;Remaining Q303;0
375700;893;303;4;Remaining Q20;Remaining Q32;Remaining Q0;Remaining Q0;0
375702;590;0;0;Remaining Q20;Remaining Q32;Remaining Q0;Remaining Q0;0
376705;533;20;1;Remaining Q0;Remaining Q32;Remaining Q0;Remaining Q0;0
376707;780;32;2;Remaining Q0;Remaining Q0;Remaining Q0;Remaining Q0;0
376710;881;19;3;Remaining Q6;Remaining Q18;Remaining Q0;Remaining Q136;0
376712;929;136;4;Remaining Q6;Remaining Q18;Remaining Q0;Remaining Q0;0
376713;793;0;0;Remaining Q6;Remaining Q18;Remaining Q0;Remaining Q0;0
377717;533;6;1;Remaining Q0;Remaining Q18;Remaining Q0;Remaining Q0;0
377720;794;30;2;Remaining Q1;Remaining Q0;Remaining Q25;Remaining Q99;0
377723;897;25;3;Remaining Q1;Remaining Q0;Remaining Q0;Remaining Q99;0
377724;939;99;4;Remaining Q1;Remaining Q0;Remaining Q0;Remaining Q0;0
377725;840;0;0;Remaining Q1;Remaining Q0;Remaining Q0;Remaining Q0;0
378729;533;8;1;Remaining Q0;Remaining Q21;Remaining Q22;Remaining Q122;0
378731;792;21;2;Remaining Q0;Remaining Q0;Remaining Q22;Remaining Q122;0
378733;904;49;3;Remaining Q6;Remaining Q18;Remaining Q0;Remaining Q236;0
378735;922;236;4;Remaining Q6;Remaining Q18;Remaining Q0;Remaining Q0;0
378737;686;0;0;Remaining Q6;Remaining Q18;Remaining Q0;Remaining Q0;0
379743;533;6;1;Remaining Q0;Remaining Q18;Remaining Q0;Remaining Q0;0
379745;794;18;2;Remaining Q0;Remaining Q0;Remaining Q0;Remaining Q0;0
379747;909;21;3;Remaining Q6;Remaining Q11;Remaining Q0;Remaining Q99;0
379749;955;99;4;Remaining Q6;Remaining Q11;Remaining Q0;Remaining Q0;0
379755;856;0;0;Remaining Q6;Remaining Q11;Remaining Q0;Remaining Q0;0
380748;533;12;1;Remaining Q0;Remaining Q37;Remaining Q25;Remaining Q130;0
380751;788;37;2;Remaining Q0;Remaining Q0;Remaining Q25;Remaining Q130;0
380755;899;267;4;Remaining Q7;Remaining Q18;Remaining Q0;Remaining Q0;0
380754;884;52;3;Remaining Q7;Remaining Q18;Remaining Q0;Remaining Q267;0
380758;632;0;0;Remaining Q7;Remaining Q18;Remaining Q0;Remaining Q0;0
381761;533;7;1;Remaining Q0;Remaining Q18;Remaining Q0;Remaining Q0;0
381764;793;18;2;Remaining Q0;Remaining Q0;Remaining Q0;Remaining Q0;0
381766;908;15;3;Remaining Q2;Remaining Q11;Remaining Q0;Remaining Q53;0
381768;960;53;4;Remaining Q2;Remaining Q11;Remaining Q0;Remaining Q0;0
381770;907;0;0;Remaining Q2;Remaining Q11;Remaining Q0;Remaining Q0;0
382770;533;34;1;Remaining Q0;Remaining Q72;Remaining Q90;Remaining Q362;0
382773;766;72;2;Remaining Q0;Remaining Q0;Remaining Q90;Remaining Q362;0
382776;827;101;3;Remaining Q3;Remaining Q6;Remaining Q0;Remaining Q411;0
382778;793;411;4;Remaining Q3;Remaining Q6;Remaining Q0;Remaining Q0;0
382780;382;0;0;Remaining Q3;Remaining Q6;Remaining Q0;Remaining Q0;0
383783;533;3;1;Remaining Q0;Remaining Q6;Remaining Q0;Remaining Q0;0
383786;797;6;2;Remaining Q0;Remaining Q0;Remaining Q0;Remaining Q0;0
383789;924;18;3;Remaining Q7;Remaining Q10;Remaining Q0;Remaining Q103;0
383791;870;0;0;Remaining Q7;Remaining Q10;Remaining Q0;Remaining Q0;0
383790;973;103;4;Remaining Q7;Remaining Q10;Remaining Q0;Remaining Q0;0
384784;533;7;1;Remaining Q0;Remaining Q10;Remaining Q0;Remaining Q0;0
384786;793;10;2;Remaining Q0;Remaining Q0;Remaining Q0;Remaining Q0;0
384788;916;0;3;Remaining Q0;Remaining Q0;Remaining Q0;Remaining Q0;0
384790;983;0;4;Remaining Q0;Remaining Q0;Remaining Q0;Remaining Q0;0
384791;983;0;0;Remaining Q0;Remaining Q0;Remaining Q0;Remaining Q0;0
385790;533;24;1;Remaining Q0;Remaining Q31;Remaining Q69;Remaining Q291;0
385792;776;31;2;Remaining Q0;Remaining Q0;Remaining Q69;Remaining Q291;0
385793;878;69;3;Remaining Q0;Remaining Q0;Remaining Q0;Remaining Q291;0
385795;876;291;4;Remaining Q0;Remaining Q0;Remaining Q0;Remaining Q0;0
385796;585;0;0;Remaining Q0;Remaining Q0;Remaining Q0;Remaining Q0;0
386804;533;2;1;Remaining Q0;Remaining Q11;Remaining Q5;Remaining Q44;0
386806;798;11;2;Remaining Q0;Remaining Q0;Remaining Q5;Remaining Q44;0
386809;982;44;4;Remaining Q0;Remaining Q0;Remaining Q0;Remaining Q0;0
386807;920;5;3;Remaining Q0;Remaining Q0;Remaining Q0;Remaining Q44;0
386810;938;0;0;Remaining Q0;Remaining Q0;Remaining Q0;Remaining Q0;0
387814;533;7;1;Remaining Q0;Remaining Q11;Remaining Q15;Remaining Q79;0
387815;793;11;2;Remaining Q0;Remaining Q0;Remaining Q15;Remaining Q79;0
387818;967;79;4;Remaining Q0;Remaining Q0;Remaining Q0;Remaining Q0;0
387816;915;15;3;Remaining Q0;Remaining Q0;Remaining Q0;Remaining Q79;0
387820;888;0;0;Remaining Q0;Remaining Q0;Remaining Q0;Remaining Q0;0
388829;533;5;1;Remaining Q0;Remaining Q10;Remaining Q22;Remaining Q94;0
388831;795;10;2;Remaining Q0;Remaining Q0;Remaining Q22;Remaining Q94;0
388834;918;22;3;Remaining Q0;Remaining Q0;Remaining Q0;Remaining Q94;0
388835;963;94;4;Remaining Q0;Remaining Q0;Remaining Q0;Remaining Q0;0
388837;869;0;0;Remaining Q0;Remaining Q0;Remaining Q0;Remaining Q0;0
389842;533;7;1;Remaining Q0;Remaining Q16;Remaining Q26;Remaining Q129;0
389845;793;16;2;Remaining Q0;Remaining Q0;Remaining Q26;Remaining Q129;0
389847;910;26;3;Remaining Q0;Remaining Q0;Remaining Q0;Remaining Q129;0
389849;951;129;4;Remaining Q0;Remaining Q0;Remaining Q0;Remaining Q0;0
389850;822;0;0;Remaining Q0;Remaining Q0;Remaining Q0;Remaining Q0;0
390858;533;22;1;Remaining Q0;Remaining Q39;Remaining Q61;Remaining Q247;0
390860;778;39;2;Remaining Q0;Remaining Q0;Remaining Q61;Remaining Q247;0
390862;872;61;3;Remaining Q0;Remaining Q0;Remaining Q0;Remaining Q247;0
390863;878;247;4;Remaining Q0;Remaining Q0;Remaining Q0;Remaining Q0;0
390864;631;0;0;Remaining Q0;Remaining Q0;Remaining Q0;Remaining Q0;0
391869;533;15;1;Remaining Q0;Remaining Q37;Remaining Q57;Remaining Q235;0
391871;785;37;2;Remaining Q0;Remaining Q0;Remaining Q57;Remaining Q235;0
391873;881;57;3;Remaining Q0;Remaining Q0;Remaining Q0;Remaining Q235;0
391874;891;235;4;Remaining Q0;Remaining Q0;Remaining Q0;Remaining Q0;0
391877;656;0;0;Remaining Q0;Remaining Q0;Remaining Q0;Remaining Q0;0
392881;533;9;1;Remaining Q0;Remaining Q15;Remaining Q17;Remaining Q112;0
392883;791;15;2;Remaining Q0;Remaining Q0;Remaining Q17;Remaining Q112;0
392885;909;17;3;Remaining Q0;Remaining Q0;Remaining Q0;Remaining Q112;0
392887;959;112;4;Remaining Q0;Remaining Q0;Remaining Q0;Remaining Q0;0
392888;847;0;0;Remaining Q0;Remaining Q0;Remaining Q0;Remaining Q0;0
393894;533;18;1;Remaining Q0;Remaining Q19;Remaining Q42;Remaining Q171;0
393897;782;19;2;Remaining Q0;Remaining Q0;Remaining Q42;Remaining Q171;0
393900;896;42;3;Remaining Q0;Remaining Q0;Remaining Q0;Remaining Q171;0
393902;921;171;4;Remaining Q0;Remaining Q0;Remaining Q0;Remaining Q0;0
393904;750;0;0;Remaining Q0;Remaining Q0;Remaining Q0;Remaining Q0;0
394897;533;17;1;Remaining Q0;Remaining Q45;Remaining Q68;Remaining Q322;0
394899;783;45;2;Remaining Q0;Remaining Q0;Remaining Q68;Remaining Q322;0
394900;871;68;3;Remaining Q0;Remaining Q0;Remaining Q0;Remaining Q322;0
394902;870;322;4;Remaining Q0;Remaining Q0;Remaining Q0;Remaining Q0;0
394904;548;0;0;Remaining Q0;Remaining Q0;Remaining Q0;Remaining Q0;0
395910;533;8;1;Remaining Q0;Remaining Q11;Remaining Q16;Remaining Q122;0
395912;792;11;2;Remaining Q0;Remaining Q0;Remaining Q16;Remaining Q122;0
395915;914;16;3;Remaining Q0;Remaining Q0;Remaining Q0;Remaining Q122;0
395916;965;122;4;Remaining Q0;Remaining Q0;Remaining Q0;Remaining Q0;0
395918;843;0;0;Remaining Q0;Remaining Q0;Remaining Q0;Remaining Q0;0
396923;533;23;1;Remaining Q0;Remaining Q35;Remaining Q42;Remaining Q203;0
396925;777;35;2;Remaining Q0;Remaining Q0;Remaining Q42;Remaining Q203;0
396928;875;42;3;Remaining Q0;Remaining Q0;Remaining Q0;Remaining Q203;0
396930;900;203;4;Remaining Q0;Remaining Q0;Remaining Q0;Remaining Q0;0
396931;697;0;0;Remaining Q0;Remaining Q0;Remaining Q0;Remaining Q0;0
397936;533;11;1;Remaining Q0;Remaining Q10;Remaining Q26;Remaining Q84;0
397939;789;10;2;Remaining Q0;Remaining Q0;Remaining Q26;Remaining Q84;0
397940;912;26;3;Remaining Q0;Remaining Q0;Remaining Q0;Remaining Q84;0
397942;953;84;4;Remaining Q0;Remaining Q0;Remaining Q0;Remaining Q0;0
397943;869;0;0;Remaining Q0;Remaining Q0;Remaining Q0;Remaining Q0;0
398936;533;13;1;Remaining Q0;Remaining Q20;Remaining Q28;Remaining Q149;0
398937;787;20;2;Remaining Q0;Remaining Q0;Remaining Q28;Remaining Q149;0
398938;900;28;3;Remaining Q0;Remaining Q0;Remaining Q0;Remaining Q149;0
398939;939;149;4;Remaining Q0;Remaining Q0;Remaining Q0;Remaining Q0;0
398940;790;0;0;Remaining Q0;Remaining Q0;Remaining Q0;Remaining Q0;0
399948;533;5;1;Remaining Q0;Remaining Q18;Remaining Q19;Remaining Q125;0
399950;795;18;2;Remaining Q0;Remaining Q0;Remaining Q19;Remaining Q125;0
399952;910;19;3;Remaining Q0;Remaining Q0;Remaining Q0;Remaining Q125;0
399953;958;125;4;Remaining Q0;Remaining Q0;Remaining Q0;Remaining Q0;0
399955;833;0;0;Remaining Q0;Remaining Q0;Remaining Q0;Remaining Q0;0
400958;533;14;1;Remaining Q0;Remaining Q26;Remaining Q35;Remaining Q164;0
400960;786;26;2;Remaining Q0;Remaining Q0;Remaining Q35;Remaining Q164;0
400961;893;35;3;Remaining Q0;Remaining Q0;Remaining Q0;Remaining Q164;0
400962;925;164;4;Remaining Q0;Remaining Q0;Remaining Q0;Remaining Q0;0
400963;761;0;0;Remaining Q0;Remaining Q0;Remaining Q0;Remaining Q0;0
401975;533;16;1;Remaining Q0;Remaining Q21;Remaining Q52;Remaining Q155;0
401977;784;21;2;Remaining Q0;Remaining Q0;Remaining Q52;Remaining Q155;0
401978;896;52;3;Remaining Q0;Remaining Q0;Remaining Q0;Remaining Q155;0
401979;911;155;4;Remaining Q0;Remaining Q0;Remaining Q0;Remaining Q0;0
401980;756;0;0;Remaining Q0;Remaining Q0;Remaining Q0;Remaining Q0;0
402984;533;12;1;Remaining Q0;Remaining Q24;Remaining Q44;Remaining Q222;0
402987;788;24;2;Remaining Q0;Remaining Q0;Remaining Q44;Remaining Q222;0
402988;897;44;3;Remaining Q0;Remaining Q0;Remaining Q0;Remaining Q222;0
402989;920;222;4;Remaining Q0;Remaining Q0;Remaining Q0;Remaining Q0;0
402991;698;0;0;Remaining Q0;Remaining Q0;Remaining Q0;Remaining Q0;0
403997;533;11;1;Remaining Q0;Remaining Q18;Remaining Q34;Remaining Q113;0
404000;789;18;2;Remaining Q0;Remaining Q0;Remaining Q34;Remaining Q113;0
404001;904;34;3;Remaining Q0;Remaining Q0;Remaining Q0;Remaining Q113;0
404004;937;113;4;Remaining Q0;Remaining Q0;Remaining Q0;Remaining Q0;0
404006;824;0;0;Remaining Q0;Remaining Q0;Remaining Q0;Remaining Q0;0
405003;533;5;1;Remaining Q0;Remaining Q19;Remaining Q18;Remaining Q123;0
405005;795;19;2;Remaining Q0;Remaining Q0;Remaining Q18;Remaining Q123;0
405006;909;18;3;Remaining Q0;Remaining Q0;Remaining Q0;Remaining Q123;0
405008;958;123;4;Remaining Q0;Remaining Q0;Remaining Q0;Remaining Q0;0
405009;835;0;0;Remaining Q0;Remaining Q0;Remaining Q0;Remaining Q0;0
406019;533;16;1;Remaining Q0;Remaining Q34;Remaining Q75;Remaining Q287;0
406020;784;34;2;Remaining Q0;Remaining Q0;Remaining Q75;Remaining Q287;0
406022;883;75;3;Remaining Q0;Remaining Q0;Remaining Q0;Remaining Q287;0
406023;875;287;4;Remaining Q0;Remaining Q0;Remaining Q0;Remaining Q0;0
406024;588;0;0;Remaining Q0;Remaining Q0;Remaining Q0;Remaining Q0;0
407031;533;5;1;Remaining Q0;Remaining Q5;Remaining Q12;Remaining Q55;0
407033;795;5;2;Remaining Q0;Remaining Q0;Remaining Q12;Remaining Q55;0
407036;978;55;4;Remaining Q0;Remaining Q0;Remaining Q0;Remaining Q0;0
407035;923;12;3;Remaining Q0;Remaining Q0;Remaining Q0;Remaining Q55;0
407038;923;0;0;Remaining Q0;Remaining Q0;Remaining Q0;Remaining Q0;0
408043;533;14;1;Remaining Q0;Remaining Q20;Remaining Q46;Remaining Q164;0
408045;786;20;2;Remaining Q0;Remaining Q0;Remaining Q46;Remaining Q164;0
408046;899;46;3;Remaining Q0;Remaining Q0;Remaining Q0;Remaining Q164;0
408047;920;164;4;Remaining Q0;Remaining Q0;Remaining Q0;Remaining Q0;0
408048;756;0;0;Remaining Q0;Remaining Q0;Remaining Q0;Remaining Q0;0
409053;533;5;1;Remaining Q0;Remaining Q6;Remaining Q19;Remaining Q54;0
409054;795;6;2;Remaining Q0;Remaining Q0;Remaining Q19;Remaining Q54;0
409057;922;19;3;Remaining Q0;Remaining Q0;Remaining Q0;Remaining Q54;0
409058;970;54;4;Remaining Q0;Remaining Q0;Remaining Q0;Remaining Q0;0
409060;916;0;0;Remaining Q0;Remaining Q0;Remaining Q0;Remaining Q0;0
410065;533;23;1;Remaining Q0;Remaining Q34;Remaining Q57;Remaining Q262;0
410067;777;34;2;Remaining Q0;Remaining Q0;Remaining Q57;Remaining Q262;0
410069;876;57;3;Remaining Q0;Remaining Q0;Remaining Q0;Remaining Q262;0
410071;886;262;4;Remaining Q0;Remaining Q0;Remaining Q0;Remaining Q0;0
410072;624;0;0;Remaining Q0;Remaining Q0;Remaining Q0;Remaining Q0;0
411079;533;4;1;Remaining Q0;Remaining Q5;Remaining Q14;Remaining Q70;0
411081;796;5;2;Remaining Q0;Remaining Q0;Remaining Q14;Remaining Q70;0
411082;924;14;3;Remaining Q0;Remaining Q0;Remaining Q0;Remaining Q70;0
411085;977;70;4;Remaining Q0;Remaining Q0;Remaining Q0;Remaining Q0;0
411086;907;0;0;Remaining Q0;Remaining Q0;Remaining Q0;Remaining Q0;0
412085;533;5;1;Remaining Q0;Remaining Q17;Remaining Q12;Remaining Q74;0
412086;795;17;2;Remaining Q0;Remaining Q0;Remaining Q12;Remaining Q74;0
412088;911;12;3;Remaining Q0;Remaining Q0;Remaining Q0;Remaining Q74;0
412089;966;74;4;Remaining Q0;Remaining Q0;Remaining Q0;Remaining Q0;0
412090;892;0;0;Remaining Q0;Remaining Q0;Remaining Q0;Remaining Q0;0
413096;533;13;1;Remaining Q0;Remaining Q18;Remaining Q28;Remaining Q122;0
413098;787;18;2;Remaining Q0;Remaining Q0;Remaining Q28;Remaining Q122;0
413100;902;28;3;Remaining Q0;Remaining Q0;Remaining Q0;Remaining Q122;0
413102;941;122;4;Remaining Q0;Remaining Q0;Remaining Q0;Remaining Q0;0
413104;819;0;0;Remaining Q0;Remaining Q0;Remaining Q0;Remaining Q0;0
414098;533;2;1;Remaining Q0;Remaining Q7;Remaining Q9;Remaining Q52;0
414102;798;7;2;Remaining Q0;Remaining Q0;Remaining Q9;Remaining Q52;0
414104;924;9;3;Remaining Q0;Remaining Q0;Remaining Q0;Remaining Q52;0
414105;982;52;4;Remaining Q0;Remaining Q0;Remaining Q0;Remaining Q0;0
414106;930;0;0;Remaining Q0;Remaining Q0;Remaining Q0;Remaining Q0;0
415099;533;4;1;Remaining Q0;Remaining Q5;Remaining Q12;Remaining Q55;0
415101;796;5;2;Remaining Q0;Remaining Q0;Remaining Q12;Remaining Q55;0
415103;924;12;3;Remaining Q0;Remaining Q0;Remaining Q0;Remaining Q55;0
415105;979;55;4;Remaining Q0;Remaining Q0;Remaining Q0;Remaining Q0;0
415107;924;0;0;Remaining Q0;Remaining Q0;Remaining Q0;Remaining Q0;0
416112;533;17;1;Remaining Q0;Remaining Q35;Remaining Q48;Remaining Q196;0
416115;783;35;2;Remaining Q0;Remaining Q0;Remaining Q48;Remaining Q196;0
416117;881;48;3;Remaining Q0;Remaining Q0;Remaining Q0;Remaining Q196;0
416119;900;196;4;Remaining Q0;Remaining Q0;Remaining Q0;Remaining Q0;0
416121;704;0;0;Remaining Q0;Remaining Q0;Remaining Q0;Remaining Q0;0
417126;533;19;1;Remaining Q0;Remaining Q31;Remaining Q35;Remaining Q235;0
417129;781;31;2;Remaining Q0;Remaining Q0;Remaining Q35;Remaining Q235;0
417130;883;35;3;Remaining Q0;Remaining Q0;Remaining Q0;Remaining Q235;0
417132;915;235;4;Remaining Q0;Remaining Q0;Remaining Q0;Remaining Q0;0
417133;680;0;0;Remaining Q0;Remaining Q0;Remaining Q0;Remaining Q0;0
418138;533;11;1;Remaining Q0;Remaining Q16;Remaining Q27;Remaining Q135;0
418141;789;16;2;Remaining Q0;Remaining Q0;Remaining Q27;Remaining Q135;0
418143;906;27;3;Remaining Q0;Remaining Q0;Remaining Q0;Remaining Q135;0
418144;946;135;4;Remaining Q0;Remaining Q0;Remaining Q0;Remaining Q0;0
418146;811;0;0;Remaining Q0;Remaining Q0;Remaining Q0;Remaining Q0;0
419151;533;8;1;Remaining Q0;Remaining Q26;Remaining Q47;Remaining Q218;0
419154;792;26;2;Remaining Q0;Remaining Q0;Remaining Q47;Remaining Q218;0
419155;899;47;3;Remaining Q0;Remaining Q0;Remaining Q0;Remaining Q218;0
419157;919;218;4;Remaining Q0;Remaining Q0;Remaining Q0;Remaining Q0;0
419158;701;0;0;Remaining Q0;Remaining Q0;Remaining Q0;Remaining Q0;0
420151;533;6;1;Remaining Q0;Remaining Q13;Remaining Q15;Remaining Q57;0
420153;794;13;2;Remaining Q0;Remaining Q0;Remaining Q15;Remaining Q57;0
420155;914;15;3;Remaining Q0;Remaining Q0;Remaining Q0;Remaining Q57;0
420157;966;57;4;Remaining Q0;Remaining Q0;Remaining Q0;Remaining Q0;0
420158;909;0;0;Remaining Q0;Remaining Q0;Remaining Q0;Remaining Q0;0
421156;533;22;1;Remaining Q0;Remaining Q23;Remaining Q42;Remaining Q215;0
421158;778;23;2;Remaining Q0;Remaining Q0;Remaining Q42;Remaining Q215;0
421160;888;42;3;Remaining Q0;Remaining Q0;Remaining Q0;Remaining Q215;0
421162;913;215;4;Remaining Q0;Remaining Q0;Remaining Q0;Remaining Q0;0
421163;698;0;0;Remaining Q0;Remaining Q0;Remaining Q0;Remaining Q0;0
422166;533;22;1;Remaining Q0;Remaining Q42;Remaining Q47;Remaining Q261;0
422168;778;42;2;Remaining Q0;Remaining Q0;Remaining Q47;Remaining Q261;0
422170;869;47;3;Remaining Q0;Remaining Q0;Remaining Q0;Remaining Q261;0
422171;889;261;4;Remaining Q0;Remaining Q0;Remaining Q0;Remaining Q0;0
422174;628;0;0;Remaining Q0;Remaining Q0;Remaining Q0;Remaining Q0;0
423170;533;9;1;Remaining Q0;Remaining Q16;Remaining Q32;Remaining Q121;0
423172;791;16;2;Remaining Q0;Remaining Q0;Remaining Q32;Remaining Q121;0
423174;908;32;3;Remaining Q0;Remaining Q0;Remaining Q0;Remaining Q121;0
423176;943;121;4;Remaining Q0;Remaining Q0;Remaining Q0;Remaining Q0;0
423178;822;0;0;Remaining Q0;Remaining Q0;Remaining Q0;Remaining Q0;0
424170;533;5;1;Remaining Q0;Remaining Q15;Remaining Q16;Remaining Q121;0
424172;795;15;2;Remaining Q0;Remaining Q0;Remaining Q16;Remaining Q121;0
424174;913;16;3;Remaining Q0;Remaining Q0;Remaining Q0;Remaining Q121;0
424175;964;121;4;Remaining Q0;Remaining Q0;Remaining Q0;Remaining Q0;0
424176;843;0;0;Remaining Q0;Remaining Q0;Remaining Q0;Remaining Q0;0
425180;533;11;1;Remaining Q0;Remaining Q30;Remaining Q46;Remaining Q223;0
425182;789;30;2;Remaining Q0;Remaining Q0;Remaining Q46;Remaining Q223;0
425184;892;46;3;Remaining Q0;Remaining Q0;Remaining Q0;Remaining Q223;0
425185;913;223;4;Remaining Q0;Remaining Q0;Remaining Q0;Remaining Q0;0
425187;690;0;0;Remaining Q0;Remaining Q0;Remaining Q0;Remaining Q0;0
426191;533;15;1;Remaining Q0;Remaining Q28;Remaining Q47;Remaining Q202;0
426193;785;28;2;Remaining Q0;Remaining Q0;Remaining Q47;Remaining Q202;0
426194;890;47;3;Remaining Q0;Remaining Q0;Remaining Q0;Remaining Q202;0
426195;910;202;4;Remaining Q0;Remaining Q0;Remaining Q0;Remaining Q0;0
426196;708;0;0;Remaining Q0;Remaining Q0;Remaining Q0;Remaining Q0;0
427206;533;6;1;Remaining Q0;Remaining Q15;Remaining Q27;Remaining Q137;0
427209;794;30;2;Remaining Q6;Remaining Q0;Remaining Q43;Remaining Q201;0
427211;897;43;3;Remaining Q6;Remaining Q0;Remaining Q0;Remaining Q201;0
427212;921;201;4;Remaining Q6;Remaining Q0;Remaining Q0;Remaining Q0;0
427213;720;0;0;Remaining Q6;Remaining Q0;Remaining Q0;Remaining Q0;0
428206;533;11;1;Remaining Q0;Remaining Q19;Remaining Q39;Remaining Q134;0
428208;789;19;2;Remaining Q0;Remaining Q0;Remaining Q39;Remaining Q134;0
428210;903;39;3;Remaining Q0;Remaining Q0;Remaining Q0;Remaining Q134;0
428212;931;134;4;Remaining Q0;Remaining Q0;Remaining Q0;Remaining Q0;0
428213;797;0;0;Remaining Q0;Remaining Q0;Remaining Q0;Remaining Q0;0
429216;533;5;1;Remaining Q0;Remaining Q13;Remaining Q14;Remaining Q79;0
429219;795;13;2;Remaining Q0;Remaining Q0;Remaining Q14;Remaining Q79;0
429222;915;30;3;Remaining Q3;Remaining Q10;Remaining Q0;Remaining Q161;0
429224;952;161;4;Remaining Q3;Remaining Q10;Remaining Q0;Remaining Q0;0
429226;791;0;0;Remaining Q3;Remaining Q10;Remaining Q0;Remaining Q0;0
430230;533;3;1;Remaining Q0;Remaining Q10;Remaining Q0;Remaining Q0;0
430233;797;10;2;Remaining Q0;Remaining Q0;Remaining Q0;Remaining Q0;0
430236;920;9;3;Remaining Q4;Remaining Q9;Remaining Q0;Remaining Q91;0
430238;978;91;4;Remaining Q4;Remaining Q9;Remaining Q0;Remaining Q0;0
430240;887;0;0;Remaining Q4;Remaining Q9;Remaining Q0;Remaining Q0;0
431241;533;13;1;Remaining Q0;Remaining Q42;Remaining Q52;Remaining Q185;0
431244;787;42;2;Remaining Q0;Remaining Q0;Remaining Q52;Remaining Q185;0
431245;878;52;3;Remaining Q0;Remaining Q0;Remaining Q0;Remaining Q185;0
431246;893;185;4;Remaining Q0;Remaining Q0;Remaining Q0;Remaining Q0;0
431248;708;0;0;Remaining Q0;Remaining Q0;Remaining Q0;Remaining Q0;0
432252;533;21;1;Remaining Q0;Remaining Q31;Remaining Q45;Remaining Q229;0
432254;779;31;2;Remaining Q0;Remaining Q0;Remaining Q45;Remaining Q229;0
432257;881;45;3;Remaining Q0;Remaining Q0;Remaining Q0;Remaining Q229;0
432258;903;229;4;Remaining Q0;Remaining Q0;Remaining Q0;Remaining Q0;0
432260;674;0;0;Remaining Q0;Remaining Q0;Remaining Q0;Remaining Q0;0
433264;533;8;1;Remaining Q0;Remaining Q11;Remaining Q29;Remaining Q122;0
433266;792;11;2;Remaining Q0;Remaining Q0;Remaining Q29;Remaining Q122;0
433269;914;52;3;Remaining Q5;Remaining Q5;Remaining Q0;Remaining Q225;0
433272;929;225;4;Remaining Q5;Remaining Q5;Remaining Q0;Remaining Q0;0
433274;704;0;0;Remaining Q5;Remaining Q5;Remaining Q0;Remaining Q0;0
434276;533;5;1;Remaining Q0;Remaining Q5;Remaining Q0;Remaining Q0;0
434279;795;5;2;Remaining Q0;Remaining Q0;Remaining Q0;Remaining Q0;0
434281;923;20;3;Remaining Q8;Remaining Q16;Remaining Q0;Remaining Q124;0
434286;970;124;4;Remaining Q8;Remaining Q16;Remaining Q0;Remaining Q0;0
434287;846;0;0;Remaining Q8;Remaining Q16;Remaining Q0;Remaining Q0;0
435289;533;8;1;Remaining Q0;Remaining Q16;Remaining Q0;Remaining Q0;0
435293;792;37;2;Remaining Q11;Remaining Q0;Remaining Q36;Remaining Q123;0
435295;888;36;3;Remaining Q11;Remaining Q0;Remaining Q0;Remaining Q123;0
435298;796;0;0;Remaining Q11;Remaining Q0;Remaining Q0;Remaining Q0;0
435296;919;123;4;Remaining Q11;Remaining Q0;Remaining Q0;Remaining Q0;0
436301;533;16;1;Remaining Q0;Remaining Q8;Remaining Q11;Remaining Q65;0
436303;784;8;2;Remaining Q0;Remaining Q0;Remaining Q11;Remaining Q65;0
436306;909;50;3;Remaining Q9;Remaining Q18;Remaining Q0;Remaining Q188;0
436308;926;188;4;Remaining Q9;Remaining Q18;Remaining Q0;Remaining Q0;0
436310;738;0;0;Remaining Q9;Remaining Q18;Remaining Q0;Remaining Q0;0
437313;533;9;1;Remaining Q0;Remaining Q18;Remaining Q0;Remaining Q0;0
437316;791;18;2;Remaining Q0;Remaining Q0;Remaining Q0;Remaining Q0;0
437320;906;54;3;Remaining Q21;Remaining Q31;Remaining Q0;Remaining Q196;0
437322;919;196;4;Remaining Q21;Remaining Q31;Remaining Q0;Remaining Q0;0
437323;723;0;0;Remaining Q21;Remaining Q31;Remaining Q0;Remaining Q0;0
438327;533;29;1;Remaining Q0;Remaining Q38;Remaining Q17;Remaining Q77;0
438329;771;38;2;Remaining Q0;Remaining Q0;Remaining Q17;Remaining Q77;0
438332;866;34;3;Remaining Q7;Remaining Q11;Remaining Q0;Remaining Q151;0
438334;899;151;4;Remaining Q7;Remaining Q11;Remaining Q0;Remaining Q0;0
438336;748;0;0;Remaining Q7;Remaining Q11;Remaining Q0;Remaining Q0;0
439335;533;13;1;Remaining Q0;Remaining Q23;Remaining Q18;Remaining Q60;0
439337;787;23;2;Remaining Q0;Remaining Q0;Remaining Q18;Remaining Q60;0
439340;897;18;3;Remaining Q0;Remaining Q0;Remaining Q0;Remaining Q60;0
439341;946;60;4;Remaining Q0;Remaining Q0;Remaining Q0;Remaining Q0;0
439342;886;0;0;Remaining Q0;Remaining Q0;Remaining Q0;Remaining Q0;0
440349;533;12;1;Remaining Q0;Remaining Q21;Remaining Q33;Remaining Q179;0
440351;788;21;2;Remaining Q0;Remaining Q0;Remaining Q33;Remaining Q179;0
440354;900;33;3;Remaining Q0;Remaining Q0;Remaining Q0;Remaining Q179;0
440357;934;179;4;Remaining Q0;Remaining Q0;Remaining Q0;Remaining Q0;0
440358;755;0;0;Remaining Q0;Remaining Q0;Remaining Q0;Remaining Q0;0
441353;533;2;1;Remaining Q0;Remaining Q17;Remaining Q13;Remaining Q63;0
441357;798;36;2;Remaining Q5;Remaining Q0;Remaining Q26;Remaining Q150;0
441359;895;26;3;Remaining Q5;Remaining Q0;Remaining Q0;Remaining Q150;0
441360;936;150;4;Remaining Q5;Remaining Q0;Remaining Q0;Remaining Q0;0
441361;786;0;0;Remaining Q5;Remaining Q0;Remaining Q0;Remaining Q0;0
442355;533;20;1;Remaining Q0;Remaining Q26;Remaining Q40;Remaining Q186;0
442360;780;40;2;Remaining Q8;Remaining Q0;Remaining Q68;Remaining Q311;0
442362;873;68;3;Remaining Q8;Remaining Q0;Remaining Q0;Remaining Q311;0
442364;872;311;4;Remaining Q8;Remaining Q0;Remaining Q0;Remaining Q0;0
442366;561;0;0;Remaining Q8;Remaining Q0;Remaining Q0;Remaining Q0;0
443369;533;14;1;Remaining Q0;Remaining Q6;Remaining Q12;Remaining Q45;0
443370;786;6;2;Remaining Q0;Remaining Q0;Remaining Q12;Remaining Q45;0
443374;913;61;3;Remaining Q16;Remaining Q38;Remaining Q0;Remaining Q302;0
443376;919;302;4;Remaining Q16;Remaining Q38;Remaining Q0;Remaining Q0;0
443378;617;0;0;Remaining Q16;Remaining Q38;Remaining Q0;Remaining Q0;0
444379;533;22;1;Remaining Q0;Remaining Q44;Remaining Q9;Remaining Q50;0
444382;778;44;2;Remaining Q0;Remaining Q0;Remaining Q9;Remaining Q50;0
444383;867;9;3;Remaining Q0;Remaining Q0;Remaining Q0;Remaining Q50;0
444386;925;50;4;Remaining Q0;Remaining Q0;Remaining Q0;Remaining Q0;0
444388;875;0;0;Remaining Q0;Remaining Q0;Remaining Q0;Remaining Q0;0
445393;533;5;1;Remaining Q0;Remaining Q13;Remaining Q23;Remaining Q85;0
445398;915;33;3;Remaining Q4;Remaining Q11;Remaining Q0;Remaining Q163;0
445396;795;13;2;Remaining Q0;Remaining Q0;Remaining Q23;Remaining Q85;0
445399;949;163;4;Remaining Q4;Remaining Q11;Remaining Q0;Remaining Q0;0
445402;786;0;0;Remaining Q4;Remaining Q11;Remaining Q0;Remaining Q0;0
446405;533;4;1;Remaining Q0;Remaining Q11;Remaining Q0;Remaining Q0;0
446408;796;11;2;Remaining Q0;Remaining Q0;Remaining Q0;Remaining Q0;0
446410;918;35;3;Remaining Q13;Remaining Q16;Remaining Q0;Remaining Q155;0
446412;950;155;4;Remaining Q13;Remaining Q16;Remaining Q0;Remaining Q0;0
446414;795;0;0;Remaining Q13;Remaining Q16;Remaining Q0;Remaining Q0;0
447419;533;13;1;Remaining Q0;Remaining Q16;Remaining Q0;Remaining Q0;0
447422;787;16;2;Remaining Q0;Remaining Q0;Remaining Q0;Remaining Q0;0
447424;904;30;3;Remaining Q6;Remaining Q17;Remaining Q0;Remaining Q112;0
447426;941;112;4;Remaining Q6;Remaining Q17;Remaining Q0;Remaining Q0;0
447427;829;0;0;Remaining Q6;Remaining Q17;Remaining Q0;Remaining Q0;0
448428;533;17;1;Remaining Q0;Remaining Q32;Remaining Q17;Remaining Q100;0
448430;783;32;2;Remaining Q0;Remaining Q0;Remaining Q17;Remaining Q100;0
448431;884;34;3;Remaining Q8;Remaining Q18;Remaining Q0;Remaining Q185;0
448433;917;185;4;Remaining Q8;Remaining Q18;Remaining Q0;Remaining Q0;0
448435;732;0;0;Remaining Q8;Remaining Q18;Remaining Q0;Remaining Q0;0
449444;533;8;1;Remaining Q0;Remaining Q18;Remaining Q0;Remaining Q0;0
449448;792;34;2;Remaining Q6;Remaining Q0;Remaining Q30;Remaining Q142;0
449449;891;30;3;Remaining Q6;Remaining Q0;Remaining Q0;Remaining Q142;0
449450;928;142;4;Remaining Q6;Remaining Q0;Remaining Q0;Remaining Q0;0
449452;786;0;0;Remaining Q6;Remaining Q0;Remaining Q0;Remaining Q0;0
450444;533;17;1;Remaining Q0;Remaining Q28;Remaining Q20;Remaining Q124;0
450446;783;28;2;Remaining Q0;Remaining Q0;Remaining Q20;Remaining Q124;0
450449;888;38;3;Remaining Q2;Remaining Q9;Remaining Q0;Remaining Q191;0
450451;917;191;4;Remaining Q2;Remaining Q9;Remaining Q0;Remaining Q0;0
450453;726;0;0;Remaining Q2;Remaining Q9;Remaining Q0;Remaining Q0;0
451453;533;7;1;Remaining Q0;Remaining Q27;Remaining Q21;Remaining Q105;0
451455;793;27;2;Remaining Q0;Remaining Q0;Remaining Q21;Remaining Q105;0
451456;899;21;3;Remaining Q0;Remaining Q0;Remaining Q0;Remaining Q105;0
451458;945;347;4;Remaining Q15;Remaining Q39;Remaining Q47;Remaining Q0;0
451460;598;0;0;Remaining Q15;Remaining Q39;Remaining Q47;Remaining Q0;0
452457;533;15;1;Remaining Q0;Remaining Q39;Remaining Q47;Remaining Q0;0
452458;785;39;2;Remaining Q0;Remaining Q0;Remaining Q47;Remaining Q0;0
452460;879;47;3;Remaining Q0;Remaining Q0;Remaining Q0;Remaining Q0;0
452462;899;0;4;Remaining Q0;Remaining Q0;Remaining Q0;Remaining Q0;0
452463;899;0;0;Remaining Q0;Remaining Q0;Remaining Q0;Remaining Q0;0
453469;533;1;1;Remaining Q0;Remaining Q7;Remaining Q17;Remaining Q66;0
453472;799;7;2;Remaining Q0;Remaining Q0;Remaining Q17;Remaining Q66;0
453474;925;17;3;Remaining Q0;Remaining Q0;Remaining Q0;Remaining Q66;0
453475;975;66;4;Remaining Q0;Remaining Q0;Remaining Q0;Remaining Q0;0
453477;909;0;0;Remaining Q0;Remaining Q0;Remaining Q0;Remaining Q0;0
454483;533;22;1;Remaining Q0;Remaining Q37;Remaining Q53;Remaining Q253;0
454484;778;37;2;Remaining Q0;Remaining Q0;Remaining Q53;Remaining Q253;0
454486;874;53;3;Remaining Q0;Remaining Q0;Remaining Q0;Remaining Q253;0
454488;888;253;4;Remaining Q0;Remaining Q0;Remaining Q0;Remaining Q0;0
454489;635;0;0;Remaining Q0;Remaining Q0;Remaining Q0;Remaining Q0;0
455494;533;15;1;Remaining Q0;Remaining Q35;Remaining Q49;Remaining Q218;0
455497;785;35;2;Remaining Q0;Remaining Q0;Remaining Q49;Remaining Q218;0
455499;883;49;3;Remaining Q0;Remaining Q0;Remaining Q0;Remaining Q218;0
455501;901;218;4;Remaining Q0;Remaining Q0;Remaining Q0;Remaining Q0;0
455503;683;0;0;Remaining Q0;Remaining Q0;Remaining Q0;Remaining Q0;0
456508;533;29;1;Remaining Q0;Remaining Q39;Remaining Q63;Remaining Q285;0
456511;771;39;2;Remaining Q0;Remaining Q0;Remaining Q63;Remaining Q285;0
456513;865;63;3;Remaining Q0;Remaining Q0;Remaining Q0;Remaining Q285;0
456515;869;285;4;Remaining Q0;Remaining Q0;Remaining Q0;Remaining Q0;0
456517;584;0;0;Remaining Q0;Remaining Q0;Remaining Q0;Remaining Q0;0
457520;533;5;1;Remaining Q0;Remaining Q10;Remaining Q11;Remaining Q91;0
457522;795;10;2;Remaining Q0;Remaining Q0;Remaining Q11;Remaining Q91;0
457523;918;11;3;Remaining Q0;Remaining Q0;Remaining Q0;Remaining Q91;0
457525;974;91;4;Remaining Q0;Remaining Q0;Remaining Q0;Remaining Q0;0
457527;883;0;0;Remaining Q0;Remaining Q0;Remaining Q0;Remaining Q0;0
458533;533;13;1;Remaining Q0;Remaining Q31;Remaining Q49;Remaining Q204;0
458536;787;31;2;Remaining Q0;Remaining Q0;Remaining Q49;Remaining Q204;0
458537;889;49;3;Remaining Q0;Remaining Q0;Remaining Q0;Remaining Q204;0
458539;907;204;4;Remaining Q0;Remaining Q0;Remaining Q0;Remaining Q0;0
458541;703;0;0;Remaining Q0;Remaining Q0;Remaining Q0;Remaining Q0;0
459545;533;17;1;Remaining Q0;Remaining Q38;Remaining Q44;Remaining Q276;0
459547;783;38;2;Remaining Q0;Remaining Q0;Remaining Q44;Remaining Q276;0
459549;878;44;3;Remaining Q0;Remaining Q0;Remaining Q0;Remaining Q276;0
459551;901;276;4;Remaining Q0;Remaining Q0;Remaining Q0;Remaining Q0;0
459553;625;0;0;Remaining Q0;Remaining Q0;Remaining Q0;Remaining Q0;0
460549;533;10;1;Remaining Q0;Remaining Q17;Remaining Q25;Remaining Q94;0
460551;790;17;2;Remaining Q0;Remaining Q0;Remaining Q25;Remaining Q94;0
460552;906;25;3;Remaining Q0;Remaining Q0;Remaining Q0;Remaining Q94;0
460553;948;94;4;Remaining Q0;Remaining Q0;Remaining Q0;Remaining Q0;0
460554;854;0;0;Remaining Q0;Remaining Q0;Remaining Q0;Remaining Q0;0
461551;533;21;1;Remaining Q0;Remaining Q30;Remaining Q46;Remaining Q261;0
461553;779;30;2;Remaining Q0;Remaining Q0;Remaining Q46;Remaining Q261;0
461555;882;46;3;Remaining Q0;Remaining Q0;Remaining Q0;Remaining Q261;0
461556;903;261;4;Remaining Q0;Remaining Q0;Remaining Q0;Remaining Q0;0
461558;642;0;0;Remaining Q0;Remaining Q0;Remaining Q0;Remaining Q0;0
462551;533;5;1;Remaining Q0;Remaining Q5;Remaining Q14;Remaining Q39;0
462554;795;5;2;Remaining Q0;Remaining Q0;Remaining Q14;Remaining Q39;0
462555;923;14;3;Remaining Q0;Remaining Q0;Remaining Q0;Remaining Q39;0
462556;976;39;4;Remaining Q0;Remaining Q0;Remaining Q0;Remaining Q0;0
462558;937;0;0;Remaining Q0;Remaining Q0;Remaining Q0;Remaining Q0;0
463560;533;7;1;Remaining Q0;Remaining Q14;Remaining Q20;Remaining Q85;0
463562;793;14;2;Remaining Q0;Remaining Q0;Remaining Q20;Remaining Q85;0
463563;912;20;3;Remaining Q0;Remaining Q0;Remaining Q0;Remaining Q85;0
463565;959;85;4;Remaining Q0;Remaining Q0;Remaining Q0;Remaining Q0;0
463566;874;0;0;Remaining Q0;Remaining Q0;Remaining Q0;Remaining Q0;0
464573;533;17;1;Remaining Q0;Remaining Q26;Remaining Q33;Remaining Q197;0
464575;783;26;2;Remaining Q0;Remaining Q0;Remaining Q33;Remaining Q197;0
464576;890;33;3;Remaining Q0;Remaining Q0;Remaining Q0;Remaining Q197;0
464578;924;197;4;Remaining Q0;Remaining Q0;Remaining Q0;Remaining Q0;0
464579;727;0;0;Remaining Q0;Remaining Q0;Remaining Q0;Remaining Q0;0
465578;533;9;1;Remaining Q0;Remaining Q13;Remaining Q18;Remaining Q106;0
465580;791;13;2;Remaining Q0;Remaining Q0;Remaining Q18;Remaining Q106;0
465582;911;18;3;Remaining Q0;Remaining Q0;Remaining Q0;Remaining Q106;0
465583;960;106;4;Remaining Q0;Remaining Q0;Remaining Q0;Remaining Q0;0
465585;854;0;0;Remaining Q0;Remaining Q0;Remaining Q0;Remaining Q0;0
466591;533;14;1;Remaining Q0;Remaining Q19;Remaining Q28;Remaining Q177;0
466594;786;19;2;Remaining Q0;Remaining Q0;Remaining Q28;Remaining Q177;0
466595;900;28;3;Remaining Q0;Remaining Q0;Remaining Q0;Remaining Q177;0
466596;939;177;4;Remaining Q0;Remaining Q0;Remaining Q0;Remaining Q0;0
466598;762;0;0;Remaining Q0;Remaining Q0;Remaining Q0;Remaining Q0;0
467603;533;8;1;Remaining Q0;Remaining Q7;Remaining Q19;Remaining Q55;0
467605;792;7;2;Remaining Q0;Remaining Q0;Remaining Q19;Remaining Q55;0
467607;918;19;3;Remaining Q0;Remaining Q0;Remaining Q0;Remaining Q55;0
467609;966;55;4;Remaining Q0;Remaining Q0;Remaining Q0;Remaining Q0;0
467610;911;0;0;Remaining Q0;Remaining Q0;Remaining Q0;Remaining Q0;0
468616;533;6;1;Remaining Q0;Remaining Q18;Remaining Q33;Remaining Q152;0
468619;794;18;2;Remaining Q0;Remaining Q0;Remaining Q33;Remaining Q152;0
468622;909;33;3;Remaining Q0;Remaining Q0;Remaining Q0;Remaining Q152;0
468624;943;152;4;Remaining Q0;Remaining Q0;Remaining Q0;Remaining Q0;0
468625;791;0;0;Remaining Q0;Remaining Q0;Remaining Q0;Remaining Q0;0
469628;533;11;1;Remaining Q0;Remaining Q27;Remaining Q39;Remaining Q183;0
469630;789;27;2;Remaining Q0;Remaining Q0;Remaining Q39;Remaining Q183;0
469631;895;39;3;Remaining Q0;Remaining Q0;Remaining Q0;Remaining Q183;0
469633;923;183;4;Remaining Q0;Remaining Q0;Remaining Q0;Remaining Q0;0
469635;740;0;0;Remaining Q0;Remaining Q0;Remaining Q0;Remaining Q0;0
470628;533;7;1;Remaining Q0;Remaining Q7;Remaining Q20;Remaining Q89;0
470629;793;7;2;Remaining Q0;Remaining Q0;Remaining Q20;Remaining Q89;0
470631;919;20;3;Remaining Q0;Remaining Q0;Remaining Q0;Remaining Q89;0
470633;966;89;4;Remaining Q0;Remaining Q0;Remaining Q0;Remaining Q0;0
470635;877;0;0;Remaining Q0;Remaining Q0;Remaining Q0;Remaining Q0;0
471629;533;2;1;Remaining Q0;Remaining Q4;Remaining Q8;Remaining Q60;0
471632;798;4;2;Remaining Q0;Remaining Q0;Remaining Q8;Remaining Q60;0
471634;927;8;3;Remaining Q0;Remaining Q0;Remaining Q0;Remaining Q60;0
471636;986;60;4;Remaining Q0;Remaining Q0;Remaining Q0;Remaining Q0;0
471638;926;0;0;Remaining Q0;Remaining Q0;Remaining Q0;Remaining Q0;0
472630;533;9;1;Remaining Q0;Remaining Q17;Remaining Q21;Remaining Q107;0
472633;791;17;2;Remaining Q0;Remaining Q0;Remaining Q21;Remaining Q107;0
472634;907;21;3;Remaining Q0;Remaining Q0;Remaining Q0;Remaining Q107;0
472636;953;107;4;Remaining Q0;Remaining Q0;Remaining Q0;Remaining Q0;0
472637;846;0;0;Remaining Q0;Remaining Q0;Remaining Q0;Remaining Q0;0
473645;533;4;1;Remaining Q0;Remaining Q10;Remaining Q8;Remaining Q69;0
473648;796;10;2;Remaining Q0;Remaining Q0;Remaining Q8;Remaining Q69;0
473650;919;8;3;Remaining Q0;Remaining Q0;Remaining Q0;Remaining Q69;0
473652;978;69;4;Remaining Q0;Remaining Q0;Remaining Q0;Remaining Q0;0
473653;909;0;0;Remaining Q0;Remaining Q0;Remaining Q0;Remaining Q0;0
474657;533;14;1;Remaining Q0;Remaining Q26;Remaining Q45;Remaining Q177;0
474658;786;26;2;Remaining Q0;Remaining Q0;Remaining Q45;Remaining Q177;0
474660;893;45;3;Remaining Q0;Remaining Q0;Remaining Q0;Remaining Q177;0
474661;915;177;4;Remaining Q0;Remaining Q0;Remaining Q0;Remaining Q0;0
474662;738;0;0;Remaining Q0;Remaining Q0;Remaining Q0;Remaining Q0;0
475669;533;19;1;Remaining Q0;Remaining Q44;Remaining Q54;Remaining Q223;0
475671;781;44;2;Remaining Q0;Remaining Q0;Remaining Q54;Remaining Q223;0
475673;870;54;3;Remaining Q0;Remaining Q0;Remaining Q0;Remaining Q223;0
475675;883;223;4;Remaining Q0;Remaining Q0;Remaining Q0;Remaining Q0;0
475676;660;0;0;Remaining Q0;Remaining Q0;Remaining Q0;Remaining Q0;0
476676;533;17;1;Remaining Q0;Remaining Q23;Remaining Q56;Remaining Q181;0
476679;783;23;2;Remaining Q0;Remaining Q0;Remaining Q56;Remaining Q181;0
476681;893;56;3;Remaining Q0;Remaining Q0;Remaining Q0;Remaining Q181;0
476684;904;181;4;Remaining Q0;Remaining Q0;Remaining Q0;Remaining Q0;0
476688;723;0;0;Remaining Q0;Remaining Q0;Remaining Q0;Remaining Q0;0
477685;533;17;1;Remaining Q0;Remaining Q25;Remaining Q32;Remaining Q178;0
477688;783;25;2;Remaining Q0;Remaining Q0;Remaining Q32;Remaining Q178;0
477691;891;32;3;Remaining Q0;Remaining Q0;Remaining Q0;Remaining Q178;0
477694;926;178;4;Remaining Q0;Remaining Q0;Remaining Q0;Remaining Q0;0
477699;748;0;0;Remaining Q0;Remaining Q0;Remaining Q0;Remaining Q0;0
478686;533;3;1;Remaining Q0;Remaining Q8;Remaining Q11;Remaining Q61;0
478689;797;8;2;Remaining Q0;Remaining Q0;Remaining Q11;Remaining Q61;0
478691;922;11;3;Remaining Q0;Remaining Q0;Remaining Q0;Remaining Q61;0
478692;978;61;4;Remaining Q0;Remaining Q0;Remaining Q0;Remaining Q0;0
478693;917;0;0;Remaining Q0;Remaining Q0;Remaining Q0;Remaining Q0;0
479699;533;12;1;Remaining Q0;Remaining Q22;Remaining Q50;Remaining Q200;0
479701;788;22;2;Remaining Q0;Remaining Q0;Remaining Q50;Remaining Q200;0
479703;899;50;3;Remaining Q0;Remaining Q0;Remaining Q0;Remaining Q200;0
479704;916;200;4;Remaining Q0;Remaining Q0;Remaining Q0;Remaining Q0;0
479706;716;0;0;Remaining Q0;Remaining Q0;Remaining Q0;Remaining Q0;0
480712;533;17;1;Remaining Q0;Remaining Q31;Remaining Q66;Remaining Q257;0
480714;783;31;2;Remaining Q0;Remaining Q0;Remaining Q66;Remaining Q257;0
480716;885;66;3;Remaining Q0;Remaining Q0;Remaining Q0;Remaining Q257;0
480717;886;257;4;Remaining Q0;Remaining Q0;Remaining Q0;Remaining Q0;0
480720;629;0;0;Remaining Q0;Remaining Q0;Remaining Q0;Remaining Q0;0
481713;533;9;1;Remaining Q0;Remaining Q15;Remaining Q21;Remaining Q121;0
481715;791;15;2;Remaining Q0;Remaining Q0;Remaining Q21;Remaining Q121;0
481716;909;21;3;Remaining Q0;Remaining Q0;Remaining Q0;Remaining Q121;0
481718;955;121;4;Remaining Q0;Remaining Q0;Remaining Q0;Remaining Q0;0
481720;834;0;0;Remaining Q0;Remaining Q0;Remaining Q0;Remaining Q0;0
482715;533;4;1;Remaining Q0;Remaining Q23;Remaining Q30;Remaining Q123;0
482717;796;23;2;Remaining Q0;Remaining Q0;Remaining Q30;Remaining Q123;0
482719;906;30;3;Remaining Q0;Remaining Q0;Remaining Q0;Remaining Q123;0
482720;943;123;4;Remaining Q0;Remaining Q0;Remaining Q0;Remaining Q0;0
482722;820;0;0;Remaining Q0;Remaining Q0;Remaining Q0;Remaining Q0;0
483719;533;12;1;Remaining Q0;Remaining Q38;Remaining Q35;Remaining Q219;0
483721;788;38;2;Remaining Q0;Remaining Q0;Remaining Q35;Remaining Q219;0
483722;883;35;3;Remaining Q0;Remaining Q0;Remaining Q0;Remaining Q219;0
483723;915;219;4;Remaining Q0;Remaining Q0;Remaining Q0;Remaining Q0;0
483725;696;0;0;Remaining Q0;Remaining Q0;Remaining Q0;Remaining Q0;0
484734;533;8;1;Remaining Q0;Remaining Q14;Remaining Q20;Remaining Q118;0
484736;792;14;2;Remaining Q0;Remaining Q0;Remaining Q20;Remaining Q118;0
484739;911;20;3;Remaining Q0;Remaining Q0;Remaining Q0;Remaining Q118;0
484742;958;118;4;Remaining Q0;Remaining Q0;Remaining Q0;Remaining Q0;0
484744;840;0;0;Remaining Q0;Remaining Q0;Remaining Q0;Remaining Q0;0
485747;533;5;1;Remaining Q0;Remaining Q14;Remaining Q16;Remaining Q69;0
485749;795;14;2;Remaining Q0;Remaining Q0;Remaining Q16;Remaining Q69;0
485750;914;16;3;Remaining Q0;Remaining Q0;Remaining Q0;Remaining Q69;0
485752;965;69;4;Remaining Q0;Remaining Q0;Remaining Q0;Remaining Q0;0
485753;896;0;0;Remaining Q0;Remaining Q0;Remaining Q0;Remaining Q0;0
486761;533;20;1;Remaining Q0;Remaining Q36;Remaining Q50;Remaining Q325;0
486762;780;36;2;Remaining Q0;Remaining Q0;Remaining Q50;Remaining Q325;0
486763;877;50;3;Remaining Q0;Remaining Q0;Remaining Q0;Remaining Q325;0
486764;894;325;4;Remaining Q0;Remaining Q0;Remaining Q0;Remaining Q0;0
486766;569;0;0;Remaining Q0;Remaining Q0;Remaining Q0;Remaining Q0;0
487774;533;7;1;Remaining Q0;Remaining Q7;Remaining Q35;Remaining Q147;0
487775;793;7;2;Remaining Q0;Remaining Q0;Remaining Q35;Remaining Q147;0
487776;919;35;3;Remaining Q0;Remaining Q0;Remaining Q0;Remaining Q147;0
487777;951;147;4;Remaining Q0;Remaining Q0;Remaining Q0;Remaining Q0;0
487778;804;0;0;Remaining Q0;Remaining Q0;Remaining Q0;Remaining Q0;0
488787;533;33;1;Remaining Q0;Remaining Q81;Remaining Q115;Remaining Q500;0
488789;767;81;2;Remaining Q0;Remaining Q0;Remaining Q115;Remaining Q500;0
488790;819;115;3;Remaining Q0;Remaining Q0;Remaining Q0;Remaining Q500;0
488792;771;500;4;Remaining Q0;Remaining Q0;Remaining Q0;Remaining Q0;0
488794;271;0;0;Remaining Q0;Remaining Q0;Remaining Q0;Remaining Q0;0
489802;533;4;1;Remaining Q0;Remaining Q16;Remaining Q23;Remaining Q134;0
489804;796;16;2;Remaining Q0;Remaining Q0;Remaining Q23;Remaining Q134;0
489805;913;23;3;Remaining Q0;Remaining Q0;Remaining Q0;Remaining Q134;0
489807;957;134;4;Remaining Q0;Remaining Q0;Remaining Q0;Remaining Q0;0
489808;823;0;0;Remaining Q0;Remaining Q0;Remaining Q0;Remaining Q0;0
490815;533;23;1;Remaining Q0;Remaining Q40;Remaining Q45;Remaining Q208;0
490818;777;40;2;Remaining Q0;Remaining Q0;Remaining Q45;Remaining Q208;0
490820;870;45;3;Remaining Q0;Remaining Q0;Remaining Q0;Remaining Q208;0
490822;892;208;4;Remaining Q0;Remaining Q0;Remaining Q0;Remaining Q0;0
490824;684;0;0;Remaining Q0;Remaining Q0;Remaining Q0;Remaining Q0;0
491829;533;8;1;Remaining Q0;Remaining Q24;Remaining Q33;Remaining Q147;0
491831;792;24;2;Remaining Q0;Remaining Q0;Remaining Q33;Remaining Q147;0
491833;901;33;3;Remaining Q0;Remaining Q0;Remaining Q0;Remaining Q147;0
491835;935;147;4;Remaining Q0;Remaining Q0;Remaining Q0;Remaining Q0;0
491837;788;0;0;Remaining Q0;Remaining Q0;Remaining Q0;Remaining Q0;0
492841;533;12;1;Remaining Q0;Remaining Q19;Remaining Q25;Remaining Q122;0
492844;788;19;2;Remaining Q0;Remaining Q0;Remaining Q25;Remaining Q122;0
492845;902;25;3;Remaining Q0;Remaining Q0;Remaining Q0;Remaining Q122;0
492846;944;122;4;Remaining Q0;Remaining Q0;Remaining Q0;Remaining Q0;0
492848;822;0;0;Remaining Q0;Remaining Q0;Remaining Q0;Remaining Q0;0
493853;533;47;1;Remaining Q0;Remaining Q59;Remaining Q128;Remaining Q500;0
493855;753;59;2;Remaining Q0;Remaining Q0;Remaining Q128;Remaining Q500;0
493857;827;128;3;Remaining Q0;Remaining Q0;Remaining Q0;Remaining Q500;0
493859;766;500;4;Remaining Q0;Remaining Q0;Remaining Q0;Remaining Q0;0
493861;266;0;0;Remaining Q0;Remaining Q0;Remaining Q0;Remaining Q0;0
494867;533;2;1;Remaining Q0;Remaining Q16;Remaining Q11;Remaining Q52;0
494869;798;16;2;Remaining Q0;Remaining Q0;Remaining Q11;Remaining Q52;0
494871;915;11;3;Remaining Q0;Remaining Q0;Remaining Q0;Remaining Q52;0
494873;971;52;4;Remaining Q0;Remaining Q0;Remaining Q0;Remaining Q0;0
494874;919;0;0;Remaining Q0;Remaining Q0;Remaining Q0;Remaining Q0;0
495875;533;6;1;Remaining Q0;Remaining Q8;Remaining Q14;Remaining Q61;0
495877;794;8;2;Remaining Q0;Remaining Q0;Remaining Q14;Remaining Q61;0
495878;919;14;3;Remaining Q0;Remaining Q0;Remaining Q0;Remaining Q61;0
495880;972;61;4;Remaining Q0;Remaining Q0;Remaining Q0;Remaining Q0;0
495881;911;0;0;Remaining Q0;Remaining Q0;Remaining Q0;Remaining Q0;0
496889;533;10;1;Remaining Q0;Remaining Q24;Remaining Q27;Remaining Q143;0
496891;790;24;2;Remaining Q0;Remaining Q0;Remaining Q27;Remaining Q143;0
496892;899;27;3;Remaining Q0;Remaining Q0;Remaining Q0;Remaining Q143;0
496894;796;0;0;Remaining Q0;Remaining Q0;Remaining Q0;Remaining Q0;0
496893;939;143;4;Remaining Q0;Remaining Q0;Remaining Q0;Remaining Q0;0
497900;533;4;1;Remaining Q0;Remaining Q14;Remaining Q27;Remaining Q76;0
497902;796;14;2;Remaining Q0;Remaining Q0;Remaining Q27;Remaining Q76;0
497904;915;27;3;Remaining Q0;Remaining Q0;Remaining Q0;Remaining Q76;0
497906;955;76;4;Remaining Q0;Remaining Q0;Remaining Q0;Remaining Q0;0
497907;879;0;0;Remaining Q0;Remaining Q0;Remaining Q0;Remaining Q0;0
498915;533;27;1;Remaining Q0;Remaining Q49;Remaining Q95;Remaining Q346;0
498917;773;49;2;Remaining Q0;Remaining Q0;Remaining Q95;Remaining Q346;0
498919;857;95;3;Remaining Q0;Remaining Q0;Remaining Q0;Remaining Q346;0
498920;829;346;4;Remaining Q0;Remaining Q0;Remaining Q0;Remaining Q0;0
498922;483;0;0;Remaining Q0;Remaining Q0;Remaining Q0;Remaining Q0;0
499924;533;20;1;Remaining Q0;Remaining Q32;Remaining Q71;Remaining Q311;0
499926;780;32;2;Remaining Q0;Remaining Q0;Remaining Q71;Remaining Q311;0
499928;881;71;3;Remaining Q0;Remaining Q0;Remaining Q0;Remaining Q311;0
499930;877;311;4;Remaining Q0;Remaining Q0;Remaining Q0;Remaining Q0;0
499931;566;0;0;Remaining Q0;Remaining Q0;Remaining Q0;Remaining Q0;0
500927;533;7;1;Remaining Q0;Remaining Q16;Remaining Q26;Remaining Q134;0
500928;793;16;2;Remaining Q0;Remaining Q0;Remaining Q26;Remaining Q134;0
500930;910;26;3;Remaining Q0;Remaining Q0;Remaining Q0;Remaining Q134;0
500931;951;134;4;Remaining Q0;Remaining Q0;Remaining Q0;Remaining Q0;0
500932;817;0;0;Remaining Q0;Remaining Q0;Remaining Q0;Remaining Q0;0
501942;533;17;1;Remaining Q0;Remaining Q36;Remaining Q46;Remaining Q321;0
501944;783;36;2;Remaining Q0;Remaining Q0;Remaining Q46;Remaining Q321;0
501946;880;46;3;Remaining Q0;Remaining Q0;Remaining Q0;Remaining Q321;0
501947;901;321;4;Remaining Q0;Remaining Q0;Remaining Q0;Remaining Q0;0
501948;580;0;0;Remaining Q0;Remaining Q0;Remaining Q0;Remaining Q0;0
502949;533;3;1;Remaining Q0;Remaining Q10;Remaining Q18;Remaining Q98;0
502951;797;10;2;Remaining Q0;Remaining Q0;Remaining Q18;Remaining Q98;0
502952;920;18;3;Remaining Q0;Remaining Q0;Remaining Q0;Remaining Q98;0
502953;969;98;4;Remaining Q0;Remaining Q0;Remaining Q0;Remaining Q0;0
502954;871;0;0;Remaining Q0;Remaining Q0;Remaining Q0;Remaining Q0;0
503963;533;8;1;Remaining Q0;Remaining Q19;Remaining Q39;Remaining Q159;0
503965;792;19;2;Remaining Q0;Remaining Q0;Remaining Q39;Remaining Q159;0
503967;906;39;3;Remaining Q0;Remaining Q0;Remaining Q0;Remaining Q159;0
503969;934;159;4;Remaining Q0;Remaining Q0;Remaining Q0;Remaining Q0;0
503971;775;0;0;Remaining Q0;Remaining Q0;Remaining Q0;Remaining Q0;0
504970;533;8;1;Remaining Q0;Remaining Q20;Remaining Q16;Remaining Q68;0
504972;792;20;2;Remaining Q0;Remaining Q0;Remaining Q16;Remaining Q68;0
504975;956;68;4;Remaining Q0;Remaining Q0;Remaining Q0;Remaining Q0;0
504973;905;16;3;Remaining Q0;Remaining Q0;Remaining Q0;Remaining Q68;0
504977;888;0;0;Remaining Q0;Remaining Q0;Remaining Q0;Remaining Q0;0
505972;533;14;1;Remaining Q0;Remaining Q37;Remaining Q35;Remaining Q232;0
505975;882;35;3;Remaining Q0;Remaining Q0;Remaining Q0;Remaining Q232;0
505976;914;232;4;Remaining Q0;Remaining Q0;Remaining Q0;Remaining Q0;0
505974;786;37;2;Remaining Q0;Remaining Q0;Remaining Q35;Remaining Q232;0
505978;682;0;0;Remaining Q0;Remaining Q0;Remaining Q0;Remaining Q0;0
506985;533;15;1;Remaining Q0;Remaining Q29;Remaining Q45;Remaining Q188;0
506987;785;29;2;Remaining Q0;Remaining Q0;Remaining Q45;Remaining Q188;0
506989;889;45;3;Remaining Q0;Remaining Q0;Remaining Q0;Remaining Q188;0
506991;911;188;4;Remaining Q0;Remaining Q0;Remaining Q0;Remaining Q0;0
506993;723;0;0;Remaining Q0;Remaining Q0;Remaining Q0;Remaining Q0;0
507990;533;16;1;Remaining Q0;Remaining Q24;Remaining Q39;Remaining Q177;0
507992;784;24;2;Remaining Q0;Remaining Q0;Remaining Q39;Remaining Q177;0
507993;893;39;3;Remaining Q0;Remaining Q0;Remaining Q0;Remaining Q177;0
507995;921;177;4;Remaining Q0;Remaining Q0;Remaining Q0;Remaining Q0;0
507997;744;0;0;Remaining Q0;Remaining Q0;Remaining Q0;Remaining Q0;0
509003;533;4;1;Remaining Q0;Remaining Q6;Remaining Q12;Remaining Q49;0
509005;796;6;2;Remaining Q0;Remaining Q0;Remaining Q12;Remaining Q49;0
509007;923;12;3;Remaining Q0;Remaining Q0;Remaining Q0;Remaining Q49;0
509008;978;49;4;Remaining Q0;Remaining Q0;Remaining Q0;Remaining Q0;0
509010;929;0;0;Remaining Q0;Remaining Q0;Remaining Q0;Remaining Q0;0
510015;533;10;1;Remaining Q0;Remaining Q18;Remaining Q36;Remaining Q145;0
510016;790;18;2;Remaining Q0;Remaining Q0;Remaining Q36;Remaining Q145;0
510018;905;36;3;Remaining Q0;Remaining Q0;Remaining Q0;Remaining Q145;0
510018;936;145;4;Remaining Q0;Remaining Q0;Remaining Q0;Remaining Q0;0
510020;791;0;0;Remaining Q0;Remaining Q0;Remaining Q0;Remaining Q0;0
511017;533;6;1;Remaining Q0;Remaining Q10;Remaining Q14;Remaining Q63;0
511019;917;14;3;Remaining Q0;Remaining Q0;Remaining Q0;Remaining Q63;0
511018;794;10;2;Remaining Q0;Remaining Q0;Remaining Q14;Remaining Q63;0
511020;970;63;4;Remaining Q0;Remaining Q0;Remaining Q0;Remaining Q0;0
511021;907;0;0;Remaining Q0;Remaining Q0;Remaining Q0;Remaining Q0;0
512032;533;3;1;Remaining Q0;Remaining Q14;Remaining Q21;Remaining Q100;0
512035;797;14;2;Remaining Q0;Remaining Q0;Remaining Q21;Remaining Q100;0
512037;916;21;3;Remaining Q0;Remaining Q0;Remaining Q0;Remaining Q100;0
512038;962;100;4;Remaining Q0;Remaining Q0;Remaining Q0;Remaining Q0;0
512039;862;0;0;Remaining Q0;Remaining Q0;Remaining Q0;Remaining Q0;0
513045;533;3;1;Remaining Q0;Remaining Q7;Remaining Q2;Remaining Q49;0
513047;797;7;2;Remaining Q0;Remaining Q0;Remaining Q2;Remaining Q49;0
513048;923;2;3;Remaining Q0;Remaining Q0;Remaining Q0;Remaining Q49;0
513050;988;49;4;Remaining Q0;Remaining Q0;Remaining Q0;Remaining Q0;0
513052;939;0;0;Remaining Q0;Remaining Q0;Remaining Q0;Remaining Q0;0
514055;533;3;1;Remaining Q0;Remaining Q6;Remaining Q16;Remaining Q53;0
514057;797;6;2;Remaining Q0;Remaining Q0;Remaining Q16;Remaining Q53;0
514058;924;16;3;Remaining Q0;Remaining Q0;Remaining Q0;Remaining Q53;0
514060;975;53;4;Remaining Q0;Remaining Q0;Remaining Q0;Remaining Q0;0
514062;922;0;0;Remaining Q0;Remaining Q0;Remaining Q0;Remaining Q0;0
515065;533;9;1;Remaining Q0;Remaining Q16;Remaining Q25;Remaining Q119;0
515068;791;16;2;Remaining Q0;Remaining Q0;Remaining Q25;Remaining Q119;0
515070;908;50;3;Remaining Q11;Remaining Q18;Remaining Q0;Remaining Q253;0
515072;925;253;4;Remaining Q11;Remaining Q18;Remaining Q0;Remaining Q0;0
515073;672;0;0;Remaining Q11;Remaining Q18;Remaining Q0;Remaining Q0;0
516077;533;16;1;Remaining Q0;Remaining Q39;Remaining Q25;Remaining Q146;0
516080;784;39;2;Remaining Q0;Remaining Q0;Remaining Q25;Remaining Q146;0
516083;878;55;3;Remaining Q19;Remaining Q34;Remaining Q0;Remaining Q322;0
516085;890;322;4;Remaining Q19;Remaining Q34;Remaining Q0;Remaining Q0;0
516086;568;0;0;Remaining Q19;Remaining Q34;Remaining Q0;Remaining Q0;0
517076;533;19;1;Remaining Q0;Remaining Q34;Remaining Q0;Remaining Q0;0
517079;781;34;2;Remaining Q0;Remaining Q0;Remaining Q0;Remaining Q0;0
517080;880;0;3;Remaining Q0;Remaining Q0;Remaining Q0;Remaining Q0;0
517082;947;0;4;Remaining Q0;Remaining Q0;Remaining Q0;Remaining Q0;0
517083;947;0;0;Remaining Q0;Remaining Q0;Remaining Q0;Remaining Q0;0
518091;533;11;1;Remaining Q0;Remaining Q16;Remaining Q23;Remaining Q97;0
518094;906;23;3;Remaining Q0;Remaining Q0;Remaining Q0;Remaining Q97;0
518093;789;16;2;Remaining Q0;Remaining Q0;Remaining Q23;Remaining Q97;0
518097;950;97;4;Remaining Q0;Remaining Q0;Remaining Q0;Remaining Q0;0
518099;853;0;0;Remaining Q0;Remaining Q0;Remaining Q0;Remaining Q0;0
519102;533;7;1;Remaining Q0;Remaining Q20;Remaining Q35;Remaining Q200;0
519104;793;20;2;Remaining Q0;Remaining Q0;Remaining Q35;Remaining Q200;0
519105;906;35;3;Remaining Q0;Remaining Q0;Remaining Q0;Remaining Q200;0
519106;938;200;4;Remaining Q0;Remaining Q0;Remaining Q0;Remaining Q0;0
519107;738;0;0;Remaining Q0;Remaining Q0;Remaining Q0;Remaining Q0;0
520115;533;18;1;Remaining Q0;Remaining Q26;Remaining Q43;Remaining Q202;0
520117;782;26;2;Remaining Q0;Remaining Q0;Remaining Q43;Remaining Q202;0
520119;889;43;3;Remaining Q0;Remaining Q0;Remaining Q0;Remaining Q202;0
520121;913;202;4;Remaining Q0;Remaining Q0;Remaining Q0;Remaining Q0;0
520123;711;0;0;Remaining Q0;Remaining Q0;Remaining Q0;Remaining Q0;0
521130;533;9;1;Remaining Q0;Remaining Q14;Remaining Q22;Remaining Q114;0
521133;791;14;2;Remaining Q0;Remaining Q0;Remaining Q22;Remaining Q114;0
521134;910;22;3;Remaining Q0;Remaining Q0;Remaining Q0;Remaining Q114;0
521136;955;114;4;Remaining Q0;Remaining Q0;Remaining Q0;Remaining Q0;0
521137;841;0;0;Remaining Q0;Remaining Q0;Remaining Q0;Remaining Q0;0
522142;533;6;1;Remaining Q0;Remaining Q10;Remaining Q18;Remaining Q63;0
522145;794;10;2;Remaining Q0;Remaining Q0;Remaining Q18;Remaining Q63;0
522147;917;18;3;Remaining Q0;Remaining Q0;Remaining Q0;Remaining Q63;0
522148;966;63;4;Remaining Q0;Remaining Q0;Remaining Q0;Remaining Q0;0
522149;903;0;0;Remaining Q0;Remaining Q0;Remaining Q0;Remaining Q0;0
523156;533;22;1;Remaining Q0;Remaining Q52;Remaining Q59;Remaining Q358;0
523157;778;52;2;Remaining Q0;Remaining Q0;Remaining Q59;Remaining Q358;0
523158;859;59;3;Remaining Q0;Remaining Q0;Remaining Q0;Remaining Q358;0
523160;867;358;4;Remaining Q0;Remaining Q0;Remaining Q0;Remaining Q0;0
523162;509;0;0;Remaining Q0;Remaining Q0;Remaining Q0;Remaining Q0;0
524157;533;11;1;Remaining Q0;Remaining Q23;Remaining Q40;Remaining Q159;0
524160;789;23;2;Remaining Q0;Remaining Q0;Remaining Q40;Remaining Q159;0
524161;899;40;3;Remaining Q0;Remaining Q0;Remaining Q0;Remaining Q159;0
524162;926;159;4;Remaining Q0;Remaining Q0;Remaining Q0;Remaining Q0;0
524165;767;0;0;Remaining Q0;Remaining Q0;Remaining Q0;Remaining Q0;0
525158;533;12;1;Remaining Q0;Remaining Q15;Remaining Q31;Remaining Q119;0
525160;788;15;2;Remaining Q0;Remaining Q0;Remaining Q31;Remaining Q119;0
525162;906;31;3;Remaining Q0;Remaining Q0;Remaining Q0;Remaining Q119;0
525163;942;119;4;Remaining Q0;Remaining Q0;Remaining Q0;Remaining Q0;0
525165;823;0;0;Remaining Q0;Remaining Q0;Remaining Q0;Remaining Q0;0
526170;533;9;1;Remaining Q0;Remaining Q18;Remaining Q27;Remaining Q117;0
526172;791;18;2;Remaining Q0;Remaining Q0;Remaining Q27;Remaining Q117;0
526174;906;27;3;Remaining Q0;Remaining Q0;Remaining Q0;Remaining Q117;0
526175;946;117;4;Remaining Q0;Remaining Q0;Remaining Q0;Remaining Q0;0
526177;829;0;0;Remaining Q0;Remaining Q0;Remaining Q0;Remaining Q0;0
527183;533;15;1;Remaining Q0;Remaining Q17;Remaining Q36;Remaining Q144;0
527185;785;17;2;Remaining Q0;Remaining Q0;Remaining Q36;Remaining Q144;0
527187;901;36;3;Remaining Q0;Remaining Q0;Remaining Q0;Remaining Q144;0
527188;932;144;4;Remaining Q0;Remaining Q0;Remaining Q0;Remaining Q0;0
527189;788;0;0;Remaining Q0;Remaining Q0;Remaining Q0;Remaining Q0;0
528196;533;9;1;Remaining Q0;Remaining Q28;Remaining Q27;Remaining Q125;0
528197;791;28;2;Remaining Q0;Remaining Q0;Remaining Q27;Remaining Q125;0
528199;896;27;3;Remaining Q0;Remaining Q0;Remaining Q0;Remaining Q125;0
528200;936;125;4;Remaining Q0;Remaining Q0;Remaining Q0;Remaining Q0;0
528203;811;0;0;Remaining Q0;Remaining Q0;Remaining Q0;Remaining Q0;0
529206;533;5;1;Remaining Q0;Remaining Q9;Remaining Q4;Remaining Q43;0
529208;795;9;2;Remaining Q0;Remaining Q0;Remaining Q4;Remaining Q43;0
529209;919;4;3;Remaining Q0;Remaining Q0;Remaining Q0;Remaining Q43;0
529210;982;43;4;Remaining Q0;Remaining Q0;Remaining Q0;Remaining Q0;0
529212;939;0;0;Remaining Q0;Remaining Q0;Remaining Q0;Remaining Q0;0
530218;533;18;1;Remaining Q0;Remaining Q30;Remaining Q48;Remaining Q197;0
530220;782;30;2;Remaining Q0;Remaining Q0;Remaining Q48;Remaining Q197;0
530221;885;48;3;Remaining Q0;Remaining Q0;Remaining Q0;Remaining Q197;0
530223;904;197;4;Remaining Q0;Remaining Q0;Remaining Q0;Remaining Q0;0
530225;707;0;0;Remaining Q0;Remaining Q0;Remaining Q0;Remaining Q0;0
531230;533;9;1;Remaining Q0;Remaining Q39;Remaining Q69;Remaining Q277;0
531232;791;39;2;Remaining Q0;Remaining Q0;Remaining Q69;Remaining Q277;0
531235;885;69;3;Remaining Q0;Remaining Q0;Remaining Q0;Remaining Q277;0
531236;883;277;4;Remaining Q0;Remaining Q0;Remaining Q0;Remaining Q0;0
531238;606;0;0;Remaining Q0;Remaining Q0;Remaining Q0;Remaining Q0;0
532245;533;19;1;Remaining Q0;Remaining Q30;Remaining Q40;Remaining Q186;0
532246;781;30;2;Remaining Q0;Remaining Q0;Remaining Q40;Remaining Q186;0
532247;884;40;3;Remaining Q0;Remaining Q0;Remaining Q0;Remaining Q186;0
532249;911;186;4;Remaining Q0;Remaining Q0;Remaining Q0;Remaining Q0;0
532250;725;0;0;Remaining Q0;Remaining Q0;Remaining Q0;Remaining Q0;0
533259;533;20;1;Remaining Q0;Remaining Q39;Remaining Q65;Remaining Q294;0
533260;780;39;2;Remaining Q0;Remaining Q0;Remaining Q65;Remaining Q294;0
533262;874;65;3;Remaining Q0;Remaining Q0;Remaining Q0;Remaining Q294;0
533263;876;294;4;Remaining Q0;Remaining Q0;Remaining Q0;Remaining Q0;0
533265;582;0;0;Remaining Q0;Remaining Q0;Remaining Q0;Remaining Q0;0
534265;533;16;1;Remaining Q0;Remaining Q31;Remaining Q50;Remaining Q244;0
534266;784;31;2;Remaining Q0;Remaining Q0;Remaining Q50;Remaining Q244;0
534269;886;50;3;Remaining Q0;Remaining Q0;Remaining Q0;Remaining Q244;0
534270;903;244;4;Remaining Q0;Remaining Q0;Remaining Q0;Remaining Q0;0
534272;659;0;0;Remaining Q0;Remaining Q0;Remaining Q0;Remaining Q0;0
535271;533;31;1;Remaining Q0;Remaining Q59;Remaining Q95;Remaining Q455;0
535273;769;59;2;Remaining Q0;Remaining Q0;Remaining Q95;Remaining Q455;0
535274;843;95;3;Remaining Q0;Remaining Q0;Remaining Q0;Remaining Q455;0
535275;815;455;4;Remaining Q0;Remaining Q0;Remaining Q0;Remaining Q0;0
535276;360;0;0;Remaining Q0;Remaining Q0;Remaining Q0;Remaining Q0;0
536273;533;90;1;Remaining Q0;Remaining Q148;Remaining Q300;Remaining Q1178;0
536274;710;148;2;Remaining Q0;Remaining Q0;Remaining Q300;Remaining Q1178;0
536276;695;300;3;Remaining Q0;Remaining Q0;Remaining Q0;Remaining Q1178;0
536278;462;462;4;Remaining Q0;Remaining Q0;Remaining Q0;Remaining Q716;0
537276;533;56;1;Remaining Q0;Remaining Q93;Remaining Q170;Remaining Q1393;0
537278;744;93;2;Remaining Q0;Remaining Q0;Remaining Q170;Remaining Q1393;0
537280;784;170;3;Remaining Q0;Remaining Q0;Remaining Q0;Remaining Q1393;0
537281;681;681;4;Remaining Q0;Remaining Q0;Remaining Q0;Remaining Q712;0
538284;533;62;1;Remaining Q0;Remaining Q103;Remaining Q210;Remaining Q1642;0
538285;738;103;2;Remaining Q0;Remaining Q0;Remaining Q210;Remaining Q1642;0
538287;768;210;3;Remaining Q0;Remaining Q0;Remaining Q0;Remaining Q1642;0
538289;625;625;4;Remaining Q0;Remaining Q0;Remaining Q0;Remaining Q1017;0
539288;533;17;1;Remaining Q0;Remaining Q28;Remaining Q64;Remaining Q1274;0
539289;783;28;2;Remaining Q0;Remaining Q0;Remaining Q64;Remaining Q1274;0
539292;891;891;4;Remaining Q0;Remaining Q0;Remaining Q0;Remaining Q383;0
539291;888;64;3;Remaining Q0;Remaining Q0;Remaining Q0;Remaining Q1274;0
540298;533;24;1;Remaining Q0;Remaining Q41;Remaining Q86;Remaining Q753;0
540299;776;41;2;Remaining Q0;Remaining Q0;Remaining Q86;Remaining Q753;0
540301;868;86;3;Remaining Q0;Remaining Q0;Remaining Q0;Remaining Q753;0
540302;849;753;4;Remaining Q0;Remaining Q0;Remaining Q0;Remaining Q0;0
540304;96;0;0;Remaining Q0;Remaining Q0;Remaining Q0;Remaining Q0;0
541305;533;62;1;Remaining Q0;Remaining Q142;Remaining Q211;Remaining Q1027;0
541307;738;142;2;Remaining Q0;Remaining Q0;Remaining Q211;Remaining Q1027;0
541308;729;211;3;Remaining Q0;Remaining Q0;Remaining Q0;Remaining Q1027;0
541309;585;585;4;Remaining Q0;Remaining Q0;Remaining Q0;Remaining Q442;0
542307;533;44;1;Remaining Q0;Remaining Q86;Remaining Q137;Remaining Q988;0
542309;756;86;2;Remaining Q0;Remaining Q0;Remaining Q137;Remaining Q988;0
542312;733;733;4;Remaining Q0;Remaining Q0;Remaining Q0;Remaining Q255;0
542311;803;137;3;Remaining Q0;Remaining Q0;Remaining Q0;Remaining Q988;0
543314;533;48;1;Remaining Q0;Remaining Q88;Remaining Q146;Remaining Q973;0
543316;752;88;2;Remaining Q0;Remaining Q0;Remaining Q146;Remaining Q973;0
543317;797;146;3;Remaining Q0;Remaining Q0;Remaining Q0;Remaining Q973;0
543319;718;718;4;Remaining Q0;Remaining Q0;Remaining Q0;Remaining Q255;0
544326;533;87;1;Remaining Q0;Remaining Q198;Remaining Q302;Remaining Q1668;0
544328;713;198;2;Remaining Q0;Remaining Q0;Remaining Q302;Remaining Q1668;0
544330;648;302;3;Remaining Q0;Remaining Q0;Remaining Q0;Remaining Q1668;0
544331;413;413;4;Remaining Q0;Remaining Q0;Remaining Q0;Remaining Q1255;0
545339;533;71;1;Remaining Q0;Remaining Q164;Remaining Q205;Remaining Q2261;0
545341;729;164;2;Remaining Q0;Remaining Q0;Remaining Q205;Remaining Q2261;0
545342;698;205;3;Remaining Q0;Remaining Q0;Remaining Q0;Remaining Q2261;0
545344;560;560;4;Remaining Q0;Remaining Q0;Remaining Q0;Remaining Q1701;0
546352;533;50;1;Remaining Q0;Remaining Q117;Remaining Q179;Remaining Q2479;0
546354;750;117;2;Remaining Q0;Remaining Q0;Remaining Q179;Remaining Q2479;0
546357;654;654;4;Remaining Q0;Remaining Q0;Remaining Q0;Remaining Q1825;0
546355;766;179;3;Remaining Q0;Remaining Q0;Remaining Q0;Remaining Q2479;0
547367;533;24;1;Remaining Q0;Remaining Q39;Remaining Q50;Remaining Q2141;0
547369;776;39;2;Remaining Q0;Remaining Q0;Remaining Q50;Remaining Q2141;0
547370;870;50;3;Remaining Q0;Remaining Q0;Remaining Q0;Remaining Q2141;0
547372;887;887;4;Remaining Q0;Remaining Q0;Remaining Q0;Remaining Q1254;0
548378;533;77;1;Remaining Q0;Remaining Q188;Remaining Q272;Remaining Q2485;0
548381;723;188;2;Remaining Q0;Remaining Q0;Remaining Q272;Remaining Q2485;0
548383;668;272;3;Remaining Q0;Remaining Q0;Remaining Q0;Remaining Q2485;0
548385;463;463;4;Remaining Q0;Remaining Q0;Remaining Q0;Remaining Q2022;0
549393;533;84;1;Remaining Q0;Remaining Q134;Remaining Q201;Remaining Q2989;0
549395;716;134;2;Remaining Q0;Remaining Q0;Remaining Q201;Remaining Q2989;0
549396;715;201;3;Remaining Q0;Remaining Q0;Remaining Q0;Remaining Q2989;0
549398;581;581;4;Remaining Q0;Remaining Q0;Remaining Q0;Remaining Q2408;0
550407;533;47;1;Remaining Q0;Remaining Q66;Remaining Q105;Remaining Q2934;0
550410;753;66;2;Remaining Q0;Remaining Q0;Remaining Q105;Remaining Q2934;0
550412;820;105;3;Remaining Q0;Remaining Q0;Remaining Q0;Remaining Q2934;0
550414;782;782;4;Remaining Q0;Remaining Q0;Remaining Q0;Remaining Q2152;0
551406;533;60;1;Remaining Q0;Remaining Q107;Remaining Q165;Remaining Q2883;0
551408;740;107;2;Remaining Q0;Remaining Q0;Remaining Q165;Remaining Q2883;0
551410;766;165;3;Remaining Q0;Remaining Q0;Remaining Q0;Remaining Q2883;0
551412;668;668;4;Remaining Q0;Remaining Q0;Remaining Q0;Remaining Q2215;0
552420;533;29;1;Remaining Q0;Remaining Q68;Remaining Q92;Remaining Q2686;0
552423;836;92;3;Remaining Q0;Remaining Q0;Remaining Q0;Remaining Q2686;0
552422;771;68;2;Remaining Q0;Remaining Q0;Remaining Q92;Remaining Q2686;0
552424;811;811;4;Remaining Q0;Remaining Q0;Remaining Q0;Remaining Q1875;0
553429;533;66;1;Remaining Q0;Remaining Q159;Remaining Q235;Remaining Q2852;0
553430;734;159;2;Remaining Q0;Remaining Q0;Remaining Q235;Remaining Q2852;0
553432;708;235;3;Remaining Q0;Remaining Q0;Remaining Q0;Remaining Q2852;0
553433;540;540;4;Remaining Q0;Remaining Q0;Remaining Q0;Remaining Q2312;0
554439;533;43;1;Remaining Q0;Remaining Q77;Remaining Q138;Remaining Q2838;0
554441;757;77;2;Remaining Q0;Remaining Q0;Remaining Q138;Remaining Q2838;0
554443;813;138;3;Remaining Q0;Remaining Q0;Remaining Q0;Remaining Q2838;0
554445;742;742;4;Remaining Q0;Remaining Q0;Remaining Q0;Remaining Q2096;0
555452;533;51;1;Remaining Q0;Remaining Q97;Remaining Q149;Remaining Q2777;0
555454;749;97;2;Remaining Q0;Remaining Q0;Remaining Q149;Remaining Q2777;0
555455;785;149;3;Remaining Q0;Remaining Q0;Remaining Q0;Remaining Q2777;0
555455;703;703;4;Remaining Q0;Remaining Q0;Remaining Q0;Remaining Q2074;0
556467;533;35;1;Remaining Q0;Remaining Q67;Remaining Q106;Remaining Q2609;0
556470;765;67;2;Remaining Q0;Remaining Q0;Remaining Q106;Remaining Q2609;0
556472;792;792;4;Remaining Q0;Remaining Q0;Remaining Q0;Remaining Q1817;0
556471;831;106;3;Remaining Q0;Remaining Q0;Remaining Q0;Remaining Q2609;0
557481;533;63;1;Remaining Q0;Remaining Q131;Remaining Q227;Remaining Q2789;0
557484;737;131;2;Remaining Q0;Remaining Q0;Remaining Q227;Remaining Q2789;0
557486;739;227;3;Remaining Q0;Remaining Q0;Remaining Q0;Remaining Q2789;0
557487;579;579;4;Remaining Q0;Remaining Q0;Remaining Q0;Remaining Q2210;0
558492;533;48;1;Remaining Q0;Remaining Q108;Remaining Q162;Remaining Q2932;0
558494;752;108;2;Remaining Q0;Remaining Q0;Remaining Q162;Remaining Q2932;0
558496;777;162;3;Remaining Q0;Remaining Q0;Remaining Q0;Remaining Q2932;0
558498;682;682;4;Remaining Q0;Remaining Q0;Remaining Q0;Remaining Q2250;0
559503;533;27;1;Remaining Q0;Remaining Q46;Remaining Q73;Remaining Q2617;0
559506;773;46;2;Remaining Q0;Remaining Q0;Remaining Q73;Remaining Q2617;0
559508;860;73;3;Remaining Q0;Remaining Q0;Remaining Q0;Remaining Q2617;0
559509;854;854;4;Remaining Q0;Remaining Q0;Remaining Q0;Remaining Q1763;0
560517;533;71;1;Remaining Q0;Remaining Q164;Remaining Q215;Remaining Q2872;0
560519;729;164;2;Remaining Q0;Remaining Q0;Remaining Q215;Remaining Q2872;0
560521;698;215;3;Remaining Q0;Remaining Q0;Remaining Q0;Remaining Q2872;0
560522;550;550;4;Remaining Q0;Remaining Q0;Remaining Q0;Remaining Q2322;0
561529;533;18;1;Remaining Q0;Remaining Q41;Remaining Q60;Remaining Q2559;0
561531;782;41;2;Remaining Q0;Remaining Q0;Remaining Q60;Remaining Q2559;0
561533;874;60;3;Remaining Q0;Remaining Q0;Remaining Q0;Remaining Q2559;0
561535;881;881;4;Remaining Q0;Remaining Q0;Remaining Q0;Remaining Q1678;0
562542;533;21;1;Remaining Q0;Remaining Q61;Remaining Q62;Remaining Q1956;0
562544;779;61;2;Remaining Q0;Remaining Q0;Remaining Q62;Remaining Q1956;0
562547;851;62;3;Remaining Q0;Remaining Q0;Remaining Q0;Remaining Q1956;0
562548;856;856;4;Remaining Q0;Remaining Q0;Remaining Q0;Remaining Q1100;0
563555;533;64;1;Remaining Q0;Remaining Q138;Remaining Q206;Remaining Q2030;0
563556;736;138;2;Remaining Q0;Remaining Q0;Remaining Q206;Remaining Q2030;0
563558;731;206;3;Remaining Q0;Remaining Q0;Remaining Q0;Remaining Q2030;0
563560;592;592;4;Remaining Q0;Remaining Q0;Remaining Q0;Remaining Q1438;0
564566;533;62;1;Remaining Q0;Remaining Q130;Remaining Q207;Remaining Q2424;0
564568;738;130;2;Remaining Q0;Remaining Q0;Remaining Q207;Remaining Q2424;0
564571;601;601;4;Remaining Q0;Remaining Q0;Remaining Q0;Remaining Q1823;0
564570;741;207;3;Remaining Q0;Remaining Q0;Remaining Q0;Remaining Q2424;0
565577;533;58;1;Remaining Q0;Remaining Q96;Remaining Q157;Remaining Q2512;0
565579;742;96;2;Remaining Q0;Remaining Q0;Remaining Q157;Remaining Q2512;0
565580;779;157;3;Remaining Q0;Remaining Q0;Remaining Q0;Remaining Q2512;0
565582;689;689;4;Remaining Q0;Remaining Q0;Remaining Q0;Remaining Q1823;0
566577;533;77;1;Remaining Q0;Remaining Q124;Remaining Q209;Remaining Q2791;0
566579;723;124;2;Remaining Q0;Remaining Q0;Remaining Q209;Remaining Q2791;0
566581;732;209;3;Remaining Q0;Remaining Q0;Remaining Q0;Remaining Q2791;0
566582;590;590;4;Remaining Q0;Remaining Q0;Remaining Q0;Remaining Q2201;0
567586;533;48;1;Remaining Q0;Remaining Q119;Remaining Q161;Remaining Q2938;0
567588;752;119;2;Remaining Q0;Remaining Q0;Remaining Q161;Remaining Q2938;0
567589;766;161;3;Remaining Q0;Remaining Q0;Remaining Q0;Remaining Q2938;0
567591;672;672;4;Remaining Q0;Remaining Q0;Remaining Q0;Remaining Q2266;0
568593;533;41;1;Remaining Q0;Remaining Q93;Remaining Q172;Remaining Q2960;0
568596;759;93;2;Remaining Q0;Remaining Q0;Remaining Q172;Remaining Q2960;0
568598;799;172;3;Remaining Q0;Remaining Q0;Remaining Q0;Remaining Q2960;0
568600;694;694;4;Remaining Q0;Remaining Q0;Remaining Q0;Remaining Q2266;0
569604;533;51;1;Remaining Q0;Remaining Q100;Remaining Q156;Remaining Q2924;0
569607;749;100;2;Remaining Q0;Remaining Q0;Remaining Q156;Remaining Q2924;0
569608;782;156;3;Remaining Q0;Remaining Q0;Remaining Q0;Remaining Q2924;0
569609;693;693;4;Remaining Q0;Remaining Q0;Remaining Q0;Remaining Q2231;0
570615;533;82;1;Remaining Q0;Remaining Q183;Remaining Q222;Remaining Q3281;0
570618;718;183;2;Remaining Q0;Remaining Q0;Remaining Q222;Remaining Q3281;0
570620;668;222;3;Remaining Q0;Remaining Q0;Remaining Q0;Remaining Q3281;0
570622;513;513;4;Remaining Q0;Remaining Q0;Remaining Q0;Remaining Q2768;0
571627;533;79;1;Remaining Q0;Remaining Q157;Remaining Q220;Remaining Q3843;0
571630;721;157;2;Remaining Q0;Remaining Q0;Remaining Q220;Remaining Q3843;0
571631;697;220;3;Remaining Q0;Remaining Q0;Remaining Q0;Remaining Q3843;0
571633;544;544;4;Remaining Q0;Remaining Q0;Remaining Q0;Remaining Q3299;0
572642;533;56;1;Remaining Q0;Remaining Q115;Remaining Q187;Remaining Q4138;0
572643;744;115;2;Remaining Q0;Remaining Q0;Remaining Q187;Remaining Q4138;0
572645;762;187;3;Remaining Q0;Remaining Q0;Remaining Q0;Remaining Q4138;0
572647;642;642;4;Remaining Q0;Remaining Q0;Remaining Q0;Remaining Q3496;0
573655;533;102;1;Remaining Q0;Remaining Q182;Remaining Q307;Remaining Q4905;0
573657;698;182;2;Remaining Q0;Remaining Q0;Remaining Q307;Remaining Q4905;0
573658;649;307;3;Remaining Q0;Remaining Q0;Remaining Q0;Remaining Q4905;0
573659;409;409;4;Remaining Q0;Remaining Q0;Remaining Q0;Remaining Q4496;0
574665;533;90;1;Remaining Q0;Remaining Q193;Remaining Q301;Remaining Q5912;0
574666;710;193;2;Remaining Q0;Remaining Q0;Remaining Q301;Remaining Q5912;0
574667;650;301;3;Remaining Q0;Remaining Q0;Remaining Q0;Remaining Q5912;0
574669;416;416;4;Remaining Q0;Remaining Q0;Remaining Q0;Remaining Q5496;0
575672;533;96;1;Remaining Q0;Remaining Q172;Remaining Q318;Remaining Q6910;0
575673;704;172;2;Remaining Q0;Remaining Q0;Remaining Q318;Remaining Q6910;0
575675;665;318;3;Remaining Q0;Remaining Q0;Remaining Q0;Remaining Q6910;0
575676;414;414;4;Remaining Q0;Remaining Q0;Remaining Q0;Remaining Q6496;0
576687;533;92;1;Remaining Q0;Remaining Q207;Remaining Q295;Remaining Q7902;0
576688;708;207;2;Remaining Q0;Remaining Q0;Remaining Q295;Remaining Q7902;0
576690;634;295;3;Remaining Q0;Remaining Q0;Remaining Q0;Remaining Q7902;0
576694;406;406;4;Remaining Q0;Remaining Q0;Remaining Q0;Remaining Q7496;0
577698;533;89;1;Remaining Q0;Remaining Q157;Remaining Q250;Remaining Q8680;0
577700;711;157;2;Remaining Q0;Remaining Q0;Remaining Q250;Remaining Q8680;0
577702;687;250;3;Remaining Q0;Remaining Q0;Remaining Q0;Remaining Q8680;0
577704;504;504;4;Remaining Q0;Remaining Q0;Remaining Q0;Remaining Q8176;0
578708;533;66;1;Remaining Q0;Remaining Q139;Remaining Q194;Remaining Q9158;0
578709;734;139;2;Remaining Q0;Remaining Q0;Remaining Q194;Remaining Q9158;0
578710;728;194;3;Remaining Q0;Remaining Q0;Remaining Q0;Remaining Q9158;0
578711;601;601;4;Remaining Q0;Remaining Q0;Remaining Q0;Remaining Q8557;0
579721;533;106;1;Remaining Q0;Remaining Q181;Remaining Q303;Remaining Q9885;0
579722;694;181;2;Remaining Q0;Remaining Q0;Remaining Q303;Remaining Q9885;0
579724;646;303;3;Remaining Q0;Remaining Q0;Remaining Q0;Remaining Q9885;0
579725;410;410;4;Remaining Q0;Remaining Q0;Remaining Q0;Remaining Q9475;0
580734;533;46;1;Remaining Q0;Remaining Q92;Remaining Q112;Remaining Q9968;0
580735;754;92;2;Remaining Q0;Remaining Q0;Remaining Q112;Remaining Q9968;0
580736;795;112;3;Remaining Q0;Remaining Q0;Remaining Q0;Remaining Q9968;0
580737;750;750;4;Remaining Q0;Remaining Q0;Remaining Q0;Remaining Q9218;0
581738;533;101;1;Remaining Q0;Remaining Q170;Remaining Q243;Remaining Q10468;0
581740;699;170;2;Remaining Q0;Remaining Q0;Remaining Q243;Remaining Q10468;0
581741;662;243;3;Remaining Q0;Remaining Q0;Remaining Q0;Remaining Q10468;0
581742;486;486;4;Remaining Q0;Remaining Q0;Remaining Q0;Remaining Q9982;0
582740;533;91;1;Remaining Q0;Remaining Q187;Remaining Q295;Remaining Q11384;0
582742;709;187;2;Remaining Q0;Remaining Q0;Remaining Q295;Remaining Q11384;0
582743;655;295;3;Remaining Q0;Remaining Q0;Remaining Q0;Remaining Q11384;0
582744;427;427;4;Remaining Q0;Remaining Q0;Remaining Q0;Remaining Q10957;0
583750;533;45;1;Remaining Q0;Remaining Q80;Remaining Q143;Remaining Q11621;0
583754;755;185;2;Remaining Q57;Remaining Q0;Remaining Q294;Remaining Q12308;0
583755;703;294;3;Remaining Q57;Remaining Q0;Remaining Q0;Remaining Q12308;0
583757;476;476;4;Remaining Q57;Remaining Q0;Remaining Q0;Remaining Q11832;0
584755;533;111;1;Remaining Q0;Remaining Q77;Remaining Q157;Remaining Q12544;0
584760;689;132;2;Remaining Q27;Remaining Q0;Remaining Q230;Remaining Q12898;0
584762;690;230;3;Remaining Q27;Remaining Q0;Remaining Q0;Remaining Q12898;0
584763;527;527;4;Remaining Q27;Remaining Q0;Remaining Q0;Remaining Q12371;0
585755;533;46;1;Remaining Q0;Remaining Q45;Remaining Q68;Remaining Q12710;0
585758;754;45;2;Remaining Q0;Remaining Q0;Remaining Q68;Remaining Q12710;0
585760;842;68;3;Remaining Q0;Remaining Q0;Remaining Q0;Remaining Q12710;0
585761;841;841;4;Remaining Q0;Remaining Q0;Remaining Q0;Remaining Q11869;0
586769;533;91;1;Remaining Q0;Remaining Q187;Remaining Q247;Remaining Q13061;0
586772;709;187;2;Remaining Q0;Remaining Q0;Remaining Q247;Remaining Q13061;0
586775;655;370;3;Remaining Q31;Remaining Q71;Remaining Q0;Remaining Q13607;0
586776;352;352;4;Remaining Q31;Remaining Q71;Remaining Q0;Remaining Q13255;0
587784;533;31;1;Remaining Q0;Remaining Q71;Remaining Q0;Remaining Q13255;0
587786;769;71;2;Remaining Q0;Remaining Q0;Remaining Q0;Remaining Q13255;0
587789;831;107;3;Remaining Q46;Remaining Q94;Remaining Q0;Remaining Q13755;0
587791;791;791;4;Remaining Q46;Remaining Q94;Remaining Q0;Remaining Q12964;0
588792;533;73;1;Remaining Q0;Remaining Q142;Remaining Q97;Remaining Q13342;0
588795;727;142;2;Remaining Q0;Remaining Q0;Remaining Q97;Remaining Q13342;0
588798;718;144;3;Remaining Q19;Remaining Q36;Remaining Q0;Remaining Q13553;0
588800;641;641;4;Remaining Q19;Remaining Q36;Remaining Q0;Remaining Q12912;0
589804;533;71;1;Remaining Q0;Remaining Q145;Remaining Q168;Remaining Q13583;0
589806;729;145;2;Remaining Q0;Remaining Q0;Remaining Q168;Remaining Q13583;0
589810;717;319;3;Remaining Q33;Remaining Q84;Remaining Q0;Remaining Q14196;0
589811;465;465;4;Remaining Q33;Remaining Q84;Remaining Q0;Remaining Q13731;0
590805;533;44;1;Remaining Q0;Remaining Q109;Remaining Q36;Remaining Q13962;0
590807;756;109;2;Remaining Q0;Remaining Q0;Remaining Q36;Remaining Q13962;0
590809;780;36;3;Remaining Q0;Remaining Q0;Remaining Q0;Remaining Q13962;0
590811;811;811;4;Remaining Q0;Remaining Q0;Remaining Q0;Remaining Q13151;0
591818;533;84;1;Remaining Q0;Remaining Q170;Remaining Q221;Remaining Q14155;0
591820;716;170;2;Remaining Q0;Remaining Q0;Remaining Q221;Remaining Q14155;0
591823;679;221;3;Remaining Q0;Remaining Q0;Remaining Q0;Remaining Q14155;0
591824;525;525;4;Remaining Q0;Remaining Q0;Remaining Q0;Remaining Q13630;0
592832;533;65;1;Remaining Q0;Remaining Q123;Remaining Q198;Remaining Q14453;0
592834;735;123;2;Remaining Q0;Remaining Q0;Remaining Q198;Remaining Q14453;0
592836;745;198;3;Remaining Q0;Remaining Q0;Remaining Q0;Remaining Q14453;0
592838;614;614;4;Remaining Q0;Remaining Q0;Remaining Q0;Remaining Q13839;0
593835;533;86;1;Remaining Q0;Remaining Q145;Remaining Q233;Remaining Q14921;0
593838;714;145;2;Remaining Q0;Remaining Q0;Remaining Q233;Remaining Q14921;0
593839;702;233;3;Remaining Q0;Remaining Q0;Remaining Q0;Remaining Q14921;0
593841;536;536;4;Remaining Q0;Remaining Q0;Remaining Q0;Remaining Q14385;0
594848;533;106;1;Remaining Q0;Remaining Q184;Remaining Q311;Remaining Q15784;0
594851;694;184;2;Remaining Q0;Remaining Q0;Remaining Q311;Remaining Q15784;0
594853;643;311;3;Remaining Q0;Remaining Q0;Remaining Q0;Remaining Q15784;0
594855;399;399;4;Remaining Q0;Remaining Q0;Remaining Q0;Remaining Q15385;0
595858;533;63;1;Remaining Q0;Remaining Q148;Remaining Q230;Remaining Q16370;0
595861;737;148;2;Remaining Q0;Remaining Q0;Remaining Q230;Remaining Q16370;0
595863;722;230;3;Remaining Q0;Remaining Q0;Remaining Q0;Remaining Q16370;0
595865;559;559;4;Remaining Q0;Remaining Q0;Remaining Q0;Remaining Q15811;0
596873;533;36;1;Remaining Q0;Remaining Q44;Remaining Q81;Remaining Q16195;0
596875;764;44;2;Remaining Q0;Remaining Q0;Remaining Q81;Remaining Q16195;0
596879;839;839;4;Remaining Q0;Remaining Q0;Remaining Q0;Remaining Q15356;0
596877;853;81;3;Remaining Q0;Remaining Q0;Remaining Q0;Remaining Q16195;0
597885;533;74;1;Remaining Q0;Remaining Q118;Remaining Q176;Remaining Q16212;0
597887;726;118;2;Remaining Q0;Remaining Q0;Remaining Q176;Remaining Q16212;0
597889;632;632;4;Remaining Q0;Remaining Q0;Remaining Q0;Remaining Q15580;0
597888;741;176;3;Remaining Q0;Remaining Q0;Remaining Q0;Remaining Q16212;0
598899;533;40;1;Remaining Q0;Remaining Q78;Remaining Q103;Remaining Q16114;0
598902;760;78;2;Remaining Q0;Remaining Q0;Remaining Q103;Remaining Q16114;0
598904;815;103;3;Remaining Q0;Remaining Q0;Remaining Q0;Remaining Q16114;0
598906;779;779;4;Remaining Q0;Remaining Q0;Remaining Q0;Remaining Q15335;0
599913;533;56;1;Remaining Q0;Remaining Q149;Remaining Q170;Remaining Q16141;0
599916;744;149;2;Remaining Q0;Remaining Q0;Remaining Q170;Remaining Q16141;0
599918;728;170;3;Remaining Q0;Remaining Q0;Remaining Q0;Remaining Q16141;0
599920;625;625;4;Remaining Q0;Remaining Q0;Remaining Q0;Remaining Q15516;0
600926;533;49;1;Remaining Q0;Remaining Q77;Remaining Q114;Remaining Q16110;0
600927;751;77;2;Remaining Q0;Remaining Q0;Remaining Q114;Remaining Q16110;0
600929;807;114;3;Remaining Q0;Remaining Q0;Remaining Q0;Remaining Q16110;0
600930;760;760;4;Remaining Q0;Remaining Q0;Remaining Q0;Remaining Q15350;0
601938;533;83;1;Remaining Q0;Remaining Q180;Remaining Q266;Remaining Q16659;0
601941;717;180;2;Remaining Q0;Remaining Q0;Remaining Q266;Remaining Q16659;0
601943;670;266;3;Remaining Q0;Remaining Q0;Remaining Q0;Remaining Q16659;0
601945;471;471;4;Remaining Q0;Remaining Q0;Remaining Q0;Remaining Q16188;0
602953;533;98;1;Remaining Q0;Remaining Q179;Remaining Q256;Remaining Q17476;0
602955;702;179;2;Remaining Q0;Remaining Q0;Remaining Q256;Remaining Q17476;0
602957;656;256;3;Remaining Q0;Remaining Q0;Remaining Q0;Remaining Q17476;0
602959;467;467;4;Remaining Q0;Remaining Q0;Remaining Q0;Remaining Q17009;0
603962;533;35;1;Remaining Q0;Remaining Q88;Remaining Q92;Remaining Q17134;370
603964;765;88;2;Remaining Q0;Remaining Q0;Remaining Q92;Remaining Q17134;370
603967;810;92;3;Remaining Q0;Remaining Q0;Remaining Q0;Remaining Q17134;370
603968;785;785;4;Remaining Q0;Remaining Q0;Remaining Q0;Remaining Q16349;370
604973;533;21;1;Remaining Q0;Remaining Q52;Remaining Q80;Remaining Q16333;818
604975;779;52;2;Remaining Q0;Remaining Q0;Remaining Q80;Remaining Q16333;818
604977;860;80;3;Remaining Q0;Remaining Q0;Remaining Q0;Remaining Q16333;818
604979;847;847;4;Remaining Q0;Remaining Q0;Remaining Q0;Remaining Q15486;818
605987;533;50;1;Remaining Q0;Remaining Q88;Remaining Q111;Remaining Q15731;1163
605989;750;88;2;Remaining Q0;Remaining Q0;Remaining Q111;Remaining Q15731;1163
605990;795;111;3;Remaining Q0;Remaining Q0;Remaining Q0;Remaining Q15731;1163
605992;751;751;4;Remaining Q0;Remaining Q0;Remaining Q0;Remaining Q14980;1163
606988;533;108;1;Remaining Q0;Remaining Q185;Remaining Q308;Remaining Q16379;1163
606991;692;185;2;Remaining Q0;Remaining Q0;Remaining Q308;Remaining Q16379;1163
606992;640;308;3;Remaining Q0;Remaining Q0;Remaining Q0;Remaining Q16379;1163
606995;399;399;4;Remaining Q0;Remaining Q0;Remaining Q0;Remaining Q15980;1163
608000;533;98;1;Remaining Q0;Remaining Q185;Remaining Q303;Remaining Q17394;1163
608003;702;185;2;Remaining Q0;Remaining Q0;Remaining Q303;Remaining Q17394;1163
608005;650;303;3;Remaining Q0;Remaining Q0;Remaining Q0;Remaining Q17394;1163
608007;414;414;4;Remaining Q0;Remaining Q0;Remaining Q0;Remaining Q16980;1163
609000;533;78;1;Remaining Q0;Remaining Q176;Remaining Q305;Remaining Q17507;1837
609002;722;176;2;Remaining Q0;Remaining Q0;Remaining Q305;Remaining Q17507;1837
609004;679;305;3;Remaining Q0;Remaining Q0;Remaining Q0;Remaining Q17507;1837
609006;441;441;4;Remaining Q0;Remaining Q0;Remaining Q0;Remaining Q17066;1837
610007;533;47;1;Remaining Q0;Remaining Q98;Remaining Q157;Remaining Q17246;2308
610008;753;98;2;Remaining Q0;Remaining Q0;Remaining Q157;Remaining Q17246;2308
610010;788;157;3;Remaining Q0;Remaining Q0;Remaining Q0;Remaining Q17246;2308
610011;698;698;4;Remaining Q0;Remaining Q0;Remaining Q0;Remaining Q16548;2308
611021;533;86;1;Remaining Q0;Remaining Q162;Remaining Q231;Remaining Q17357;2614
611024;714;162;2;Remaining Q0;Remaining Q0;Remaining Q231;Remaining Q17357;2614
611026;685;231;3;Remaining Q0;Remaining Q0;Remaining Q0;Remaining Q17357;2614
611028;521;521;4;Remaining Q0;Remaining Q0;Remaining Q0;Remaining Q16836;2614
612029;533;74;1;Remaining Q0;Remaining Q157;Remaining Q208;Remaining Q17801;2676
612032;726;157;2;Remaining Q0;Remaining Q0;Remaining Q208;Remaining Q17801;2676
612034;702;208;3;Remaining Q0;Remaining Q0;Remaining Q0;Remaining Q17801;2676
612036;561;561;4;Remaining Q0;Remaining Q0;Remaining Q0;Remaining Q17240;2676
613041;533;65;1;Remaining Q0;Remaining Q111;Remaining Q191;Remaining Q17881;2737
613043;735;111;2;Remaining Q0;Remaining Q0;Remaining Q191;Remaining Q17881;2737
613045;757;191;3;Remaining Q0;Remaining Q0;Remaining Q0;Remaining Q17881;2737
613047;633;633;4;Remaining Q0;Remaining Q0;Remaining Q0;Remaining Q17248;2737
614041;533;60;1;Remaining Q0;Remaining Q133;Remaining Q182;Remaining Q17349;3550
614043;740;133;2;Remaining Q0;Remaining Q0;Remaining Q182;Remaining Q17349;3550
614045;740;182;3;Remaining Q0;Remaining Q0;Remaining Q0;Remaining Q17349;3550
614047;625;625;4;Remaining Q0;Remaining Q0;Remaining Q0;Remaining Q16724;3550
615054;533;53;1;Remaining Q0;Remaining Q139;Remaining Q189;Remaining Q17043;4192
615057;747;139;2;Remaining Q0;Remaining Q0;Remaining Q189;Remaining Q17043;4192
615059;741;189;3;Remaining Q0;Remaining Q0;Remaining Q0;Remaining Q17043;4192
615061;619;619;4;Remaining Q0;Remaining Q0;Remaining Q0;Remaining Q16424;4192
616066;533;47;1;Remaining Q0;Remaining Q104;Remaining Q150;Remaining Q16987;4328
616069;753;104;2;Remaining Q0;Remaining Q0;Remaining Q150;Remaining Q16987;4328
616071;782;150;3;Remaining Q0;Remaining Q0;Remaining Q0;Remaining Q16987;4328
616073;699;699;4;Remaining Q0;Remaining Q0;Remaining Q0;Remaining Q16288;4328
617072;533;63;1;Remaining Q0;Remaining Q118;Remaining Q186;Remaining Q17237;4328
617074;737;118;2;Remaining Q0;Remaining Q0;Remaining Q186;Remaining Q17237;4328
617075;752;186;3;Remaining Q0;Remaining Q0;Remaining Q0;Remaining Q17237;4328
617077;633;633;4;Remaining Q0;Remaining Q0;Remaining Q0;Remaining Q16604;4328
618087;533;93;1;Remaining Q0;Remaining Q185;Remaining Q269;Remaining Q17842;4386
618090;707;185;2;Remaining Q0;Remaining Q0;Remaining Q269;Remaining Q17842;4386
618092;655;269;3;Remaining Q0;Remaining Q0;Remaining Q0;Remaining Q17842;4386
618094;453;453;4;Remaining Q0;Remaining Q0;Remaining Q0;Remaining Q17389;4386
619098;533;21;1;Remaining Q0;Remaining Q67;Remaining Q76;Remaining Q17675;4402
619099;779;67;2;Remaining Q0;Remaining Q0;Remaining Q76;Remaining Q17675;4402
619100;845;76;3;Remaining Q0;Remaining Q0;Remaining Q0;Remaining Q17675;4402
619102;836;836;4;Remaining Q0;Remaining Q0;Remaining Q0;Remaining Q16839;4402
620098;533;67;1;Remaining Q0;Remaining Q158;Remaining Q202;Remaining Q17892;4402
620100;733;158;2;Remaining Q0;Remaining Q0;Remaining Q202;Remaining Q17892;4402
620102;708;202;3;Remaining Q0;Remaining Q0;Remaining Q0;Remaining Q17892;4402
620104;573;573;4;Remaining Q0;Remaining Q0;Remaining Q0;Remaining Q17319;4402
621103;533;20;1;Remaining Q0;Remaining Q41;Remaining Q68;Remaining Q17166;4832
621107;872;68;3;Remaining Q0;Remaining Q0;Remaining Q0;Remaining Q17166;4832
621105;780;41;2;Remaining Q0;Remaining Q0;Remaining Q68;Remaining Q17166;4832
621109;871;871;4;Remaining Q0;Remaining Q0;Remaining Q0;Remaining Q16295;4832
622113;533;73;1;Remaining Q0;Remaining Q152;Remaining Q218;Remaining Q17223;4983
622115;727;152;2;Remaining Q0;Remaining Q0;Remaining Q218;Remaining Q17223;4983
622117;708;218;3;Remaining Q0;Remaining Q0;Remaining Q0;Remaining Q17223;4983
622119;557;557;4;Remaining Q0;Remaining Q0;Remaining Q0;Remaining Q16666;4983
623126;533;96;1;Remaining Q0;Remaining Q177;Remaining Q253;Remaining Q17541;5344
623128;704;177;2;Remaining Q0;Remaining Q0;Remaining Q253;Remaining Q17541;5344
623129;660;253;3;Remaining Q0;Remaining Q0;Remaining Q0;Remaining Q17541;5344
623131;474;474;4;Remaining Q0;Remaining Q0;Remaining Q0;Remaining Q17067;5344
624140;533;37;1;Remaining Q0;Remaining Q70;Remaining Q124;Remaining Q17631;5344
624143;763;70;2;Remaining Q0;Remaining Q0;Remaining Q124;Remaining Q17631;5344
624144;826;124;3;Remaining Q0;Remaining Q0;Remaining Q0;Remaining Q17631;5344
624145;769;769;4;Remaining Q0;Remaining Q0;Remaining Q0;Remaining Q16862;5344
625142;533;31;1;Remaining Q0;Remaining Q66;Remaining Q79;Remaining Q17199;5367
625144;769;66;2;Remaining Q0;Remaining Q0;Remaining Q79;Remaining Q17199;5367
625145;836;79;3;Remaining Q0;Remaining Q0;Remaining Q0;Remaining Q17199;5367
625148;824;824;4;Remaining Q0;Remaining Q0;Remaining Q0;Remaining Q16375;5367
626146;533;78;1;Remaining Q0;Remaining Q181;Remaining Q230;Remaining Q17613;5367
626148;722;181;2;Remaining Q0;Remaining Q0;Remaining Q230;Remaining Q17613;5367
626149;674;230;3;Remaining Q0;Remaining Q0;Remaining Q0;Remaining Q17613;5367
626152;511;511;4;Remaining Q0;Remaining Q0;Remaining Q0;Remaining Q17102;5367
627157;533;72;1;Remaining Q0;Remaining Q130;Remaining Q223;Remaining Q17141;6403
627159;728;130;2;Remaining Q0;Remaining Q0;Remaining Q223;Remaining Q17141;6403
627160;731;223;3;Remaining Q0;Remaining Q0;Remaining Q0;Remaining Q17141;6403
627161;575;575;4;Remaining Q0;Remaining Q0;Remaining Q0;Remaining Q16566;6403
628171;533;76;1;Remaining Q0;Remaining Q173;Remaining Q246;Remaining Q17357;6803
628173;724;173;2;Remaining Q0;Remaining Q0;Remaining Q246;Remaining Q17357;6803
628174;684;246;3;Remaining Q0;Remaining Q0;Remaining Q0;Remaining Q17357;6803
628175;505;505;4;Remaining Q0;Remaining Q0;Remaining Q0;Remaining Q16852;6803
629177;533;62;1;Remaining Q0;Remaining Q136;Remaining Q194;Remaining Q16894;7617
629178;738;136;2;Remaining Q0;Remaining Q0;Remaining Q194;Remaining Q16894;7617
629179;735;194;3;Remaining Q0;Remaining Q0;Remaining Q0;Remaining Q16894;7617
629181;608;608;4;Remaining Q0;Remaining Q0;Remaining Q0;Remaining Q16286;7617
630192;533;36;1;Remaining Q0;Remaining Q66;Remaining Q94;Remaining Q16717;7617
630193;764;66;2;Remaining Q0;Remaining Q0;Remaining Q94;Remaining Q16717;7617
630194;831;94;3;Remaining Q0;Remaining Q0;Remaining Q0;Remaining Q16717;7617
630195;804;804;4;Remaining Q0;Remaining Q0;Remaining Q0;Remaining Q15913;7617
631204;533;54;1;Remaining Q0;Remaining Q101;Remaining Q143;Remaining Q16242;7972
631205;746;101;2;Remaining Q0;Remaining Q0;Remaining Q143;Remaining Q16242;7972
631207;778;143;3;Remaining Q0;Remaining Q0;Remaining Q0;Remaining Q16242;7972
631208;702;702;4;Remaining Q0;Remaining Q0;Remaining Q0;Remaining Q15540;7972
632205;533;47;1;Remaining Q0;Remaining Q87;Remaining Q143;Remaining Q16209;7972
632208;753;163;2;Remaining Q35;Remaining Q0;Remaining Q252;Remaining Q16720;7972
632210;723;252;3;Remaining Q35;Remaining Q0;Remaining Q0;Remaining Q16720;7972
632211;538;538;4;Remaining Q35;Remaining Q0;Remaining Q0;Remaining Q16182;7972
633218;533;61;1;Remaining Q0;Remaining Q35;Remaining Q50;Remaining Q16048;8403
633221;739;35;2;Remaining Q0;Remaining Q0;Remaining Q50;Remaining Q16048;8403
633223;837;50;3;Remaining Q0;Remaining Q0;Remaining Q0;Remaining Q16048;8403
633225;854;854;4;Remaining Q0;Remaining Q0;Remaining Q0;Remaining Q15194;8403
634230;533;42;1;Remaining Q0;Remaining Q72;Remaining Q97;Remaining Q15694;8403
634231;758;72;2;Remaining Q0;Remaining Q0;Remaining Q97;Remaining Q15694;8403
634232;819;97;3;Remaining Q0;Remaining Q0;Remaining Q0;Remaining Q15694;8403
634234;789;789;4;Remaining Q0;Remaining Q0;Remaining Q0;Remaining Q14905;8403
635239;533;34;1;Remaining Q0;Remaining Q92;Remaining Q98;Remaining Q15520;8403
635241;766;92;2;Remaining Q0;Remaining Q0;Remaining Q98;Remaining Q15520;8403
635242;807;252;3;Remaining Q51;Remaining Q99;Remaining Q0;Remaining Q16216;8403
635244;622;622;4;Remaining Q51;Remaining Q99;Remaining Q0;Remaining Q15594;8403
636242;533;98;1;Remaining Q0;Remaining Q195;Remaining Q150;Remaining Q16301;8403
636246;702;195;2;Remaining Q0;Remaining Q0;Remaining Q150;Remaining Q16301;8403
636247;640;150;3;Remaining Q0;Remaining Q0;Remaining Q0;Remaining Q16301;8403
636249;557;557;4;Remaining Q0;Remaining Q0;Remaining Q0;Remaining Q15744;8403
637254;533;78;1;Remaining Q0;Remaining Q121;Remaining Q209;Remaining Q15713;9321
637257;722;121;2;Remaining Q0;Remaining Q0;Remaining Q209;Remaining Q15713;9321
637259;734;209;3;Remaining Q0;Remaining Q0;Remaining Q0;Remaining Q15713;9321
637261;592;592;4;Remaining Q0;Remaining Q0;Remaining Q0;Remaining Q15121;9321
638268;533;47;1;Remaining Q0;Remaining Q79;Remaining Q112;Remaining Q15614;9321
638270;753;79;2;Remaining Q0;Remaining Q0;Remaining Q112;Remaining Q15614;9321
638273;762;762;4;Remaining Q0;Remaining Q0;Remaining Q0;Remaining Q14852;9321
638272;807;112;3;Remaining Q0;Remaining Q0;Remaining Q0;Remaining Q15614;9321
639267;533;16;1;Remaining Q0;Remaining Q44;Remaining Q70;Remaining Q15208;9321
639270;784;44;2;Remaining Q0;Remaining Q0;Remaining Q70;Remaining Q15208;9321
639272;873;70;3;Remaining Q0;Remaining Q0;Remaining Q0;Remaining Q15208;9321
639274;870;870;4;Remaining Q0;Remaining Q0;Remaining Q0;Remaining Q14338;9321
640284;533;20;1;Remaining Q0;Remaining Q51;Remaining Q91;Remaining Q14708;9321
640286;780;51;2;Remaining Q0;Remaining Q0;Remaining Q91;Remaining Q14708;9321
640288;862;91;3;Remaining Q0;Remaining Q0;Remaining Q0;Remaining Q14708;9321
640289;838;838;4;Remaining Q0;Remaining Q0;Remaining Q0;Remaining Q13870;9321
641291;533;67;1;Remaining Q0;Remaining Q136;Remaining Q217;Remaining Q14916;9321
641293;733;136;2;Remaining Q0;Remaining Q0;Remaining Q217;Remaining Q14916;9321
641294;730;217;3;Remaining Q0;Remaining Q0;Remaining Q0;Remaining Q14916;9321
641295;580;580;4;Remaining Q0;Remaining Q0;Remaining Q0;Remaining Q14336;9321
642305;533;66;1;Remaining Q0;Remaining Q142;Remaining Q205;Remaining Q15270;9460
642307;734;142;2;Remaining Q0;Remaining Q0;Remaining Q205;Remaining Q15270;9460
642309;725;205;3;Remaining Q0;Remaining Q0;Remaining Q0;Remaining Q15270;9460
642310;587;587;4;Remaining Q0;Remaining Q0;Remaining Q0;Remaining Q14683;9460
643313;533;99;1;Remaining Q0;Remaining Q179;Remaining Q274;Remaining Q15885;9524
643316;701;179;2;Remaining Q0;Remaining Q0;Remaining Q274;Remaining Q15885;9524
643317;655;274;3;Remaining Q0;Remaining Q0;Remaining Q0;Remaining Q15885;9524
643321;448;448;4;Remaining Q0;Remaining Q0;Remaining Q0;Remaining Q15437;9524
644315;533;70;1;Remaining Q0;Remaining Q147;Remaining Q224;Remaining Q16305;9640
644318;730;147;2;Remaining Q0;Remaining Q0;Remaining Q224;Remaining Q16305;9640
644321;716;224;3;Remaining Q0;Remaining Q0;Remaining Q0;Remaining Q16305;9640
644323;559;559;4;Remaining Q0;Remaining Q0;Remaining Q0;Remaining Q15746;9640
645323;533;61;1;Remaining Q0;Remaining Q154;Remaining Q225;Remaining Q16251;10149
645325;739;154;2;Remaining Q0;Remaining Q0;Remaining Q225;Remaining Q16251;10149
645326;718;225;3;Remaining Q0;Remaining Q0;Remaining Q0;Remaining Q16251;10149
645327;560;560;4;Remaining Q0;Remaining Q0;Remaining Q0;Remaining Q15691;10149
646331;533;76;1;Remaining Q0;Remaining Q145;Remaining Q238;Remaining Q16740;10149
646333;724;145;2;Remaining Q0;Remaining Q0;Remaining Q238;Remaining Q16740;10149
646335;712;238;3;Remaining Q0;Remaining Q0;Remaining Q0;Remaining Q16740;10149
646337;541;541;4;Remaining Q0;Remaining Q0;Remaining Q0;Remaining Q16199;10149
647346;533;69;1;Remaining Q0;Remaining Q145;Remaining Q218;Remaining Q16059;11327
647348;731;145;2;Remaining Q0;Remaining Q0;Remaining Q218;Remaining Q16059;11327
647351;719;218;3;Remaining Q0;Remaining Q0;Remaining Q0;Remaining Q16059;11327
647353;568;568;4;Remaining Q0;Remaining Q0;Remaining Q0;Remaining Q15491;11327
648352;533;58;1;Remaining Q0;Remaining Q141;Remaining Q204;Remaining Q16423;11327
648355;742;141;2;Remaining Q0;Remaining Q0;Remaining Q204;Remaining Q16423;11327
648357;734;204;3;Remaining Q0;Remaining Q0;Remaining Q0;Remaining Q16423;11327
648360;597;597;4;Remaining Q0;Remaining Q0;Remaining Q0;Remaining Q15826;11327
649358;533;72;1;Remaining Q0;Remaining Q164;Remaining Q258;Remaining Q16788;11535
649360;728;164;2;Remaining Q0;Remaining Q0;Remaining Q258;Remaining Q16788;11535
649361;697;258;3;Remaining Q0;Remaining Q0;Remaining Q0;Remaining Q16788;11535
649362;506;506;4;Remaining Q0;Remaining Q0;Remaining Q0;Remaining Q16282;11535
650373;533;33;1;Remaining Q0;Remaining Q53;Remaining Q80;Remaining Q16702;11535
650375;767;53;2;Remaining Q0;Remaining Q0;Remaining Q80;Remaining Q16702;11535
650377;847;80;3;Remaining Q0;Remaining Q0;Remaining Q0;Remaining Q16702;11535
650378;834;834;4;Remaining Q0;Remaining Q0;Remaining Q0;Remaining Q15868;11535
651387;533;43;1;Remaining Q0;Remaining Q108;Remaining Q145;Remaining Q16522;11535
651390;757;108;2;Remaining Q0;Remaining Q0;Remaining Q145;Remaining Q16522;11535
651392;782;145;3;Remaining Q0;Remaining Q0;Remaining Q0;Remaining Q16522;11535
651394;704;704;4;Remaining Q0;Remaining Q0;Remaining Q0;Remaining Q15818;11535
652400;533;98;1;Remaining Q0;Remaining Q186;Remaining Q293;Remaining Q16990;11786
652402;702;186;2;Remaining Q0;Remaining Q0;Remaining Q293;Remaining Q16990;11786
652404;649;293;3;Remaining Q0;Remaining Q0;Remaining Q0;Remaining Q16990;11786
652406;423;423;4;Remaining Q0;Remaining Q0;Remaining Q0;Remaining Q16567;11786
653406;533;95;1;Remaining Q0;Remaining Q172;Remaining Q298;Remaining Q17836;11786
653408;705;172;2;Remaining Q0;Remaining Q0;Remaining Q298;Remaining Q17836;11786
653409;666;298;3;Remaining Q0;Remaining Q0;Remaining Q0;Remaining Q17836;11786
653411;435;435;4;Remaining Q0;Remaining Q0;Remaining Q0;Remaining Q17401;11786
654409;533;52;1;Remaining Q0;Remaining Q76;Remaining Q139;Remaining Q17482;12340
654411;748;76;2;Remaining Q0;Remaining Q0;Remaining Q139;Remaining Q17482;12340
654412;805;139;3;Remaining Q0;Remaining Q0;Remaining Q0;Remaining Q17482;12340
654413;733;733;4;Remaining Q0;Remaining Q0;Remaining Q0;Remaining Q16749;12340
655409;533;89;1;Remaining Q0;Remaining Q154;Remaining Q239;Remaining Q17525;12769
655412;711;154;2;Remaining Q0;Remaining Q0;Remaining Q239;Remaining Q17525;12769
655414;690;239;3;Remaining Q0;Remaining Q0;Remaining Q0;Remaining Q17525;12769
655416;518;518;4;Remaining Q0;Remaining Q0;Remaining Q0;Remaining Q17007;12769
656422;533;64;1;Remaining Q0;Remaining Q134;Remaining Q201;Remaining Q17543;13141
656424;736;134;2;Remaining Q0;Remaining Q0;Remaining Q201;Remaining Q17543;13141
656427;735;201;3;Remaining Q0;Remaining Q0;Remaining Q0;Remaining Q17543;13141
656429;601;601;4;Remaining Q0;Remaining Q0;Remaining Q0;Remaining Q16942;13141
657428;533;52;1;Remaining Q0;Remaining Q98;Remaining Q146;Remaining Q17581;13141
657430;748;98;2;Remaining Q0;Remaining Q0;Remaining Q146;Remaining Q17581;13141
657431;783;146;3;Remaining Q0;Remaining Q0;Remaining Q0;Remaining Q17581;13141
657433;704;704;4;Remaining Q0;Remaining Q0;Remaining Q0;Remaining Q16877;13141
658446;533;24;1;Remaining Q0;Remaining Q62;Remaining Q98;Remaining Q17395;13141
658449;776;62;2;Remaining Q0;Remaining Q0;Remaining Q98;Remaining Q17395;13141
658451;847;98;3;Remaining Q0;Remaining Q0;Remaining Q0;Remaining Q17395;13141
658453;816;816;4;Remaining Q0;Remaining Q0;Remaining Q0;Remaining Q16579;13141
659444;533;33;1;Remaining Q0;Remaining Q44;Remaining Q82;Remaining Q16974;13141
659446;767;44;2;Remaining Q0;Remaining Q0;Remaining Q82;Remaining Q16974;13141
659448;856;82;3;Remaining Q0;Remaining Q0;Remaining Q0;Remaining Q16974;13141
659449;841;841;4;Remaining Q0;Remaining Q0;Remaining Q0;Remaining Q16133;13141
660446;533;101;1;Remaining Q0;Remaining Q202;Remaining Q303;Remaining Q17527;13141
660449;699;202;2;Remaining Q0;Remaining Q0;Remaining Q303;Remaining Q17527;13141
660450;630;303;3;Remaining Q0;Remaining Q0;Remaining Q0;Remaining Q17527;13141
660452;394;394;4;Remaining Q0;Remaining Q0;Remaining Q0;Remaining Q17133;13141
661459;533;46;1;Remaining Q0;Remaining Q86;Remaining Q112;Remaining Q17667;13141
661462;754;86;2;Remaining Q0;Remaining Q0;Remaining Q112;Remaining Q17667;13141
661464;801;112;3;Remaining Q0;Remaining Q0;Remaining Q0;Remaining Q17667;13141
661466;756;756;4;Remaining Q0;Remaining Q0;Remaining Q0;Remaining Q16911;13141
662458;533;84;1;Remaining Q0;Remaining Q163;Remaining Q253;Remaining Q18030;13268
662460;716;163;2;Remaining Q0;Remaining Q0;Remaining Q253;Remaining Q18030;13268
662461;686;253;3;Remaining Q0;Remaining Q0;Remaining Q0;Remaining Q18030;13268
662462;500;500;4;Remaining Q0;Remaining Q0;Remaining Q0;Remaining Q17530;13268
663468;533;82;1;Remaining Q0;Remaining Q120;Remaining Q208;Remaining Q17818;13868
663471;718;120;2;Remaining Q0;Remaining Q0;Remaining Q208;Remaining Q17818;13868
663473;731;208;3;Remaining Q0;Remaining Q0;Remaining Q0;Remaining Q17818;13868
663474;590;590;4;Remaining Q0;Remaining Q0;Remaining Q0;Remaining Q17228;13868
664481;533;68;1;Remaining Q0;Remaining Q115;Remaining Q188;Remaining Q17518;14428
664484;732;115;2;Remaining Q0;Remaining Q0;Remaining Q188;Remaining Q17518;14428
664486;750;188;3;Remaining Q0;Remaining Q0;Remaining Q0;Remaining Q17518;14428
664488;629;629;4;Remaining Q0;Remaining Q0;Remaining Q0;Remaining Q16889;14428
665482;533;76;1;Remaining Q0;Remaining Q151;Remaining Q264;Remaining Q17866;14510
665485;724;151;2;Remaining Q0;Remaining Q0;Remaining Q264;Remaining Q17866;14510
665488;706;264;3;Remaining Q0;Remaining Q0;Remaining Q0;Remaining Q17866;14510
665490;509;509;4;Remaining Q0;Remaining Q0;Remaining Q0;Remaining Q17357;14510
666486;533;17;1;Remaining Q0;Remaining Q39;Remaining Q67;Remaining Q17087;15098
666488;783;39;2;Remaining Q0;Remaining Q0;Remaining Q67;Remaining Q17087;15098
666491;877;67;3;Remaining Q0;Remaining Q0;Remaining Q0;Remaining Q17087;15098
666492;877;877;4;Remaining Q0;Remaining Q0;Remaining Q0;Remaining Q16210;15098
667491;533;51;1;Remaining Q0;Remaining Q61;Remaining Q107;Remaining Q16176;15783
667493;749;61;2;Remaining Q0;Remaining Q0;Remaining Q107;Remaining Q16176;15783
667495;821;107;3;Remaining Q0;Remaining Q0;Remaining Q0;Remaining Q16176;15783
667497;781;781;4;Remaining Q0;Remaining Q0;Remaining Q0;Remaining Q15395;15783
668492;533;45;1;Remaining Q0;Remaining Q76;Remaining Q121;Remaining Q15899;15783
668494;755;76;2;Remaining Q0;Remaining Q0;Remaining Q121;Remaining Q15899;15783
668495;812;121;3;Remaining Q0;Remaining Q0;Remaining Q0;Remaining Q15899;15783
668497;758;758;4;Remaining Q0;Remaining Q0;Remaining Q0;Remaining Q15141;15783
669506;533;43;1;Remaining Q0;Remaining Q88;Remaining Q136;Remaining Q15714;15783
669508;757;88;2;Remaining Q0;Remaining Q0;Remaining Q136;Remaining Q15714;15783
669510;802;136;3;Remaining Q0;Remaining Q0;Remaining Q0;Remaining Q15714;15783
669512;733;733;4;Remaining Q0;Remaining Q0;Remaining Q0;Remaining Q14981;15783
670518;533;85;1;Remaining Q0;Remaining Q174;Remaining Q263;Remaining Q16085;15783
670520;715;174;2;Remaining Q0;Remaining Q0;Remaining Q263;Remaining Q16085;15783
670521;674;263;3;Remaining Q0;Remaining Q0;Remaining Q0;Remaining Q16085;15783
670523;478;478;4;Remaining Q0;Remaining Q0;Remaining Q0;Remaining Q15607;15783
671532;533;51;1;Remaining Q0;Remaining Q124;Remaining Q161;Remaining Q15486;16751
671536;749;124;2;Remaining Q0;Remaining Q0;Remaining Q161;Remaining Q15486;16751
671539;758;161;3;Remaining Q0;Remaining Q0;Remaining Q0;Remaining Q15486;16751
671541;664;664;4;Remaining Q0;Remaining Q0;Remaining Q0;Remaining Q14822;16751
672543;533;66;1;Remaining Q0;Remaining Q141;Remaining Q215;Remaining Q15382;17099
672545;734;141;2;Remaining Q0;Remaining Q0;Remaining Q215;Remaining Q15382;17099
672547;726;215;3;Remaining Q0;Remaining Q0;Remaining Q0;Remaining Q15382;17099
672550;578;578;4;Remaining Q0;Remaining Q0;Remaining Q0;Remaining Q14804;17099
673556;533;31;1;Remaining Q0;Remaining Q39;Remaining Q70;Remaining Q15076;17099
673558;769;39;2;Remaining Q0;Remaining Q0;Remaining Q70;Remaining Q15076;17099
673560;863;70;3;Remaining Q0;Remaining Q0;Remaining Q0;Remaining Q15076;17099
673561;860;860;4;Remaining Q0;Remaining Q0;Remaining Q0;Remaining Q14216;17099
674564;533;91;1;Remaining Q0;Remaining Q199;Remaining Q278;Remaining Q15432;17315
674566;709;199;2;Remaining Q0;Remaining Q0;Remaining Q278;Remaining Q15432;17315
674571;643;278;3;Remaining Q0;Remaining Q0;Remaining Q0;Remaining Q15432;17315
674574;432;432;4;Remaining Q0;Remaining Q0;Remaining Q0;Remaining Q15000;17315
675579;533;52;1;Remaining Q0;Remaining Q135;Remaining Q143;Remaining Q15508;17487
675581;748;135;2;Remaining Q0;Remaining Q0;Remaining Q143;Remaining Q15508;17487
675582;746;143;3;Remaining Q0;Remaining Q0;Remaining Q0;Remaining Q15508;17487
675584;670;670;4;Remaining Q0;Remaining Q0;Remaining Q0;Remaining Q14838;17487
676579;533;34;1;Remaining Q0;Remaining Q96;Remaining Q126;Remaining Q15262;17745
676581;766;96;2;Remaining Q0;Remaining Q0;Remaining Q126;Remaining Q15262;17745
676583;803;126;3;Remaining Q0;Remaining Q0;Remaining Q0;Remaining Q15262;17745
676585;744;744;4;Remaining Q0;Remaining Q0;Remaining Q0;Remaining Q14518;17745
677591;533;20;1;Remaining Q0;Remaining Q44;Remaining Q59;Remaining Q14781;17745
677592;780;44;2;Remaining Q0;Remaining Q0;Remaining Q59;Remaining Q14781;17745
677594;869;59;3;Remaining Q0;Remaining Q0;Remaining Q0;Remaining Q14781;17745
677595;877;877;4;Remaining Q0;Remaining Q0;Remaining Q0;Remaining Q13904;17745
678601;533;93;1;Remaining Q0;Remaining Q174;Remaining Q276;Remaining Q15243;17745
678603;707;174;2;Remaining Q0;Remaining Q0;Remaining Q276;Remaining Q15243;17745
678604;666;276;3;Remaining Q0;Remaining Q0;Remaining Q0;Remaining Q15243;17745
678606;457;457;4;Remaining Q0;Remaining Q0;Remaining Q0;Remaining Q14786;17745
679616;533;69;1;Remaining Q0;Remaining Q137;Remaining Q238;Remaining Q15442;18183
679618;731;137;2;Remaining Q0;Remaining Q0;Remaining Q238;Remaining Q15442;18183
679619;727;238;3;Remaining Q0;Remaining Q0;Remaining Q0;Remaining Q15442;18183
679621;556;556;4;Remaining Q0;Remaining Q0;Remaining Q0;Remaining Q14886;18183
680629;533;86;1;Remaining Q0;Remaining Q180;Remaining Q261;Remaining Q16114;18183
680632;714;180;2;Remaining Q0;Remaining Q0;Remaining Q261;Remaining Q16114;18183
680633;667;261;3;Remaining Q0;Remaining Q0;Remaining Q0;Remaining Q16114;18183
680635;473;473;4;Remaining Q0;Remaining Q0;Remaining Q0;Remaining Q15641;18183
681644;533;48;1;Remaining Q0;Remaining Q83;Remaining Q138;Remaining Q15999;18463
681646;752;83;2;Remaining Q0;Remaining Q0;Remaining Q138;Remaining Q15999;18463
681648;802;138;3;Remaining Q0;Remaining Q0;Remaining Q0;Remaining Q15999;18463
681650;731;731;4;Remaining Q0;Remaining Q0;Remaining Q0;Remaining Q15268;18463
682649;533;29;1;Remaining Q0;Remaining Q54;Remaining Q98;Remaining Q15381;18712
682651;771;54;2;Remaining Q0;Remaining Q0;Remaining Q98;Remaining Q15381;18712
682653;850;98;3;Remaining Q0;Remaining Q0;Remaining Q0;Remaining Q15381;18712
682656;819;819;4;Remaining Q0;Remaining Q0;Remaining Q0;Remaining Q14562;18712
683654;533;52;1;Remaining Q0;Remaining Q109;Remaining Q151;Remaining Q15307;18754
683656;748;109;2;Remaining Q0;Remaining Q0;Remaining Q151;Remaining Q15307;18754
683657;772;151;3;Remaining Q0;Remaining Q0;Remaining Q0;Remaining Q15307;18754
683659;688;688;4;Remaining Q0;Remaining Q0;Remaining Q0;Remaining Q14619;18754
684658;533;60;1;Remaining Q0;Remaining Q99;Remaining Q133;Remaining Q14859;19222
684661;740;99;2;Remaining Q0;Remaining Q0;Remaining Q133;Remaining Q14859;19222
684663;774;133;3;Remaining Q0;Remaining Q0;Remaining Q0;Remaining Q14859;19222
684665;708;708;4;Remaining Q0;Remaining Q0;Remaining Q0;Remaining Q14151;19222
685670;533;50;1;Remaining Q0;Remaining Q97;Remaining Q167;Remaining Q14912;19222
685672;750;97;2;Remaining Q0;Remaining Q0;Remaining Q167;Remaining Q14912;19222
685673;786;167;3;Remaining Q0;Remaining Q0;Remaining Q0;Remaining Q14912;19222
685675;686;686;4;Remaining Q0;Remaining Q0;Remaining Q0;Remaining Q14226;19222
686684;533;60;1;Remaining Q0;Remaining Q98;Remaining Q177;Remaining Q15027;19266
686686;740;98;2;Remaining Q0;Remaining Q0;Remaining Q177;Remaining Q15027;19266
686687;775;177;3;Remaining Q0;Remaining Q0;Remaining Q0;Remaining Q15027;19266
686689;665;665;4;Remaining Q0;Remaining Q0;Remaining Q0;Remaining Q14362;19266
687688;533;66;1;Remaining Q0;Remaining Q138;Remaining Q192;Remaining Q15313;19266
687691;734;138;2;Remaining Q0;Remaining Q0;Remaining Q192;Remaining Q15313;19266
687694;729;192;3;Remaining Q0;Remaining Q0;Remaining Q0;Remaining Q15313;19266
687696;604;604;4;Remaining Q0;Remaining Q0;Remaining Q0;Remaining Q14709;19266
688689;533;46;1;Remaining Q0;Remaining Q101;Remaining Q137;Remaining Q15425;19266
688692;754;101;2;Remaining Q0;Remaining Q0;Remaining Q137;Remaining Q15425;19266
688694;786;137;3;Remaining Q0;Remaining Q0;Remaining Q0;Remaining Q15425;19266
688696;716;716;4;Remaining Q0;Remaining Q0;Remaining Q0;Remaining Q14709;19266
689699;533;100;1;Remaining Q0;Remaining Q191;Remaining Q294;Remaining Q16124;19266
689701;700;191;2;Remaining Q0;Remaining Q0;Remaining Q294;Remaining Q16124;19266
689703;642;294;3;Remaining Q0;Remaining Q0;Remaining Q0;Remaining Q16124;19266
689705;415;415;4;Remaining Q0;Remaining Q0;Remaining Q0;Remaining Q15709;19266
690712;533;66;1;Remaining Q0;Remaining Q134;Remaining Q198;Remaining Q16141;19894
690715;734;134;2;Remaining Q0;Remaining Q0;Remaining Q198;Remaining Q16141;19894
690717;733;198;3;Remaining Q0;Remaining Q0;Remaining Q0;Remaining Q16141;19894
690719;602;602;4;Remaining Q0;Remaining Q0;Remaining Q0;Remaining Q15539;19894
691725;533;66;1;Remaining Q0;Remaining Q103;Remaining Q147;Remaining Q16223;19894
691727;734;103;2;Remaining Q0;Remaining Q0;Remaining Q147;Remaining Q16223;19894
691729;764;147;3;Remaining Q0;Remaining Q0;Remaining Q0;Remaining Q16223;19894
691731;684;684;4;Remaining Q0;Remaining Q0;Remaining Q0;Remaining Q15539;19894
692738;533;110;1;Remaining Q0;Remaining Q200;Remaining Q300;Remaining Q16929;19894
692739;690;200;2;Remaining Q0;Remaining Q0;Remaining Q300;Remaining Q16929;19894
692740;623;300;3;Remaining Q0;Remaining Q0;Remaining Q0;Remaining Q16929;19894
692742;390;390;4;Remaining Q0;Remaining Q0;Remaining Q0;Remaining Q16539;19894
693752;533;48;1;Remaining Q0;Remaining Q100;Remaining Q163;Remaining Q17248;19894
693755;752;100;2;Remaining Q0;Remaining Q0;Remaining Q163;Remaining Q17248;19894
693757;785;163;3;Remaining Q0;Remaining Q0;Remaining Q0;Remaining Q17248;19894
693758;689;689;4;Remaining Q0;Remaining Q0;Remaining Q0;Remaining Q16559;19894
694767;533;57;1;Remaining Q0;Remaining Q122;Remaining Q185;Remaining Q16918;20422
694770;743;122;2;Remaining Q0;Remaining Q0;Remaining Q185;Remaining Q16918;20422
694772;754;185;3;Remaining Q0;Remaining Q0;Remaining Q0;Remaining Q16918;20422
694774;636;636;4;Remaining Q0;Remaining Q0;Remaining Q0;Remaining Q16282;20422
695779;533;28;1;Remaining Q0;Remaining Q95;Remaining Q133;Remaining Q16879;20422
695781;772;95;2;Remaining Q0;Remaining Q0;Remaining Q133;Remaining Q16879;20422
695782;810;133;3;Remaining Q0;Remaining Q0;Remaining Q0;Remaining Q16879;20422
695783;744;744;4;Remaining Q0;Remaining Q0;Remaining Q0;Remaining Q16135;20422
696792;533;55;1;Remaining Q0;Remaining Q93;Remaining Q141;Remaining Q16846;20422
696794;745;93;2;Remaining Q0;Remaining Q0;Remaining Q141;Remaining Q16846;20422
696796;785;141;3;Remaining Q0;Remaining Q0;Remaining Q0;Remaining Q16846;20422
696797;711;711;4;Remaining Q0;Remaining Q0;Remaining Q0;Remaining Q16135;20422
697806;533;109;1;Remaining Q0;Remaining Q192;Remaining Q289;Remaining Q17545;20422
697809;691;192;2;Remaining Q0;Remaining Q0;Remaining Q289;Remaining Q17545;20422
697811;632;289;3;Remaining Q0;Remaining Q0;Remaining Q0;Remaining Q17545;20422
697813;410;410;4;Remaining Q0;Remaining Q0;Remaining Q0;Remaining Q17135;20422
698819;533;49;1;Remaining Q0;Remaining Q94;Remaining Q135;Remaining Q17253;20973
698821;751;94;2;Remaining Q0;Remaining Q0;Remaining Q135;Remaining Q17253;20973
698823;790;135;3;Remaining Q0;Remaining Q0;Remaining Q0;Remaining Q17253;20973
698828;722;722;4;Remaining Q0;Remaining Q0;Remaining Q0;Remaining Q16531;20973
699834;533;21;1;Remaining Q0;Remaining Q35;Remaining Q52;Remaining Q15894;21836
699837;779;35;2;Remaining Q0;Remaining Q0;Remaining Q52;Remaining Q15894;21836
699838;877;52;3;Remaining Q0;Remaining Q0;Remaining Q0;Remaining Q15894;21836
699840;892;892;4;Remaining Q0;Remaining Q0;Remaining Q0;Remaining Q15002;21836
700833;533;79;1;Remaining Q0;Remaining Q158;Remaining Q260;Remaining Q16095;21836
700835;721;158;2;Remaining Q0;Remaining Q0;Remaining Q260;Remaining Q16095;21836
700837;696;260;3;Remaining Q0;Remaining Q0;Remaining Q0;Remaining Q16095;21836
700838;503;503;4;Remaining Q0;Remaining Q0;Remaining Q0;Remaining Q15592;21836
701843;533;92;1;Remaining Q0;Remaining Q212;Remaining Q285;Remaining Q17003;21836
701845;708;212;2;Remaining Q0;Remaining Q0;Remaining Q285;Remaining Q17003;21836
701846;629;285;3;Remaining Q0;Remaining Q0;Remaining Q0;Remaining Q17003;21836
701847;411;411;4;Remaining Q0;Remaining Q0;Remaining Q0;Remaining Q16592;21836
702856;533;74;1;Remaining Q0;Remaining Q155;Remaining Q236;Remaining Q17625;21836
702857;726;155;2;Remaining Q0;Remaining Q0;Remaining Q236;Remaining Q17625;21836
702859;704;236;3;Remaining Q0;Remaining Q0;Remaining Q0;Remaining Q17625;21836
702861;535;535;4;Remaining Q0;Remaining Q0;Remaining Q0;Remaining Q17090;21836
703866;533;50;1;Remaining Q0;Remaining Q93;Remaining Q149;Remaining Q17725;21836
703870;750;195;2;Remaining Q54;Remaining Q0;Remaining Q292;Remaining Q18426;21836
703872;688;292;3;Remaining Q54;Remaining Q0;Remaining Q0;Remaining Q18426;21836
703874;463;463;4;Remaining Q54;Remaining Q0;Remaining Q0;Remaining Q17963;21836
704877;533;99;1;Remaining Q0;Remaining Q95;Remaining Q156;Remaining Q18081;22422
704879;701;95;2;Remaining Q0;Remaining Q0;Remaining Q156;Remaining Q18081;22422
704881;739;156;3;Remaining Q0;Remaining Q0;Remaining Q0;Remaining Q18081;22422
704883;650;650;4;Remaining Q55;Remaining Q88;Remaining Q160;Remaining Q18128;22422
705877;533;118;1;Remaining Q0;Remaining Q187;Remaining Q314;Remaining Q18812;22422
705880;682;187;2;Remaining Q0;Remaining Q0;Remaining Q314;Remaining Q18812;22422
705883;628;450;3;Remaining Q40;Remaining Q72;Remaining Q0;Remaining Q19468;22422
705885;245;245;4;Remaining Q40;Remaining Q72;Remaining Q0;Remaining Q19223;22422
706893;533;40;1;Remaining Q0;Remaining Q72;Remaining Q0;Remaining Q19039;22606
706897;760;176;2;Remaining Q61;Remaining Q0;Remaining Q150;Remaining Q19723;22606
706898;717;150;3;Remaining Q61;Remaining Q0;Remaining Q0;Remaining Q19723;22606
706899;634;634;4;Remaining Q61;Remaining Q0;Remaining Q0;Remaining Q19089;22606
707902;533;104;1;Remaining Q0;Remaining Q98;Remaining Q131;Remaining Q19374;22923
707903;696;98;2;Remaining Q0;Remaining Q0;Remaining Q131;Remaining Q19374;22923
707906;731;207;3;Remaining Q24;Remaining Q49;Remaining Q0;Remaining Q19703;22923
707907;591;591;4;Remaining Q24;Remaining Q49;Remaining Q0;Remaining Q19112;22923
708904;533;24;1;Remaining Q0;Remaining Q49;Remaining Q0;Remaining Q17511;24524
708905;776;49;2;Remaining Q0;Remaining Q0;Remaining Q0;Remaining Q17511;24524
708906;860;0;3;Remaining Q0;Remaining Q0;Remaining Q0;Remaining Q17511;24524
708908;927;927;4;Remaining Q0;Remaining Q0;Remaining Q0;Remaining Q16584;24524
709917;533;95;1;Remaining Q0;Remaining Q178;Remaining Q306;Remaining Q18005;24524
709919;705;178;2;Remaining Q0;Remaining Q0;Remaining Q306;Remaining Q18005;24524
709921;660;306;3;Remaining Q0;Remaining Q0;Remaining Q0;Remaining Q18005;24524
709922;421;421;4;Remaining Q0;Remaining Q0;Remaining Q0;Remaining Q17584;24524
710916;533;56;1;Remaining Q0;Remaining Q117;Remaining Q188;Remaining Q18485;24524
710918;744;117;2;Remaining Q0;Remaining Q0;Remaining Q188;Remaining Q18485;24524
710920;760;188;3;Remaining Q0;Remaining Q0;Remaining Q0;Remaining Q18485;24524
710922;639;639;4;Remaining Q0;Remaining Q0;Remaining Q0;Remaining Q17846;24524
711926;533;50;1;Remaining Q0;Remaining Q76;Remaining Q129;Remaining Q17833;25128
711928;750;76;2;Remaining Q0;Remaining Q0;Remaining Q129;Remaining Q17833;25128
711930;807;129;3;Remaining Q0;Remaining Q0;Remaining Q0;Remaining Q17833;25128
711931;745;745;4;Remaining Q0;Remaining Q0;Remaining Q0;Remaining Q17088;25128
712926;533;14;1;Remaining Q0;Remaining Q39;Remaining Q59;Remaining Q17272;25222
712927;786;39;2;Remaining Q0;Remaining Q0;Remaining Q59;Remaining Q17272;25222
712929;880;59;3;Remaining Q0;Remaining Q0;Remaining Q0;Remaining Q17272;25222
712930;888;888;4;Remaining Q0;Remaining Q0;Remaining Q0;Remaining Q16384;25222
713942;533;69;1;Remaining Q0;Remaining Q160;Remaining Q196;Remaining Q17434;25222
713943;731;160;2;Remaining Q0;Remaining Q0;Remaining Q196;Remaining Q17434;25222
713945;704;196;3;Remaining Q0;Remaining Q0;Remaining Q0;Remaining Q17434;25222
713946;575;575;4;Remaining Q0;Remaining Q0;Remaining Q0;Remaining Q16859;25222
714957;533;29;1;Remaining Q0;Remaining Q54;Remaining Q71;Remaining Q17097;25339
714959;771;54;2;Remaining Q0;Remaining Q0;Remaining Q71;Remaining Q17097;25339
714961;850;71;3;Remaining Q0;Remaining Q0;Remaining Q0;Remaining Q17097;25339
714964;846;846;4;Remaining Q0;Remaining Q0;Remaining Q0;Remaining Q16251;25339
715969;533;52;1;Remaining Q0;Remaining Q93;Remaining Q143;Remaining Q16963;25339
715972;748;93;2;Remaining Q0;Remaining Q0;Remaining Q143;Remaining Q16963;25339
715974;788;143;3;Remaining Q0;Remaining Q0;Remaining Q0;Remaining Q16963;25339
715977;712;712;4;Remaining Q0;Remaining Q0;Remaining Q0;Remaining Q16251;25339
716982;533;71;1;Remaining Q0;Remaining Q146;Remaining Q219;Remaining Q17332;25339
716985;729;146;2;Remaining Q0;Remaining Q0;Remaining Q219;Remaining Q17332;25339
716986;716;219;3;Remaining Q0;Remaining Q0;Remaining Q0;Remaining Q17332;25339
716988;564;564;4;Remaining Q0;Remaining Q0;Remaining Q0;Remaining Q16768;25339
717995;533;35;1;Remaining Q0;Remaining Q71;Remaining Q92;Remaining Q16995;25672
717998;765;71;2;Remaining Q0;Remaining Q0;Remaining Q92;Remaining Q16995;25672
718000;827;92;3;Remaining Q0;Remaining Q0;Remaining Q0;Remaining Q16995;25672
718002;802;802;4;Remaining Q0;Remaining Q0;Remaining Q0;Remaining Q16193;25672
718996;533;49;1;Remaining Q0;Remaining Q105;Remaining Q135;Remaining Q16906;25672
718999;751;105;2;Remaining Q0;Remaining Q0;Remaining Q135;Remaining Q16906;25672
719000;779;135;3;Remaining Q0;Remaining Q0;Remaining Q0;Remaining Q16906;25672
719001;711;711;4;Remaining Q0;Remaining Q0;Remaining Q0;Remaining Q16195;25672
720005;533;86;1;Remaining Q0;Remaining Q161;Remaining Q242;Remaining Q17425;25672
720007;714;161;2;Remaining Q0;Remaining Q0;Remaining Q242;Remaining Q17425;25672
720009;511;511;4;Remaining Q0;Remaining Q0;Remaining Q0;Remaining Q16914;25672
720008;686;242;3;Remaining Q0;Remaining Q0;Remaining Q0;Remaining Q17425;25672
721016;533;49;1;Remaining Q0;Remaining Q128;Remaining Q174;Remaining Q17544;25897
721019;751;128;2;Remaining Q0;Remaining Q0;Remaining Q174;Remaining Q17544;25897
721022;756;174;3;Remaining Q0;Remaining Q0;Remaining Q0;Remaining Q17544;25897
721024;649;649;4;Remaining Q0;Remaining Q0;Remaining Q0;Remaining Q16895;25897
722031;533;41;1;Remaining Q0;Remaining Q66;Remaining Q96;Remaining Q16542;26721
722034;759;66;2;Remaining Q0;Remaining Q0;Remaining Q96;Remaining Q16542;26721
722036;826;96;3;Remaining Q0;Remaining Q0;Remaining Q0;Remaining Q16542;26721
722038;797;797;4;Remaining Q0;Remaining Q0;Remaining Q0;Remaining Q15745;26721
723033;533;108;1;Remaining Q0;Remaining Q184;Remaining Q262;Remaining Q17018;26721
723036;692;184;2;Remaining Q0;Remaining Q0;Remaining Q262;Remaining Q17018;26721
723038;641;262;3;Remaining Q0;Remaining Q0;Remaining Q0;Remaining Q17018;26721
723041;446;446;4;Remaining Q0;Remaining Q0;Remaining Q0;Remaining Q16572;26721
724043;533;36;1;Remaining Q0;Remaining Q85;Remaining Q141;Remaining Q15481;28386
724045;764;85;2;Remaining Q0;Remaining Q0;Remaining Q141;Remaining Q15481;28386
724046;812;141;3;Remaining Q0;Remaining Q0;Remaining Q0;Remaining Q15481;28386
724048;738;738;4;Remaining Q0;Remaining Q0;Remaining Q0;Remaining Q14743;28386
725046;533;54;1;Remaining Q0;Remaining Q97;Remaining Q147;Remaining Q14902;28929
725049;746;97;2;Remaining Q0;Remaining Q0;Remaining Q147;Remaining Q14902;28929
725051;782;147;3;Remaining Q0;Remaining Q0;Remaining Q0;Remaining Q14902;28929
725053;702;702;4;Remaining Q0;Remaining Q0;Remaining Q0;Remaining Q14200;28929
726058;533;71;1;Remaining Q0;Remaining Q167;Remaining Q196;Remaining Q15294;28929
726061;729;167;2;Remaining Q0;Remaining Q0;Remaining Q196;Remaining Q15294;28929
726062;695;196;3;Remaining Q0;Remaining Q0;Remaining Q0;Remaining Q15294;28929
726064;566;566;4;Remaining Q0;Remaining Q0;Remaining Q0;Remaining Q14728;28929
727071;533;65;1;Remaining Q0;Remaining Q105;Remaining Q159;Remaining Q15548;28929
727074;735;105;2;Remaining Q0;Remaining Q0;Remaining Q159;Remaining Q15548;28929
727075;763;159;3;Remaining Q0;Remaining Q0;Remaining Q0;Remaining Q15548;28929
727077;671;671;4;Remaining Q0;Remaining Q0;Remaining Q0;Remaining Q14877;28929
728083;533;93;1;Remaining Q0;Remaining Q205;Remaining Q331;Remaining Q16052;29125
728085;707;205;2;Remaining Q0;Remaining Q0;Remaining Q331;Remaining Q16052;29125
728088;635;331;3;Remaining Q0;Remaining Q0;Remaining Q0;Remaining Q16052;29125
728089;371;371;4;Remaining Q0;Remaining Q0;Remaining Q0;Remaining Q15681;29125
729095;533;92;1;Remaining Q0;Remaining Q183;Remaining Q291;Remaining Q16295;29945
729097;708;183;2;Remaining Q0;Remaining Q0;Remaining Q291;Remaining Q16295;29945
729099;658;291;3;Remaining Q0;Remaining Q0;Remaining Q0;Remaining Q16295;29945
729100;434;434;4;Remaining Q0;Remaining Q0;Remaining Q0;Remaining Q15861;29945
730108;533;81;1;Remaining Q0;Remaining Q177;Remaining Q260;Remaining Q16685;30379
730109;719;177;2;Remaining Q0;Remaining Q0;Remaining Q260;Remaining Q16685;30379
730111;675;260;3;Remaining Q0;Remaining Q0;Remaining Q0;Remaining Q16685;30379
730113;482;482;4;Remaining Q0;Remaining Q0;Remaining Q0;Remaining Q16203;30379
731120;533;68;1;Remaining Q0;Remaining Q144;Remaining Q220;Remaining Q17138;30379
731124;732;144;2;Remaining Q0;Remaining Q0;Remaining Q220;Remaining Q17138;30379
731127;721;220;3;Remaining Q0;Remaining Q0;Remaining Q0;Remaining Q17138;30379
731129;568;568;4;Remaining Q0;Remaining Q0;Remaining Q0;Remaining Q16570;30379
732133;533;79;1;Remaining Q0;Remaining Q162;Remaining Q238;Remaining Q17561;30379
732135;721;162;2;Remaining Q0;Remaining Q0;Remaining Q238;Remaining Q17561;30379
732137;692;238;3;Remaining Q0;Remaining Q0;Remaining Q0;Remaining Q17561;30379
732139;521;521;4;Remaining Q0;Remaining Q0;Remaining Q0;Remaining Q17040;30379
733146;533;75;1;Remaining Q0;Remaining Q153;Remaining Q200;Remaining Q17952;30519
733147;725;153;2;Remaining Q0;Remaining Q0;Remaining Q200;Remaining Q17952;30519
733149;705;200;3;Remaining Q0;Remaining Q0;Remaining Q0;Remaining Q17952;30519
733150;572;572;4;Remaining Q0;Remaining Q0;Remaining Q0;Remaining Q17380;30519
734152;533;82;1;Remaining Q0;Remaining Q156;Remaining Q262;Remaining Q18367;30519
734154;718;156;2;Remaining Q0;Remaining Q0;Remaining Q262;Remaining Q18367;30519
734156;695;262;3;Remaining Q0;Remaining Q0;Remaining Q0;Remaining Q18367;30519
734157;500;500;4;Remaining Q0;Remaining Q0;Remaining Q0;Remaining Q17867;30519
735163;533;37;1;Remaining Q0;Remaining Q64;Remaining Q107;Remaining Q18388;30519
735165;763;64;2;Remaining Q0;Remaining Q0;Remaining Q107;Remaining Q18388;30519
735166;832;107;3;Remaining Q0;Remaining Q0;Remaining Q0;Remaining Q18388;30519
735168;792;792;4;Remaining Q0;Remaining Q0;Remaining Q0;Remaining Q17596;30519
736174;533;76;1;Remaining Q0;Remaining Q130;Remaining Q228;Remaining Q18430;30654
736175;724;130;2;Remaining Q0;Remaining Q0;Remaining Q228;Remaining Q18430;30654
736177;727;228;3;Remaining Q0;Remaining Q0;Remaining Q0;Remaining Q18430;30654
736178;566;566;4;Remaining Q0;Remaining Q0;Remaining Q0;Remaining Q17864;30654
737187;533;51;1;Remaining Q0;Remaining Q112;Remaining Q129;Remaining Q18488;30708
737189;749;112;2;Remaining Q0;Remaining Q0;Remaining Q129;Remaining Q18488;30708
737190;770;129;3;Remaining Q0;Remaining Q0;Remaining Q0;Remaining Q18488;30708
737191;708;708;4;Remaining Q0;Remaining Q0;Remaining Q0;Remaining Q17780;30708
738188;533;87;1;Remaining Q0;Remaining Q182;Remaining Q262;Remaining Q18794;30801
738192;664;262;3;Remaining Q0;Remaining Q0;Remaining Q0;Remaining Q18794;30801
738191;713;182;2;Remaining Q0;Remaining Q0;Remaining Q262;Remaining Q18794;30801
738194;469;469;4;Remaining Q0;Remaining Q0;Remaining Q0;Remaining Q18325;30801
739201;533;12;1;Remaining Q0;Remaining Q48;Remaining Q45;Remaining Q18053;31321
739203;788;48;2;Remaining Q0;Remaining Q0;Remaining Q45;Remaining Q18053;31321
739205;895;895;4;Remaining Q0;Remaining Q0;Remaining Q0;Remaining Q17158;31321
739204;873;45;3;Remaining Q0;Remaining Q0;Remaining Q0;Remaining Q18053;31321
740204;533;41;1;Remaining Q0;Remaining Q140;Remaining Q175;Remaining Q17641;31755
740206;759;140;2;Remaining Q0;Remaining Q0;Remaining Q175;Remaining Q17641;31755
740208;752;175;3;Remaining Q0;Remaining Q0;Remaining Q0;Remaining Q17641;31755
740210;644;644;4;Remaining Q0;Remaining Q0;Remaining Q0;Remaining Q16997;31755
741213;533;28;1;Remaining Q0;Remaining Q83;Remaining Q121;Remaining Q17458;31821
741214;772;83;2;Remaining Q0;Remaining Q0;Remaining Q121;Remaining Q17458;31821
741216;822;121;3;Remaining Q0;Remaining Q0;Remaining Q0;Remaining Q17458;31821
741217;768;768;4;Remaining Q0;Remaining Q0;Remaining Q0;Remaining Q16690;31821
742227;533;15;1;Remaining Q0;Remaining Q30;Remaining Q49;Remaining Q16727;31993
742229;785;30;2;Remaining Q0;Remaining Q0;Remaining Q49;Remaining Q16727;31993
742231;888;49;3;Remaining Q0;Remaining Q0;Remaining Q0;Remaining Q16727;31993
742232;906;906;4;Remaining Q0;Remaining Q0;Remaining Q0;Remaining Q15821;31993
743237;533;77;1;Remaining Q0;Remaining Q117;Remaining Q189;Remaining Q16711;31993
743239;723;117;2;Remaining Q0;Remaining Q0;Remaining Q189;Remaining Q16711;31993
743241;739;189;3;Remaining Q0;Remaining Q0;Remaining Q0;Remaining Q16711;31993
743242;617;617;4;Remaining Q0;Remaining Q0;Remaining Q0;Remaining Q16094;31993
744248;533;44;1;Remaining Q0;Remaining Q105;Remaining Q141;Remaining Q16804;31993
744250;756;105;2;Remaining Q0;Remaining Q0;Remaining Q141;Remaining Q16804;31993
744251;784;141;3;Remaining Q0;Remaining Q0;Remaining Q0;Remaining Q16804;31993
744253;710;710;4;Remaining Q0;Remaining Q0;Remaining Q0;Remaining Q16094;31993
745263;533;63;1;Remaining Q0;Remaining Q127;Remaining Q204;Remaining Q17044;31993
745266;737;127;2;Remaining Q0;Remaining Q0;Remaining Q204;Remaining Q17044;31993
745268;743;204;3;Remaining Q0;Remaining Q0;Remaining Q0;Remaining Q17044;31993
745270;606;606;4;Remaining Q0;Remaining Q0;Remaining Q0;Remaining Q16438;31993
746273;533;71;1;Remaining Q0;Remaining Q135;Remaining Q200;Remaining Q17379;31993
746275;729;135;2;Remaining Q0;Remaining Q0;Remaining Q200;Remaining Q17379;31993
746276;727;200;3;Remaining Q0;Remaining Q0;Remaining Q0;Remaining Q17379;31993
746278;594;594;4;Remaining Q0;Remaining Q0;Remaining Q0;Remaining Q16785;31993
747291;533;76;1;Remaining Q0;Remaining Q162;Remaining Q199;Remaining Q16390;33392
747294;724;162;2;Remaining Q0;Remaining Q0;Remaining Q199;Remaining Q16390;33392
747297;695;199;3;Remaining Q0;Remaining Q0;Remaining Q0;Remaining Q16390;33392
747299;563;563;4;Remaining Q0;Remaining Q0;Remaining Q0;Remaining Q15827;33392
748303;533;91;1;Remaining Q0;Remaining Q173;Remaining Q243;Remaining Q16593;33851
748305;709;173;2;Remaining Q0;Remaining Q0;Remaining Q243;Remaining Q16593;33851
748308;669;243;3;Remaining Q0;Remaining Q0;Remaining Q0;Remaining Q16593;33851
748312;493;493;4;Remaining Q0;Remaining Q0;Remaining Q0;Remaining Q16100;33851
749316;533;73;1;Remaining Q0;Remaining Q192;Remaining Q295;Remaining Q17258;34007
749317;727;192;2;Remaining Q0;Remaining Q0;Remaining Q295;Remaining Q17258;34007
749319;668;295;3;Remaining Q0;Remaining Q0;Remaining Q0;Remaining Q17258;34007
749321;440;440;4;Remaining Q0;Remaining Q0;Remaining Q0;Remaining Q16818;34007
750330;533;106;1;Remaining Q0;Remaining Q229;Remaining Q311;Remaining Q17014;35165
750333;694;229;2;Remaining Q0;Remaining Q0;Remaining Q311;Remaining Q17014;35165
750336;354;354;4;Remaining Q0;Remaining Q0;Remaining Q0;Remaining Q16660;35165
750334;598;311;3;Remaining Q0;Remaining Q0;Remaining Q0;Remaining Q17014;35165
751341;533;83;1;Remaining Q0;Remaining Q218;Remaining Q306;Remaining Q17495;35723
751343;717;218;2;Remaining Q0;Remaining Q0;Remaining Q306;Remaining Q17495;35723
751344;632;306;3;Remaining Q0;Remaining Q0;Remaining Q0;Remaining Q17495;35723
751346;393;393;4;Remaining Q0;Remaining Q0;Remaining Q0;Remaining Q17102;35723
752344;533;109;1;Remaining Q0;Remaining Q185;Remaining Q285;Remaining Q17944;36302
752347;691;185;2;Remaining Q0;Remaining Q0;Remaining Q285;Remaining Q17944;36302
752348;639;285;3;Remaining Q0;Remaining Q0;Remaining Q0;Remaining Q17944;36302
752350;421;421;4;Remaining Q0;Remaining Q0;Remaining Q0;Remaining Q17523;36302
753356;533;101;1;Remaining Q0;Remaining Q209;Remaining Q309;Remaining Q18094;37112
753357;699;209;2;Remaining Q0;Remaining Q0;Remaining Q309;Remaining Q18094;37112
753359;623;309;3;Remaining Q0;Remaining Q0;Remaining Q0;Remaining Q18094;37112
753360;381;381;4;Remaining Q0;Remaining Q0;Remaining Q0;Remaining Q17713;37112
754368;533;104;1;Remaining Q0;Remaining Q188;Remaining Q303;Remaining Q18927;37303
754370;696;188;2;Remaining Q0;Remaining Q0;Remaining Q303;Remaining Q18927;37303
754371;641;303;3;Remaining Q0;Remaining Q0;Remaining Q0;Remaining Q18927;37303
754372;405;405;4;Remaining Q0;Remaining Q0;Remaining Q0;Remaining Q18522;37303
755378;533;85;1;Remaining Q0;Remaining Q210;Remaining Q278;Remaining Q19662;37590
755380;715;210;2;Remaining Q0;Remaining Q0;Remaining Q278;Remaining Q19662;37590
755381;638;278;3;Remaining Q0;Remaining Q0;Remaining Q0;Remaining Q19662;37590
755382;427;427;4;Remaining Q0;Remaining Q0;Remaining Q0;Remaining Q19235;37590
756388;533;108;1;Remaining Q0;Remaining Q191;Remaining Q295;Remaining Q20121;38110
756390;692;191;2;Remaining Q0;Remaining Q0;Remaining Q295;Remaining Q20121;38110
756391;634;295;3;Remaining Q0;Remaining Q0;Remaining Q0;Remaining Q20121;38110
756392;406;406;4;Remaining Q0;Remaining Q0;Remaining Q0;Remaining Q19715;38110
757401;533;27;1;Remaining Q0;Remaining Q28;Remaining Q71;Remaining Q19783;38376
757405;773;89;2;Remaining Q33;Remaining Q0;Remaining Q175;Remaining Q20250;38376
757407;817;175;3;Remaining Q33;Remaining Q0;Remaining Q0;Remaining Q20250;38376
757408;709;709;4;Remaining Q33;Remaining Q0;Remaining Q0;Remaining Q19541;38376
758411;533;33;1;Remaining Q0;Remaining Q0;Remaining Q0;Remaining Q19275;38642
758414;767;0;2;Remaining Q0;Remaining Q0;Remaining Q0;Remaining Q19275;38642
758415;900;0;3;Remaining Q0;Remaining Q0;Remaining Q0;Remaining Q19275;38642
758416;967;967;4;Remaining Q51;Remaining Q97;Remaining Q125;Remaining Q18919;38642
759424;533;96;1;Remaining Q0;Remaining Q214;Remaining Q270;Remaining Q19612;38642
759426;704;214;2;Remaining Q0;Remaining Q0;Remaining Q270;Remaining Q19612;38642
759429;623;435;3;Remaining Q43;Remaining Q97;Remaining Q0;Remaining Q20307;38642
759431;255;255;4;Remaining Q43;Remaining Q97;Remaining Q0;Remaining Q20052;38642
760426;533;92;1;Remaining Q0;Remaining Q188;Remaining Q144;Remaining Q20768;38642
760428;708;188;2;Remaining Q0;Remaining Q0;Remaining Q144;Remaining Q20768;38642
760429;653;144;3;Remaining Q0;Remaining Q0;Remaining Q0;Remaining Q20768;38642
760430;576;576;4;Remaining Q0;Remaining Q0;Remaining Q0;Remaining Q20192;38642
761436;533;46;1;Remaining Q0;Remaining Q111;Remaining Q161;Remaining Q20983;38642
761439;754;111;2;Remaining Q0;Remaining Q0;Remaining Q161;Remaining Q20983;38642
761440;776;161;3;Remaining Q0;Remaining Q0;Remaining Q0;Remaining Q20983;38642
761442;682;682;4;Remaining Q0;Remaining Q0;Remaining Q0;Remaining Q20301;38642
762446;533;81;1;Remaining Q0;Remaining Q126;Remaining Q202;Remaining Q21232;38642
762448;719;126;2;Remaining Q0;Remaining Q0;Remaining Q202;Remaining Q21232;38642
762450;726;202;3;Remaining Q0;Remaining Q0;Remaining Q0;Remaining Q21232;38642
762451;591;591;4;Remaining Q0;Remaining Q0;Remaining Q0;Remaining Q20641;38642
763461;533;54;1;Remaining Q0;Remaining Q114;Remaining Q157;Remaining Q21390;38642
763464;746;114;2;Remaining Q0;Remaining Q0;Remaining Q157;Remaining Q21390;38642
763466;765;157;3;Remaining Q0;Remaining Q0;Remaining Q0;Remaining Q21390;38642
763467;675;675;4;Remaining Q0;Remaining Q0;Remaining Q0;Remaining Q20715;38642
764465;533;36;1;Remaining Q0;Remaining Q65;Remaining Q127;Remaining Q21066;38877
764467;764;65;2;Remaining Q0;Remaining Q0;Remaining Q127;Remaining Q21066;38877
764469;832;127;3;Remaining Q0;Remaining Q0;Remaining Q0;Remaining Q21066;38877
764471;772;772;4;Remaining Q0;Remaining Q0;Remaining Q0;Remaining Q20294;38877
765467;533;21;1;Remaining Q0;Remaining Q64;Remaining Q83;Remaining Q20641;38877
765469;779;64;2;Remaining Q0;Remaining Q0;Remaining Q83;Remaining Q20641;38877
765471;848;83;3;Remaining Q0;Remaining Q0;Remaining Q0;Remaining Q20641;38877
765473;832;832;4;Remaining Q0;Remaining Q0;Remaining Q0;Remaining Q19809;38877
766477;533;22;1;Remaining Q0;Remaining Q38;Remaining Q75;Remaining Q20108;38877
766480;778;38;2;Remaining Q0;Remaining Q0;Remaining Q75;Remaining Q20108;38877
766481;873;75;3;Remaining Q0;Remaining Q0;Remaining Q0;Remaining Q20108;38877
766482;865;865;4;Remaining Q0;Remaining Q0;Remaining Q0;Remaining Q19243;38877
767488;533;75;1;Remaining Q0;Remaining Q179;Remaining Q243;Remaining Q20183;39064
767490;725;179;2;Remaining Q0;Remaining Q0;Remaining Q243;Remaining Q20183;39064
767492;679;243;3;Remaining Q0;Remaining Q0;Remaining Q0;Remaining Q20183;39064
767494;503;503;4;Remaining Q0;Remaining Q0;Remaining Q0;Remaining Q19680;39064
768488;533;31;1;Remaining Q0;Remaining Q51;Remaining Q90;Remaining Q19845;39297
768490;769;51;2;Remaining Q0;Remaining Q0;Remaining Q90;Remaining Q19845;39297
768492;828;828;4;Remaining Q0;Remaining Q0;Remaining Q0;Remaining Q19017;39297
768491;851;90;3;Remaining Q0;Remaining Q0;Remaining Q0;Remaining Q19845;39297
769500;533;52;1;Remaining Q0;Remaining Q104;Remaining Q150;Remaining Q18572;40490
769502;748;104;2;Remaining Q0;Remaining Q0;Remaining Q150;Remaining Q18572;40490
769504;777;150;3;Remaining Q0;Remaining Q0;Remaining Q0;Remaining Q18572;40490
769505;694;694;4;Remaining Q0;Remaining Q0;Remaining Q0;Remaining Q17878;40490
770514;533;34;1;Remaining Q0;Remaining Q70;Remaining Q119;Remaining Q17369;41475
770516;766;70;2;Remaining Q0;Remaining Q0;Remaining Q119;Remaining Q17369;41475
770517;829;119;3;Remaining Q0;Remaining Q0;Remaining Q0;Remaining Q17369;41475
770519;777;777;4;Remaining Q0;Remaining Q0;Remaining Q0;Remaining Q16592;41475
771528;533;102;1;Remaining Q0;Remaining Q194;Remaining Q294;Remaining Q16453;42987
771531;698;194;2;Remaining Q0;Remaining Q0;Remaining Q294;Remaining Q16453;42987
771533;637;294;3;Remaining Q0;Remaining Q0;Remaining Q0;Remaining Q16453;42987
771534;410;410;4;Remaining Q0;Remaining Q0;Remaining Q0;Remaining Q16043;42987
772532;533;105;1;Remaining Q0;Remaining Q137;Remaining Q258;Remaining Q16317;43840
772534;695;137;2;Remaining Q0;Remaining Q0;Remaining Q258;Remaining Q16317;43840
772536;691;258;3;Remaining Q0;Remaining Q0;Remaining Q0;Remaining Q16317;43840
772537;500;500;4;Remaining Q0;Remaining Q0;Remaining Q0;Remaining Q15817;43840
773545;533;38;1;Remaining Q0;Remaining Q79;Remaining Q113;Remaining Q15814;44336
773548;762;79;2;Remaining Q0;Remaining Q0;Remaining Q113;Remaining Q15814;44336
773550;816;113;3;Remaining Q0;Remaining Q0;Remaining Q0;Remaining Q15814;44336
773551;770;770;4;Remaining Q0;Remaining Q0;Remaining Q0;Remaining Q15044;44336
774553;533;101;1;Remaining Q0;Remaining Q187;Remaining Q300;Remaining Q15739;45053
774555;699;187;2;Remaining Q0;Remaining Q0;Remaining Q300;Remaining Q15739;45053
774557;645;300;3;Remaining Q0;Remaining Q0;Remaining Q0;Remaining Q15739;45053
774558;412;412;4;Remaining Q0;Remaining Q0;Remaining Q0;Remaining Q15327;45053
775566;533;94;1;Remaining Q0;Remaining Q214;Remaining Q270;Remaining Q15708;46094
775569;706;214;2;Remaining Q0;Remaining Q0;Remaining Q270;Remaining Q15708;46094
775570;625;270;3;Remaining Q0;Remaining Q0;Remaining Q0;Remaining Q15708;46094
775572;422;422;4;Remaining Q0;Remaining Q0;Remaining Q0;Remaining Q15286;46094
776571;533;54;1;Remaining Q0;Remaining Q126;Remaining Q193;Remaining Q16124;46094
776573;746;126;2;Remaining Q0;Remaining Q0;Remaining Q193;Remaining Q16124;46094
776575;753;193;3;Remaining Q0;Remaining Q0;Remaining Q0;Remaining Q16124;46094
776576;627;627;4;Remaining Q0;Remaining Q0;Remaining Q0;Remaining Q15497;46094
777582;533;89;1;Remaining Q0;Remaining Q200;Remaining Q306;Remaining Q16902;46094
777584;711;200;2;Remaining Q0;Remaining Q0;Remaining Q306;Remaining Q16902;46094
777586;644;306;3;Remaining Q0;Remaining Q0;Remaining Q0;Remaining Q16902;46094
777587;405;405;4;Remaining Q0;Remaining Q0;Remaining Q0;Remaining Q16497;46094
778594;533;74;1;Remaining Q0;Remaining Q123;Remaining Q213;Remaining Q17369;46094
778595;726;123;2;Remaining Q0;Remaining Q0;Remaining Q213;Remaining Q17369;46094
778597;736;213;3;Remaining Q0;Remaining Q0;Remaining Q0;Remaining Q17369;46094
778598;590;590;4;Remaining Q0;Remaining Q0;Remaining Q0;Remaining Q16779;46094
779605;533;35;1;Remaining Q0;Remaining Q86;Remaining Q150;Remaining Q16291;47190
779607;765;86;2;Remaining Q0;Remaining Q0;Remaining Q150;Remaining Q16291;47190
779608;812;150;3;Remaining Q0;Remaining Q0;Remaining Q0;Remaining Q16291;47190
779610;729;729;4;Remaining Q0;Remaining Q0;Remaining Q0;Remaining Q15562;47190
780617;533;77;1;Remaining Q0;Remaining Q143;Remaining Q207;Remaining Q16630;47190
780620;723;143;2;Remaining Q0;Remaining Q0;Remaining Q207;Remaining Q16630;47190
780621;713;207;3;Remaining Q0;Remaining Q0;Remaining Q0;Remaining Q16630;47190
780622;573;573;4;Remaining Q0;Remaining Q0;Remaining Q0;Remaining Q16057;47190
781632;533;47;1;Remaining Q0;Remaining Q82;Remaining Q126;Remaining Q16651;47201
781634;753;82;2;Remaining Q0;Remaining Q0;Remaining Q126;Remaining Q16651;47201
781636;804;126;3;Remaining Q0;Remaining Q0;Remaining Q0;Remaining Q16651;47201
781638;745;745;4;Remaining Q0;Remaining Q0;Remaining Q0;Remaining Q15906;47201
782644;533;61;1;Remaining Q0;Remaining Q151;Remaining Q227;Remaining Q16880;47208
782647;739;151;2;Remaining Q0;Remaining Q0;Remaining Q227;Remaining Q16880;47208
782648;721;227;3;Remaining Q0;Remaining Q0;Remaining Q0;Remaining Q16880;47208
782650;561;561;4;Remaining Q0;Remaining Q0;Remaining Q0;Remaining Q16319;47208
783645;533;35;1;Remaining Q0;Remaining Q59;Remaining Q87;Remaining Q16186;47661
783647;765;59;2;Remaining Q0;Remaining Q0;Remaining Q87;Remaining Q16186;47661
783648;839;87;3;Remaining Q0;Remaining Q0;Remaining Q0;Remaining Q16186;47661
783649;819;819;4;Remaining Q0;Remaining Q0;Remaining Q0;Remaining Q15367;47661
784660;533;103;1;Remaining Q0;Remaining Q188;Remaining Q294;Remaining Q16782;47661
784662;697;188;2;Remaining Q0;Remaining Q0;Remaining Q294;Remaining Q16782;47661
784663;642;294;3;Remaining Q0;Remaining Q0;Remaining Q0;Remaining Q16782;47661
784665;415;415;4;Remaining Q0;Remaining Q0;Remaining Q0;Remaining Q16367;47661
785669;533;55;1;Remaining Q0;Remaining Q83;Remaining Q145;Remaining Q17103;47661
785671;745;83;2;Remaining Q0;Remaining Q0;Remaining Q145;Remaining Q17103;47661
785673;795;145;3;Remaining Q0;Remaining Q0;Remaining Q0;Remaining Q17103;47661
785675;717;717;4;Remaining Q0;Remaining Q0;Remaining Q0;Remaining Q16386;47661
786680;533;99;1;Remaining Q0;Remaining Q208;Remaining Q278;Remaining Q17801;47661
786682;701;208;2;Remaining Q0;Remaining Q0;Remaining Q278;Remaining Q17801;47661
786683;626;278;3;Remaining Q0;Remaining Q0;Remaining Q0;Remaining Q17801;47661
786685;415;415;4;Remaining Q0;Remaining Q0;Remaining Q0;Remaining Q17386;47661
787694;533;118;1;Remaining Q0;Remaining Q193;Remaining Q308;Remaining Q18695;47733
787697;682;193;2;Remaining Q0;Remaining Q0;Remaining Q308;Remaining Q18695;47733
787699;622;308;3;Remaining Q0;Remaining Q0;Remaining Q0;Remaining Q18695;47733
787701;381;381;4;Remaining Q0;Remaining Q0;Remaining Q0;Remaining Q18314;47733
788708;533;101;1;Remaining Q0;Remaining Q215;Remaining Q305;Remaining Q19664;47762
788710;699;215;2;Remaining Q0;Remaining Q0;Remaining Q305;Remaining Q19664;47762
788711;617;305;3;Remaining Q0;Remaining Q0;Remaining Q0;Remaining Q19664;47762
788714;379;379;4;Remaining Q0;Remaining Q0;Remaining Q0;Remaining Q19285;47762
789719;533;124;1;Remaining Q0;Remaining Q179;Remaining Q287;Remaining Q20507;47950
789720;676;179;2;Remaining Q0;Remaining Q0;Remaining Q287;Remaining Q20507;47950
789722;630;287;3;Remaining Q0;Remaining Q0;Remaining Q0;Remaining Q20507;47950
789724;410;410;4;Remaining Q0;Remaining Q0;Remaining Q0;Remaining Q20097;47950
790730;533;93;1;Remaining Q0;Remaining Q178;Remaining Q317;Remaining Q21016;48443
790732;707;178;2;Remaining Q0;Remaining Q0;Remaining Q317;Remaining Q21016;48443
790734;662;317;3;Remaining Q0;Remaining Q0;Remaining Q0;Remaining Q21016;48443
790736;412;412;4;Remaining Q0;Remaining Q0;Remaining Q0;Remaining Q20604;48443
791736;533;73;1;Remaining Q0;Remaining Q141;Remaining Q219;Remaining Q20608;49400
791739;727;141;2;Remaining Q0;Remaining Q0;Remaining Q219;Remaining Q20608;49400
791740;719;219;3;Remaining Q0;Remaining Q0;Remaining Q0;Remaining Q20608;49400
791742;567;567;4;Remaining Q0;Remaining Q0;Remaining Q0;Remaining Q20041;49400
792748;533;25;1;Remaining Q0;Remaining Q39;Remaining Q60;Remaining Q19913;49801
792751;775;39;2;Remaining Q0;Remaining Q0;Remaining Q60;Remaining Q19913;49801
792753;869;60;3;Remaining Q0;Remaining Q0;Remaining Q0;Remaining Q19913;49801
792754;876;876;4;Remaining Q0;Remaining Q0;Remaining Q0;Remaining Q19037;49801
793756;533;20;1;Remaining Q0;Remaining Q46;Remaining Q80;Remaining Q18973;50215
793759;780;46;2;Remaining Q0;Remaining Q0;Remaining Q80;Remaining Q18973;50215
793760;867;80;3;Remaining Q0;Remaining Q0;Remaining Q0;Remaining Q18973;50215
793762;854;854;4;Remaining Q0;Remaining Q0;Remaining Q0;Remaining Q18119;50215
794770;533;4;1;Remaining Q0;Remaining Q9;Remaining Q6;Remaining Q17863;50531
794772;796;9;2;Remaining Q0;Remaining Q0;Remaining Q6;Remaining Q17863;50531
794774;920;6;3;Remaining Q0;Remaining Q0;Remaining Q0;Remaining Q17863;50531
794775;981;981;4;Remaining Q0;Remaining Q0;Remaining Q0;Remaining Q16882;50531
795770;533;22;1;Remaining Q0;Remaining Q57;Remaining Q89;Remaining Q17223;50531
795772;778;57;2;Remaining Q0;Remaining Q0;Remaining Q89;Remaining Q17223;50531
795774;854;89;3;Remaining Q0;Remaining Q0;Remaining Q0;Remaining Q17223;50531
795776;832;832;4;Remaining Q0;Remaining Q0;Remaining Q0;Remaining Q16391;50531
796785;533;32;1;Remaining Q0;Remaining Q40;Remaining Q69;Remaining Q16433;50782
796787;768;40;2;Remaining Q0;Remaining Q0;Remaining Q69;Remaining Q16433;50782
796789;861;69;3;Remaining Q0;Remaining Q0;Remaining Q0;Remaining Q16433;50782
796790;859;859;4;Remaining Q0;Remaining Q0;Remaining Q0;Remaining Q15574;50782
797796;533;5;1;Remaining Q0;Remaining Q10;Remaining Q21;Remaining Q15105;51348
797798;795;10;2;Remaining Q0;Remaining Q0;Remaining Q21;Remaining Q15105;51348
797800;918;21;3;Remaining Q0;Remaining Q0;Remaining Q0;Remaining Q15105;51348
797802;964;964;4;Remaining Q0;Remaining Q0;Remaining Q0;Remaining Q14141;51348
798799;533;13;1;Remaining Q0;Remaining Q21;Remaining Q22;Remaining Q14278;51348
798801;787;21;2;Remaining Q0;Remaining Q0;Remaining Q22;Remaining Q14278;51348
798802;899;22;3;Remaining Q0;Remaining Q0;Remaining Q0;Remaining Q14278;51348
798803;944;944;4;Remaining Q0;Remaining Q0;Remaining Q0;Remaining Q13334;51348
799812;533;10;1;Remaining Q0;Remaining Q16;Remaining Q27;Remaining Q13443;51348
799814;790;16;2;Remaining Q0;Remaining Q0;Remaining Q27;Remaining Q13443;51348
799818;947;947;4;Remaining Q0;Remaining Q0;Remaining Q0;Remaining Q12496;51348
799816;907;27;3;Remaining Q0;Remaining Q0;Remaining Q0;Remaining Q13443;51348
800813;533;15;1;Remaining Q0;Remaining Q21;Remaining Q39;Remaining Q12681;51348
800814;785;21;2;Remaining Q0;Remaining Q0;Remaining Q39;Remaining Q12681;51348
800816;897;39;3;Remaining Q0;Remaining Q0;Remaining Q0;Remaining Q12681;51348
800817;925;925;4;Remaining Q0;Remaining Q0;Remaining Q0;Remaining Q11756;51348
801817;533;20;1;Remaining Q0;Remaining Q45;Remaining Q61;Remaining Q12043;51348
801821;868;61;3;Remaining Q0;Remaining Q0;Remaining Q0;Remaining Q12043;51348
801820;780;45;2;Remaining Q0;Remaining Q0;Remaining Q61;Remaining Q12043;51348
801823;874;874;4;Remaining Q0;Remaining Q0;Remaining Q0;Remaining Q11169;51348
802832;533;3;1;Remaining Q0;Remaining Q13;Remaining Q10;Remaining Q11224;51348
802834;797;13;2;Remaining Q0;Remaining Q0;Remaining Q10;Remaining Q11224;51348
802836;917;10;3;Remaining Q0;Remaining Q0;Remaining Q0;Remaining Q11224;51348
802837;974;974;4;Remaining Q0;Remaining Q0;Remaining Q0;Remaining Q10250;51348
803842;533;16;1;Remaining Q0;Remaining Q28;Remaining Q47;Remaining Q10474;51348
803844;784;28;2;Remaining Q0;Remaining Q0;Remaining Q47;Remaining Q10474;51348
803847;889;47;3;Remaining Q0;Remaining Q0;Remaining Q0;Remaining Q10474;51348
803849;909;909;4;Remaining Q0;Remaining Q0;Remaining Q0;Remaining Q9565;51348
804852;533;20;1;Remaining Q0;Remaining Q40;Remaining Q38;Remaining Q9794;51348
804854;780;40;2;Remaining Q0;Remaining Q0;Remaining Q38;Remaining Q9794;51348
804855;873;38;3;Remaining Q0;Remaining Q0;Remaining Q0;Remaining Q9794;51348
804857;902;902;4;Remaining Q0;Remaining Q0;Remaining Q0;Remaining Q8892;51348
805863;533;11;1;Remaining Q0;Remaining Q18;Remaining Q26;Remaining Q9025;51348
805865;789;18;2;Remaining Q0;Remaining Q0;Remaining Q26;Remaining Q9025;51348
805867;904;26;3;Remaining Q0;Remaining Q0;Remaining Q0;Remaining Q9025;51348
805868;945;945;4;Remaining Q0;Remaining Q0;Remaining Q0;Remaining Q8080;51348
806874;533;13;1;Remaining Q0;Remaining Q36;Remaining Q55;Remaining Q6968;52687
806876;787;36;2;Remaining Q0;Remaining Q0;Remaining Q55;Remaining Q6968;52687
806878;884;55;3;Remaining Q0;Remaining Q0;Remaining Q0;Remaining Q6968;52687
806879;896;896;4;Remaining Q0;Remaining Q0;Remaining Q0;Remaining Q6072;52687
807888;533;6;1;Remaining Q0;Remaining Q19;Remaining Q24;Remaining Q5764;53112
807891;908;24;3;Remaining Q0;Remaining Q0;Remaining Q0;Remaining Q5764;53112
807890;794;19;2;Remaining Q0;Remaining Q0;Remaining Q24;Remaining Q5764;53112
807893;951;951;4;Remaining Q0;Remaining Q0;Remaining Q0;Remaining Q4813;53112
808902;533;8;1;Remaining Q0;Remaining Q34;Remaining Q39;Remaining Q4965;53112
808905;891;39;3;Remaining Q0;Remaining Q0;Remaining Q0;Remaining Q4965;53112
808904;792;34;2;Remaining Q0;Remaining Q0;Remaining Q39;Remaining Q4965;53112
808907;919;919;4;Remaining Q0;Remaining Q0;Remaining Q0;Remaining Q4046;53112
809903;533;3;1;Remaining Q0;Remaining Q12;Remaining Q23;Remaining Q4170;53112
809905;797;12;2;Remaining Q0;Remaining Q0;Remaining Q23;Remaining Q4170;53112
809908;918;23;3;Remaining Q0;Remaining Q0;Remaining Q0;Remaining Q4170;53112
809909;962;962;4;Remaining Q0;Remaining Q0;Remaining Q0;Remaining Q3208;53112
810914;533;8;1;Remaining Q0;Remaining Q23;Remaining Q42;Remaining Q3386;53112
810915;792;23;2;Remaining Q0;Remaining Q0;Remaining Q42;Remaining Q3386;53112
810917;902;42;3;Remaining Q0;Remaining Q0;Remaining Q0;Remaining Q3386;53112
810918;927;927;4;Remaining Q0;Remaining Q0;Remaining Q0;Remaining Q2459;53112
811929;533;19;1;Remaining Q0;Remaining Q24;Remaining Q56;Remaining Q2702;53112
811931;781;24;2;Remaining Q0;Remaining Q0;Remaining Q56;Remaining Q2702;53112
811932;890;56;3;Remaining Q0;Remaining Q0;Remaining Q0;Remaining Q2702;53112
811934;901;901;4;Remaining Q0;Remaining Q0;Remaining Q0;Remaining Q1801;53112
812941;533;3;1;Remaining Q0;Remaining Q7;Remaining Q11;Remaining Q1866;53112
812944;797;7;2;Remaining Q0;Remaining Q0;Remaining Q11;Remaining Q1866;53112
812946;923;11;3;Remaining Q0;Remaining Q0;Remaining Q0;Remaining Q1866;53112
812948;979;979;4;Remaining Q0;Remaining Q0;Remaining Q0;Remaining Q887;53112
813957;533;7;1;Remaining Q0;Remaining Q9;Remaining Q21;Remaining Q957;53112
813960;793;9;2;Remaining Q0;Remaining Q0;Remaining Q21;Remaining Q957;53112
813961;917;21;3;Remaining Q0;Remaining Q0;Remaining Q0;Remaining Q957;53112
813963;963;957;4;Remaining Q0;Remaining Q0;Remaining Q0;Remaining Q0;53112
813966;6;6;0;Remaining Q0;Remaining Q0;Remaining Q0;Remaining Q0;53106
814963;533;5;1;Remaining Q0;Remaining Q7;Remaining Q9;Remaining Q76;53106
814965;795;7;2;Remaining Q0;Remaining Q0;Remaining Q9;Remaining Q76;53106
814968;979;76;4;Remaining Q0;Remaining Q0;Remaining Q0;Remaining Q0;53106
814967;921;9;3;Remaining Q0;Remaining Q0;Remaining Q0;Remaining Q76;53106
814969;903;903;0;Remaining Q0;Remaining Q0;Remaining Q0;Remaining Q0;52203
815976;533;33;1;Remaining Q0;Remaining Q51;Remaining Q91;Remaining Q341;52203
815979;767;51;2;Remaining Q0;Remaining Q0;Remaining Q91;Remaining Q341;52203
815981;849;91;3;Remaining Q0;Remaining Q0;Remaining Q0;Remaining Q341;52203
815982;825;341;4;Remaining Q0;Remaining Q0;Remaining Q0;Remaining Q0;52203
815984;484;484;0;Remaining Q0;Remaining Q0;Remaining Q0;Remaining Q0;51719
816988;533;15;1;Remaining Q0;Remaining Q22;Remaining Q43;Remaining Q189;51719
816990;785;22;2;Remaining Q0;Remaining Q0;Remaining Q43;Remaining Q189;51719
816994;920;189;4;Remaining Q0;Remaining Q0;Remaining Q0;Remaining Q0;51719
816992;896;43;3;Remaining Q0;Remaining Q0;Remaining Q0;Remaining Q189;51719
816996;731;731;0;Remaining Q0;Remaining Q0;Remaining Q0;Remaining Q0;50988
817996;533;18;1;Remaining Q0;Remaining Q19;Remaining Q44;Remaining Q201;50988
817998;782;19;2;Remaining Q0;Remaining Q0;Remaining Q44;Remaining Q201;50988
817999;896;44;3;Remaining Q0;Remaining Q0;Remaining Q0;Remaining Q201;50988
818001;919;201;4;Remaining Q0;Remaining Q0;Remaining Q0;Remaining Q0;50988
818004;718;718;0;Remaining Q0;Remaining Q0;Remaining Q0;Remaining Q0;50270
819009;533;23;1;Remaining Q0;Remaining Q44;Remaining Q53;Remaining Q236;50270
819010;777;44;2;Remaining Q0;Remaining Q0;Remaining Q53;Remaining Q236;50270
819011;866;53;3;Remaining Q0;Remaining Q0;Remaining Q0;Remaining Q236;50270
819012;880;236;4;Remaining Q0;Remaining Q0;Remaining Q0;Remaining Q0;50270
819014;644;644;0;Remaining Q0;Remaining Q0;Remaining Q0;Remaining Q0;49626
820017;533;21;1;Remaining Q0;Remaining Q29;Remaining Q66;Remaining Q263;49626
820019;779;29;2;Remaining Q0;Remaining Q0;Remaining Q66;Remaining Q263;49626
820020;883;66;3;Remaining Q0;Remaining Q0;Remaining Q0;Remaining Q263;49626
820021;884;263;4;Remaining Q0;Remaining Q0;Remaining Q0;Remaining Q0;49626
820023;621;621;0;Remaining Q0;Remaining Q0;Remaining Q0;Remaining Q0;49005
821022;533;6;1;Remaining Q0;Remaining Q17;Remaining Q13;Remaining Q88;49005
821025;794;17;2;Remaining Q0;Remaining Q0;Remaining Q13;Remaining Q88;49005
821027;910;13;3;Remaining Q0;Remaining Q0;Remaining Q0;Remaining Q88;49005
821028;964;88;4;Remaining Q0;Remaining Q0;Remaining Q0;Remaining Q0;49005
821030;876;876;0;Remaining Q0;Remaining Q0;Remaining Q0;Remaining Q0;48129
822026;533;5;1;Remaining Q0;Remaining Q14;Remaining Q16;Remaining Q65;48129
822027;795;14;2;Remaining Q0;Remaining Q0;Remaining Q16;Remaining Q65;48129
822029;914;16;3;Remaining Q0;Remaining Q0;Remaining Q0;Remaining Q65;48129
822030;965;65;4;Remaining Q0;Remaining Q0;Remaining Q0;Remaining Q0;48129
822032;900;900;0;Remaining Q0;Remaining Q0;Remaining Q0;Remaining Q0;47229
823041;533;8;1;Remaining Q0;Remaining Q32;Remaining Q41;Remaining Q217;47229
823042;792;32;2;Remaining Q0;Remaining Q0;Remaining Q41;Remaining Q217;47229
823043;893;41;3;Remaining Q0;Remaining Q0;Remaining Q0;Remaining Q217;47229
823045;919;217;4;Remaining Q0;Remaining Q0;Remaining Q0;Remaining Q0;47229
823047;702;702;0;Remaining Q0;Remaining Q0;Remaining Q0;Remaining Q0;46527
824055;533;6;1;Remaining Q0;Remaining Q27;Remaining Q35;Remaining Q173;46527
824057;794;27;2;Remaining Q0;Remaining Q0;Remaining Q35;Remaining Q173;46527
824059;900;35;3;Remaining Q0;Remaining Q0;Remaining Q0;Remaining Q173;46527
824060;932;173;4;Remaining Q0;Remaining Q0;Remaining Q0;Remaining Q0;46527
824062;759;759;0;Remaining Q0;Remaining Q0;Remaining Q0;Remaining Q0;45768
825063;533;12;1;Remaining Q0;Remaining Q24;Remaining Q48;Remaining Q166;45768
825065;788;24;2;Remaining Q0;Remaining Q0;Remaining Q48;Remaining Q166;45768
825067;897;48;3;Remaining Q0;Remaining Q0;Remaining Q0;Remaining Q166;45768
825068;916;166;4;Remaining Q0;Remaining Q0;Remaining Q0;Remaining Q0;45768
825070;750;750;0;Remaining Q0;Remaining Q0;Remaining Q0;Remaining Q0;45018
826077;533;20;1;Remaining Q0;Remaining Q29;Remaining Q47;Remaining Q183;45018
826079;780;29;2;Remaining Q0;Remaining Q0;Remaining Q47;Remaining Q183;45018
826080;884;47;3;Remaining Q0;Remaining Q0;Remaining Q0;Remaining Q183;45018
826081;904;183;4;Remaining Q0;Remaining Q0;Remaining Q0;Remaining Q0;45018
826083;721;721;0;Remaining Q0;Remaining Q0;Remaining Q0;Remaining Q0;44297
827079;533;12;1;Remaining Q0;Remaining Q20;Remaining Q31;Remaining Q121;44297
827081;788;28;2;Remaining Q5;Remaining Q0;Remaining Q52;Remaining Q180;44297
827083;893;52;3;Remaining Q5;Remaining Q0;Remaining Q0;Remaining Q180;44297
827085;908;180;4;Remaining Q5;Remaining Q0;Remaining Q0;Remaining Q0;44297
827087;728;728;0;Remaining Q5;Remaining Q0;Remaining Q0;Remaining Q0;43569
828090;533;10;1;Remaining Q0;Remaining Q21;Remaining Q20;Remaining Q109;43569
828092;790;21;2;Remaining Q0;Remaining Q0;Remaining Q20;Remaining Q109;43569
828096;900;365;4;Remaining Q30;Remaining Q35;Remaining Q0;Remaining Q0;43569
828094;902;69;3;Remaining Q30;Remaining Q35;Remaining Q0;Remaining Q365;43569
828098;535;535;0;Remaining Q30;Remaining Q35;Remaining Q0;Remaining Q0;43034
829092;533;30;1;Remaining Q0;Remaining Q35;Remaining Q0;Remaining Q0;43034
829097;770;35;2;Remaining Q0;Remaining Q0;Remaining Q0;Remaining Q0;43034
829100;868;0;3;Remaining Q0;Remaining Q0;Remaining Q0;Remaining Q0;43034
829103;935;0;4;Remaining Q0;Remaining Q0;Remaining Q0;Remaining Q0;43034
829105;935;935;0;Remaining Q0;Remaining Q0;Remaining Q0;Remaining Q0;42099
830097;533;11;1;Remaining Q0;Remaining Q18;Remaining Q41;Remaining Q122;42099
830099;789;18;2;Remaining Q0;Remaining Q0;Remaining Q41;Remaining Q122;42099
830100;904;41;3;Remaining Q0;Remaining Q0;Remaining Q0;Remaining Q122;42099
830102;930;122;4;Remaining Q0;Remaining Q0;Remaining Q0;Remaining Q0;42099
830105;808;808;0;Remaining Q0;Remaining Q0;Remaining Q0;Remaining Q0;41291
831102;533;18;1;Remaining Q0;Remaining Q31;Remaining Q41;Remaining Q175;41291
831105;782;31;2;Remaining Q0;Remaining Q0;Remaining Q41;Remaining Q175;41291
831106;884;41;3;Remaining Q0;Remaining Q0;Remaining Q0;Remaining Q175;41291
831108;910;175;4;Remaining Q0;Remaining Q0;Remaining Q0;Remaining Q0;41291
831109;735;735;0;Remaining Q0;Remaining Q0;Remaining Q0;Remaining Q0;40556
832109;533;4;1;Remaining Q0;Remaining Q16;Remaining Q15;Remaining Q69;40556
832111;796;16;2;Remaining Q0;Remaining Q0;Remaining Q15;Remaining Q69;40556
832113;913;15;3;Remaining Q0;Remaining Q0;Remaining Q0;Remaining Q69;40556
832114;965;69;4;Remaining Q0;Remaining Q0;Remaining Q0;Remaining Q0;40556
832116;896;896;0;Remaining Q0;Remaining Q0;Remaining Q0;Remaining Q0;39660
833119;533;17;1;Remaining Q0;Remaining Q33;Remaining Q53;Remaining Q245;39660
833121;783;33;2;Remaining Q0;Remaining Q0;Remaining Q53;Remaining Q245;39660
833122;883;53;3;Remaining Q0;Remaining Q0;Remaining Q0;Remaining Q245;39660
833124;897;245;4;Remaining Q0;Remaining Q0;Remaining Q0;Remaining Q0;39660
833125;652;652;0;Remaining Q0;Remaining Q0;Remaining Q0;Remaining Q0;39008
834130;533;13;1;Remaining Q0;Remaining Q28;Remaining Q54;Remaining Q216;39008
834132;787;28;2;Remaining Q0;Remaining Q0;Remaining Q54;Remaining Q216;39008
834133;892;54;3;Remaining Q0;Remaining Q0;Remaining Q0;Remaining Q216;39008
834134;905;216;4;Remaining Q0;Remaining Q0;Remaining Q0;Remaining Q0;39008
834136;689;689;0;Remaining Q0;Remaining Q0;Remaining Q0;Remaining Q0;38319
835137;533;21;1;Remaining Q0;Remaining Q40;Remaining Q64;Remaining Q269;38319
835139;779;40;2;Remaining Q0;Remaining Q0;Remaining Q64;Remaining Q269;38319
835142;872;64;3;Remaining Q0;Remaining Q0;Remaining Q0;Remaining Q269;38319
835143;875;269;4;Remaining Q0;Remaining Q0;Remaining Q0;Remaining Q0;38319
835145;606;606;0;Remaining Q0;Remaining Q0;Remaining Q0;Remaining Q0;37713
836145;533;6;1;Remaining Q0;Remaining Q14;Remaining Q29;Remaining Q96;37713
836146;794;14;2;Remaining Q0;Remaining Q0;Remaining Q29;Remaining Q96;37713
836148;913;29;3;Remaining Q0;Remaining Q0;Remaining Q0;Remaining Q96;37713
836149;951;96;4;Remaining Q0;Remaining Q0;Remaining Q0;Remaining Q0;37713
836150;855;855;0;Remaining Q0;Remaining Q0;Remaining Q0;Remaining Q0;36858
837150;533;10;1;Remaining Q0;Remaining Q24;Remaining Q49;Remaining Q200;36858
837153;790;24;2;Remaining Q0;Remaining Q0;Remaining Q49;Remaining Q200;36858
837155;899;49;3;Remaining Q0;Remaining Q0;Remaining Q0;Remaining Q200;36858
837158;917;200;4;Remaining Q0;Remaining Q0;Remaining Q0;Remaining Q0;36858
837159;717;717;0;Remaining Q0;Remaining Q0;Remaining Q0;Remaining Q0;36141
838163;533;8;1;Remaining Q0;Remaining Q7;Remaining Q20;Remaining Q94;36141
838166;792;20;2;Remaining Q11;Remaining Q0;Remaining Q51;Remaining Q232;36141
838167;905;51;3;Remaining Q11;Remaining Q0;Remaining Q0;Remaining Q232;36141
838169;921;232;4;Remaining Q11;Remaining Q0;Remaining Q0;Remaining Q0;36141
838170;689;689;0;Remaining Q11;Remaining Q0;Remaining Q0;Remaining Q0;35452
839166;533;17;1;Remaining Q0;Remaining Q14;Remaining Q30;Remaining Q125;35452
839168;783;22;2;Remaining Q5;Remaining Q0;Remaining Q45;Remaining Q188;35452
839170;894;45;3;Remaining Q5;Remaining Q0;Remaining Q0;Remaining Q188;35452
839171;916;188;4;Remaining Q5;Remaining Q0;Remaining Q0;Remaining Q0;35452
839173;728;728;0;Remaining Q5;Remaining Q0;Remaining Q0;Remaining Q0;34724
840179;533;5;1;Remaining Q0;Remaining Q0;Remaining Q0;Remaining Q0;34724
840182;795;0;2;Remaining Q0;Remaining Q0;Remaining Q0;Remaining Q0;34724
840186;928;58;3;Remaining Q22;Remaining Q29;Remaining Q0;Remaining Q233;34724
840188;937;233;4;Remaining Q22;Remaining Q29;Remaining Q0;Remaining Q0;34724
840190;704;704;0;Remaining Q22;Remaining Q29;Remaining Q0;Remaining Q0;34020
841195;533;32;1;Remaining Q0;Remaining Q50;Remaining Q31;Remaining Q190;34020
841198;768;62;2;Remaining Q8;Remaining Q0;Remaining Q46;Remaining Q303;34020
841200;839;46;3;Remaining Q8;Remaining Q0;Remaining Q0;Remaining Q303;34020
841202;860;303;4;Remaining Q8;Remaining Q0;Remaining Q0;Remaining Q0;34020
841203;557;557;0;Remaining Q8;Remaining Q0;Remaining Q0;Remaining Q0;33463
842205;533;8;1;Remaining Q0;Remaining Q0;Remaining Q0;Remaining Q0;33463
842208;792;0;2;Remaining Q0;Remaining Q0;Remaining Q0;Remaining Q0;33463
842209;925;24;3;Remaining Q7;Remaining Q8;Remaining Q0;Remaining Q90;33463
842211;968;90;4;Remaining Q7;Remaining Q8;Remaining Q0;Remaining Q0;33463
842212;878;878;0;Remaining Q7;Remaining Q8;Remaining Q0;Remaining Q0;32585
843209;533;7;1;Remaining Q0;Remaining Q8;Remaining Q0;Remaining Q0;32585
843212;793;8;2;Remaining Q0;Remaining Q0;Remaining Q0;Remaining Q0;32585
843213;918;0;3;Remaining Q0;Remaining Q0;Remaining Q0;Remaining Q0;32585
843214;985;0;4;Remaining Q0;Remaining Q0;Remaining Q0;Remaining Q0;32585
843216;985;985;0;Remaining Q0;Remaining Q0;Remaining Q0;Remaining Q0;31600
844220;533;11;1;Remaining Q0;Remaining Q18;Remaining Q26;Remaining Q101;31600
844222;789;18;2;Remaining Q0;Remaining Q0;Remaining Q26;Remaining Q101;31600
844224;945;101;4;Remaining Q0;Remaining Q0;Remaining Q0;Remaining Q0;31600
844223;904;26;3;Remaining Q0;Remaining Q0;Remaining Q0;Remaining Q101;31600
844225;844;844;0;Remaining Q0;Remaining Q0;Remaining Q0;Remaining Q0;30756
845234;533;10;1;Remaining Q0;Remaining Q8;Remaining Q9;Remaining Q66;30756
845237;790;8;2;Remaining Q0;Remaining Q0;Remaining Q9;Remaining Q66;30756
845238;915;9;3;Remaining Q0;Remaining Q0;Remaining Q0;Remaining Q66;30756
845239;973;66;4;Remaining Q0;Remaining Q0;Remaining Q0;Remaining Q0;30756
845240;907;907;0;Remaining Q0;Remaining Q0;Remaining Q0;Remaining Q0;29849
846236;533;17;1;Remaining Q0;Remaining Q37;Remaining Q59;Remaining Q253;29849
846239;783;37;2;Remaining Q0;Remaining Q0;Remaining Q59;Remaining Q253;29849
846240;879;59;3;Remaining Q0;Remaining Q0;Remaining Q0;Remaining Q253;29849
846243;887;253;4;Remaining Q0;Remaining Q0;Remaining Q0;Remaining Q0;29849
846245;634;634;0;Remaining Q0;Remaining Q0;Remaining Q0;Remaining Q0;29215
847236;533;19;1;Remaining Q0;Remaining Q37;Remaining Q50;Remaining Q233;29215
847238;781;37;2;Remaining Q0;Remaining Q0;Remaining Q50;Remaining Q233;29215
847239;877;50;3;Remaining Q0;Remaining Q0;Remaining Q0;Remaining Q233;29215
847241;894;233;4;Remaining Q0;Remaining Q0;Remaining Q0;Remaining Q0;29215
847242;661;661;0;Remaining Q0;Remaining Q0;Remaining Q0;Remaining Q0;28554
848241;533;15;1;Remaining Q0;Remaining Q20;Remaining Q32;Remaining Q124;28554
848243;785;20;2;Remaining Q0;Remaining Q0;Remaining Q32;Remaining Q124;28554
848244;898;32;3;Remaining Q0;Remaining Q0;Remaining Q0;Remaining Q124;28554
848245;933;124;4;Remaining Q0;Remaining Q0;Remaining Q0;Remaining Q0;28554
848247;809;809;0;Remaining Q0;Remaining Q0;Remaining Q0;Remaining Q0;27745
849255;533;15;1;Remaining Q0;Remaining Q46;Remaining Q75;Remaining Q360;27745
849256;785;46;2;Remaining Q0;Remaining Q0;Remaining Q75;Remaining Q360;27745
849257;872;75;3;Remaining Q0;Remaining Q0;Remaining Q0;Remaining Q360;27745
849259;864;360;4;Remaining Q0;Remaining Q0;Remaining Q0;Remaining Q0;27745
849260;504;504;0;Remaining Q0;Remaining Q0;Remaining Q0;Remaining Q0;27241
850260;533;13;1;Remaining Q0;Remaining Q19;Remaining Q43;Remaining Q184;27241
850263;787;19;2;Remaining Q0;Remaining Q0;Remaining Q43;Remaining Q184;27241
850264;901;43;3;Remaining Q0;Remaining Q0;Remaining Q0;Remaining Q184;27241
850266;925;184;4;Remaining Q0;Remaining Q0;Remaining Q0;Remaining Q0;27241
850268;741;741;0;Remaining Q0;Remaining Q0;Remaining Q0;Remaining Q0;26500
851269;533;15;1;Remaining Q0;Remaining Q36;Remaining Q52;Remaining Q217;26500
851271;785;36;2;Remaining Q0;Remaining Q0;Remaining Q52;Remaining Q217;26500
851272;882;52;3;Remaining Q0;Remaining Q0;Remaining Q0;Remaining Q217;26500
851274;897;217;4;Remaining Q0;Remaining Q0;Remaining Q0;Remaining Q0;26500
851275;680;680;0;Remaining Q0;Remaining Q0;Remaining Q0;Remaining Q0;25820
852279;533;11;1;Remaining Q0;Remaining Q28;Remaining Q62;Remaining Q194;25820
852281;789;28;2;Remaining Q0;Remaining Q0;Remaining Q62;Remaining Q194;25820
852284;894;62;3;Remaining Q0;Remaining Q0;Remaining Q0;Remaining Q194;25820
852285;899;194;4;Remaining Q0;Remaining Q0;Remaining Q0;Remaining Q0;25820
852287;705;705;0;Remaining Q0;Remaining Q0;Remaining Q0;Remaining Q0;25115
853289;533;16;1;Remaining Q0;Remaining Q28;Remaining Q43;Remaining Q184;25115
853290;784;28;2;Remaining Q0;Remaining Q0;Remaining Q43;Remaining Q184;25115
853291;889;43;3;Remaining Q0;Remaining Q0;Remaining Q0;Remaining Q184;25115
853293;913;184;4;Remaining Q0;Remaining Q0;Remaining Q0;Remaining Q0;25115
853295;729;729;0;Remaining Q0;Remaining Q0;Remaining Q0;Remaining Q0;24386
854296;533;34;1;Remaining Q0;Remaining Q71;Remaining Q99;Remaining Q448;24386
854298;766;71;2;Remaining Q0;Remaining Q0;Remaining Q99;Remaining Q448;24386
854299;828;99;3;Remaining Q0;Remaining Q0;Remaining Q0;Remaining Q448;24386
854300;796;448;4;Remaining Q0;Remaining Q0;Remaining Q0;Remaining Q0;24386
854302;348;348;0;Remaining Q0;Remaining Q0;Remaining Q0;Remaining Q0;24038
855309;533;5;1;Remaining Q0;Remaining Q18;Remaining Q16;Remaining Q83;24038
855310;795;18;2;Remaining Q0;Remaining Q0;Remaining Q16;Remaining Q83;24038
855311;910;16;3;Remaining Q0;Remaining Q0;Remaining Q0;Remaining Q83;24038
855313;961;83;4;Remaining Q0;Remaining Q0;Remaining Q0;Remaining Q0;24038
855315;878;878;0;Remaining Q0;Remaining Q0;Remaining Q0;Remaining Q0;23160
856309;533;12;1;Remaining Q0;Remaining Q19;Remaining Q26;Remaining Q139;23160
856312;788;19;2;Remaining Q0;Remaining Q0;Remaining Q26;Remaining Q139;23160
856314;902;26;3;Remaining Q0;Remaining Q0;Remaining Q0;Remaining Q139;23160
856316;943;139;4;Remaining Q0;Remaining Q0;Remaining Q0;Remaining Q0;23160
856318;804;804;0;Remaining Q0;Remaining Q0;Remaining Q0;Remaining Q0;22356
857323;533;34;1;Remaining Q0;Remaining Q79;Remaining Q106;Remaining Q516;22356
857324;766;79;2;Remaining Q0;Remaining Q0;Remaining Q106;Remaining Q516;22356
857326;820;106;3;Remaining Q0;Remaining Q0;Remaining Q0;Remaining Q516;22356
857328;781;516;4;Remaining Q0;Remaining Q0;Remaining Q0;Remaining Q0;22356
857331;265;265;0;Remaining Q0;Remaining Q0;Remaining Q0;Remaining Q0;22091
858324;533;7;1;Remaining Q0;Remaining Q14;Remaining Q19;Remaining Q80;22091
858325;793;14;2;Remaining Q0;Remaining Q0;Remaining Q19;Remaining Q80;22091
858326;912;19;3;Remaining Q0;Remaining Q0;Remaining Q0;Remaining Q80;22091
858329;960;80;4;Remaining Q0;Remaining Q0;Remaining Q0;Remaining Q0;22091
858330;880;880;0;Remaining Q0;Remaining Q0;Remaining Q0;Remaining Q0;21211
859324;533;25;1;Remaining Q0;Remaining Q38;Remaining Q62;Remaining Q321;21211
859325;775;38;2;Remaining Q0;Remaining Q0;Remaining Q62;Remaining Q321;21211
859327;870;62;3;Remaining Q0;Remaining Q0;Remaining Q0;Remaining Q321;21211
859328;875;321;4;Remaining Q0;Remaining Q0;Remaining Q0;Remaining Q0;21211
859329;554;554;0;Remaining Q0;Remaining Q0;Remaining Q0;Remaining Q0;20657
860338;533;33;1;Remaining Q0;Remaining Q67;Remaining Q106;Remaining Q465;20657
860340;767;67;2;Remaining Q0;Remaining Q0;Remaining Q106;Remaining Q465;20657
860342;833;106;3;Remaining Q0;Remaining Q0;Remaining Q0;Remaining Q465;20657
860343;794;465;4;Remaining Q0;Remaining Q0;Remaining Q0;Remaining Q0;20657
860345;329;329;0;Remaining Q0;Remaining Q0;Remaining Q0;Remaining Q0;20328
861353;533;7;1;Remaining Q0;Remaining Q14;Remaining Q30;Remaining Q116;20328
861354;793;14;2;Remaining Q0;Remaining Q0;Remaining Q30;Remaining Q116;20328
861356;912;30;3;Remaining Q0;Remaining Q0;Remaining Q0;Remaining Q116;20328
861357;949;116;4;Remaining Q0;Remaining Q0;Remaining Q0;Remaining Q0;20328
861358;833;833;0;Remaining Q0;Remaining Q0;Remaining Q0;Remaining Q0;19495
862360;533;13;1;Remaining Q0;Remaining Q15;Remaining Q32;Remaining Q118;19495
862363;787;15;2;Remaining Q0;Remaining Q0;Remaining Q32;Remaining Q118;19495
862364;905;32;3;Remaining Q0;Remaining Q0;Remaining Q0;Remaining Q118;19495
862365;940;118;4;Remaining Q0;Remaining Q0;Remaining Q0;Remaining Q0;19495
862367;822;822;0;Remaining Q0;Remaining Q0;Remaining Q0;Remaining Q0;18673
863372;533;2;1;Remaining Q0;Remaining Q14;Remaining Q9;Remaining Q66;18673
863373;798;14;2;Remaining Q0;Remaining Q0;Remaining Q9;Remaining Q66;18673
863375;917;9;3;Remaining Q0;Remaining Q0;Remaining Q0;Remaining Q66;18673
863377;975;66;4;Remaining Q0;Remaining Q0;Remaining Q0;Remaining Q0;18673
863378;909;909;0;Remaining Q0;Remaining Q0;Remaining Q0;Remaining Q0;17764
864387;533;17;1;Remaining Q0;Remaining Q34;Remaining Q38;Remaining Q225;17764
864388;783;34;2;Remaining Q0;Remaining Q0;Remaining Q38;Remaining Q225;17764
864389;882;38;3;Remaining Q0;Remaining Q0;Remaining Q0;Remaining Q225;17764
864391;911;225;4;Remaining Q0;Remaining Q0;Remaining Q0;Remaining Q0;17764
864393;686;686;0;Remaining Q0;Remaining Q0;Remaining Q0;Remaining Q0;17078
865401;533;12;1;Remaining Q0;Remaining Q39;Remaining Q63;Remaining Q252;17078
865403;788;39;2;Remaining Q0;Remaining Q0;Remaining Q63;Remaining Q252;17078
865404;882;63;3;Remaining Q0;Remaining Q0;Remaining Q0;Remaining Q252;17078
865407;634;634;0;Remaining Q0;Remaining Q0;Remaining Q0;Remaining Q0;16444
865405;886;252;4;Remaining Q0;Remaining Q0;Remaining Q0;Remaining Q0;17078
866412;533;9;1;Remaining Q0;Remaining Q23;Remaining Q35;Remaining Q193;16444
866414;791;23;2;Remaining Q0;Remaining Q0;Remaining Q35;Remaining Q193;16444
866416;901;35;3;Remaining Q0;Remaining Q0;Remaining Q0;Remaining Q193;16444
866418;933;193;4;Remaining Q0;Remaining Q0;Remaining Q0;Remaining Q0;16444
866421;740;740;0;Remaining Q0;Remaining Q0;Remaining Q0;Remaining Q0;15704
867426;533;2;1;Remaining Q0;Remaining Q16;Remaining Q24;Remaining Q108;15704
867428;798;16;2;Remaining Q0;Remaining Q0;Remaining Q24;Remaining Q108;15704
867429;915;24;3;Remaining Q0;Remaining Q0;Remaining Q0;Remaining Q108;15704
867431;958;108;4;Remaining Q0;Remaining Q0;Remaining Q0;Remaining Q0;15704
867432;850;850;0;Remaining Q0;Remaining Q0;Remaining Q0;Remaining Q0;14854
868430;533;15;1;Remaining Q0;Remaining Q30;Remaining Q36;Remaining Q162;14854
868432;785;30;2;Remaining Q0;Remaining Q0;Remaining Q36;Remaining Q162;14854
868433;888;36;3;Remaining Q0;Remaining Q0;Remaining Q0;Remaining Q162;14854
868435;919;162;4;Remaining Q0;Remaining Q0;Remaining Q0;Remaining Q0;14854
868437;757;757;0;Remaining Q0;Remaining Q0;Remaining Q0;Remaining Q0;14097
869438;533;20;1;Remaining Q0;Remaining Q30;Remaining Q47;Remaining Q212;14097
869441;780;30;2;Remaining Q0;Remaining Q0;Remaining Q47;Remaining Q212;14097
869443;883;47;3;Remaining Q0;Remaining Q0;Remaining Q0;Remaining Q212;14097
869445;903;212;4;Remaining Q0;Remaining Q0;Remaining Q0;Remaining Q0;14097
869446;691;691;0;Remaining Q0;Remaining Q0;Remaining Q0;Remaining Q0;13406
870443;533;7;1;Remaining Q0;Remaining Q16;Remaining Q23;Remaining Q119;13406
870445;793;16;2;Remaining Q0;Remaining Q0;Remaining Q23;Remaining Q119;13406
870446;910;23;3;Remaining Q0;Remaining Q0;Remaining Q0;Remaining Q119;13406
870448;954;119;4;Remaining Q0;Remaining Q0;Remaining Q0;Remaining Q0;13406
870449;835;835;0;Remaining Q0;Remaining Q0;Remaining Q0;Remaining Q0;12571
871449;533;9;1;Remaining Q0;Remaining Q22;Remaining Q25;Remaining Q131;12571
871450;791;22;2;Remaining Q0;Remaining Q0;Remaining Q25;Remaining Q131;12571
871451;902;25;3;Remaining Q0;Remaining Q0;Remaining Q0;Remaining Q131;12571
871453;944;131;4;Remaining Q0;Remaining Q0;Remaining Q0;Remaining Q0;12571
871454;813;813;0;Remaining Q0;Remaining Q0;Remaining Q0;Remaining Q0;11758
872453;533;14;1;Remaining Q0;Remaining Q30;Remaining Q48;Remaining Q176;11758
872455;786;30;2;Remaining Q0;Remaining Q0;Remaining Q48;Remaining Q176;11758
872456;889;48;3;Remaining Q0;Remaining Q0;Remaining Q0;Remaining Q176;11758
872457;908;176;4;Remaining Q0;Remaining Q0;Remaining Q0;Remaining Q0;11758
872459;732;732;0;Remaining Q0;Remaining Q0;Remaining Q0;Remaining Q0;11026
873461;533;19;1;Remaining Q0;Remaining Q30;Remaining Q50;Remaining Q216;11026
873462;781;30;2;Remaining Q0;Remaining Q0;Remaining Q50;Remaining Q216;11026
873464;884;50;3;Remaining Q0;Remaining Q0;Remaining Q0;Remaining Q216;11026
873465;901;216;4;Remaining Q0;Remaining Q0;Remaining Q0;Remaining Q0;11026
873466;685;685;0;Remaining Q0;Remaining Q0;Remaining Q0;Remaining Q0;10341
874462;533;4;1;Remaining Q0;Remaining Q8;Remaining Q22;Remaining Q76;10341
874464;796;8;2;Remaining Q0;Remaining Q0;Remaining Q22;Remaining Q76;10341
874465;921;22;3;Remaining Q0;Remaining Q0;Remaining Q0;Remaining Q76;10341
874467;966;76;4;Remaining Q0;Remaining Q0;Remaining Q0;Remaining Q0;10341
874468;890;890;0;Remaining Q0;Remaining Q0;Remaining Q0;Remaining Q0;9451
875470;533;13;1;Remaining Q0;Remaining Q23;Remaining Q42;Remaining Q174;9451
875472;787;23;2;Remaining Q0;Remaining Q0;Remaining Q42;Remaining Q174;9451
875474;897;42;3;Remaining Q0;Remaining Q0;Remaining Q0;Remaining Q174;9451
875475;922;174;4;Remaining Q0;Remaining Q0;Remaining Q0;Remaining Q0;9451
875477;748;748;0;Remaining Q0;Remaining Q0;Remaining Q0;Remaining Q0;8703
876481;533;8;1;Remaining Q0;Remaining Q9;Remaining Q14;Remaining Q51;8703
876483;792;9;2;Remaining Q0;Remaining Q0;Remaining Q14;Remaining Q51;8703
876484;916;14;3;Remaining Q0;Remaining Q0;Remaining Q0;Remaining Q51;8703
876486;969;51;4;Remaining Q0;Remaining Q0;Remaining Q0;Remaining Q0;8703
876488;918;918;0;Remaining Q0;Remaining Q0;Remaining Q0;Remaining Q0;7785
877486;533;16;1;Remaining Q0;Remaining Q21;Remaining Q30;Remaining Q178;7785
877489;784;21;2;Remaining Q0;Remaining Q0;Remaining Q30;Remaining Q178;7785
877491;896;30;3;Remaining Q0;Remaining Q0;Remaining Q0;Remaining Q178;7785
877493;933;178;4;Remaining Q0;Remaining Q0;Remaining Q0;Remaining Q0;7785
877494;755;755;0;Remaining Q0;Remaining Q0;Remaining Q0;Remaining Q0;7030
878499;533;5;1;Remaining Q0;Remaining Q10;Remaining Q13;Remaining Q53;7030
878501;795;10;2;Remaining Q0;Remaining Q0;Remaining Q13;Remaining Q53;7030
878502;918;13;3;Remaining Q0;Remaining Q0;Remaining Q0;Remaining Q53;7030
878504;972;53;4;Remaining Q0;Remaining Q0;Remaining Q0;Remaining Q0;7030
878506;919;919;0;Remaining Q0;Remaining Q0;Remaining Q0;Remaining Q0;6111
879503;533;22;1;Remaining Q0;Remaining Q33;Remaining Q54;Remaining Q217;6111
879504;778;33;2;Remaining Q0;Remaining Q0;Remaining Q54;Remaining Q217;6111
879506;878;54;3;Remaining Q0;Remaining Q0;Remaining Q0;Remaining Q217;6111
879507;891;217;4;Remaining Q0;Remaining Q0;Remaining Q0;Remaining Q0;6111
879509;674;674;0;Remaining Q0;Remaining Q0;Remaining Q0;Remaining Q0;5437
880503;533;17;1;Remaining Q0;Remaining Q23;Remaining Q40;Remaining Q174;5437
880505;783;23;2;Remaining Q0;Remaining Q0;Remaining Q40;Remaining Q174;5437
880507;893;40;3;Remaining Q0;Remaining Q0;Remaining Q0;Remaining Q174;5437
880509;920;174;4;Remaining Q0;Remaining Q0;Remaining Q0;Remaining Q0;5437
880510;746;746;0;Remaining Q0;Remaining Q0;Remaining Q0;Remaining Q0;4691
881513;533;11;1;Remaining Q0;Remaining Q22;Remaining Q45;Remaining Q212;4691
881515;789;22;2;Remaining Q0;Remaining Q0;Remaining Q45;Remaining Q212;4691
881517;900;45;3;Remaining Q0;Remaining Q0;Remaining Q0;Remaining Q212;4691
881518;922;212;4;Remaining Q0;Remaining Q0;Remaining Q0;Remaining Q0;4691
881520;710;710;0;Remaining Q0;Remaining Q0;Remaining Q0;Remaining Q0;3981
882523;533;7;1;Remaining Q0;Remaining Q21;Remaining Q36;Remaining Q174;3981
882526;793;21;2;Remaining Q0;Remaining Q0;Remaining Q36;Remaining Q174;3981
882527;905;36;3;Remaining Q0;Remaining Q0;Remaining Q0;Remaining Q174;3981
882529;936;174;4;Remaining Q0;Remaining Q0;Remaining Q0;Remaining Q0;3981
882530;762;762;0;Remaining Q0;Remaining Q0;Remaining Q0;Remaining Q0;3219
883537;533;6;1;Remaining Q0;Remaining Q9;Remaining Q9;Remaining Q53;3219
883542;918;9;3;Remaining Q0;Remaining Q0;Remaining Q0;Remaining Q53;3219
883539;794;9;2;Remaining Q0;Remaining Q0;Remaining Q9;Remaining Q53;3219
883546;976;53;4;Remaining Q0;Remaining Q0;Remaining Q0;Remaining Q0;3219
883548;923;923;0;Remaining Q0;Remaining Q0;Remaining Q0;Remaining Q0;2296
884539;533;16;1;Remaining Q0;Remaining Q24;Remaining Q48;Remaining Q203;2296
884542;784;24;2;Remaining Q0;Remaining Q0;Remaining Q48;Remaining Q203;2296
884543;893;48;3;Remaining Q0;Remaining Q0;Remaining Q0;Remaining Q203;2296
884544;912;203;4;Remaining Q0;Remaining Q0;Remaining Q0;Remaining Q0;2296
884546;709;709;0;Remaining Q0;Remaining Q0;Remaining Q0;Remaining Q0;1587
885539;533;17;1;Remaining Q0;Remaining Q33;Remaining Q56;Remaining Q268;1587
885541;783;33;2;Remaining Q0;Remaining Q0;Remaining Q56;Remaining Q268;1587
885542;883;56;3;Remaining Q0;Remaining Q0;Remaining Q0;Remaining Q268;1587
885543;894;268;4;Remaining Q0;Remaining Q0;Remaining Q0;Remaining Q0;1587
885544;626;626;0;Remaining Q0;Remaining Q0;Remaining Q0;Remaining Q0;961
886551;533;16;1;Remaining Q0;Remaining Q29;Remaining Q44;Remaining Q217;961
886552;784;29;2;Remaining Q0;Remaining Q0;Remaining Q44;Remaining Q217;961
886554;888;44;3;Remaining Q0;Remaining Q0;Remaining Q0;Remaining Q217;961
886555;911;217;4;Remaining Q0;Remaining Q0;Remaining Q0;Remaining Q0;961
886555;694;694;0;Remaining Q0;Remaining Q0;Remaining Q0;Remaining Q0;267
887563;533;15;1;Remaining Q0;Remaining Q29;Remaining Q33;Remaining Q167;267
887565;785;29;2;Remaining Q0;Remaining Q0;Remaining Q33;Remaining Q167;267
887567;889;33;3;Remaining Q0;Remaining Q0;Remaining Q0;Remaining Q167;267
887569;923;167;4;Remaining Q0;Remaining Q0;Remaining Q0;Remaining Q0;267
887570;756;267;0;Remaining Q0;Remaining Q0;Remaining Q0;Remaining Q0;0
888578;533;22;1;Remaining Q0;Remaining Q40;Remaining Q74;Remaining Q351;0
888580;778;40;2;Remaining Q0;Remaining Q0;Remaining Q74;Remaining Q351;0
888581;871;74;3;Remaining Q0;Remaining Q0;Remaining Q0;Remaining Q351;0
888582;864;351;4;Remaining Q0;Remaining Q0;Remaining Q0;Remaining Q0;0
888584;513;0;0;Remaining Q0;Remaining Q0;Remaining Q0;Remaining Q0;0
889591;533;12;1;Remaining Q0;Remaining Q26;Remaining Q40;Remaining Q175;0
889593;788;26;2;Remaining Q0;Remaining Q0;Remaining Q40;Remaining Q175;0
889595;895;40;3;Remaining Q0;Remaining Q0;Remaining Q0;Remaining Q175;0
889596;922;175;4;Remaining Q0;Remaining Q0;Remaining Q0;Remaining Q0;0
889597;747;0;0;Remaining Q0;Remaining Q0;Remaining Q0;Remaining Q0;0
890606;533;9;1;Remaining Q0;Remaining Q9;Remaining Q16;Remaining Q92;0
890607;791;9;2;Remaining Q0;Remaining Q0;Remaining Q16;Remaining Q92;0
890609;915;16;3;Remaining Q0;Remaining Q0;Remaining Q0;Remaining Q92;0
890610;966;92;4;Remaining Q0;Remaining Q0;Remaining Q0;Remaining Q0;0
890612;874;0;0;Remaining Q0;Remaining Q0;Remaining Q0;Remaining Q0;0
891619;533;4;1;Remaining Q0;Remaining Q5;Remaining Q25;Remaining Q78;0
891621;796;5;2;Remaining Q0;Remaining Q0;Remaining Q25;Remaining Q78;0
891623;924;25;3;Remaining Q0;Remaining Q0;Remaining Q0;Remaining Q78;0
891624;966;78;4;Remaining Q0;Remaining Q0;Remaining Q0;Remaining Q0;0
891626;888;0;0;Remaining Q0;Remaining Q0;Remaining Q0;Remaining Q0;0
892629;533;9;1;Remaining Q0;Remaining Q24;Remaining Q33;Remaining Q139;0
892631;791;24;2;Remaining Q0;Remaining Q0;Remaining Q33;Remaining Q139;0
892632;900;33;3;Remaining Q0;Remaining Q0;Remaining Q0;Remaining Q139;0
892633;934;139;4;Remaining Q0;Remaining Q0;Remaining Q0;Remaining Q0;0
892635;795;0;0;Remaining Q0;Remaining Q0;Remaining Q0;Remaining Q0;0
893629;533;23;1;Remaining Q0;Remaining Q62;Remaining Q81;Remaining Q332;0
893630;777;62;2;Remaining Q0;Remaining Q0;Remaining Q81;Remaining Q332;0
893631;848;81;3;Remaining Q0;Remaining Q0;Remaining Q0;Remaining Q332;0
893632;834;332;4;Remaining Q0;Remaining Q0;Remaining Q0;Remaining Q0;0
893634;502;0;0;Remaining Q0;Remaining Q0;Remaining Q0;Remaining Q0;0
894645;533;6;1;Remaining Q0;Remaining Q11;Remaining Q24;Remaining Q103;0
894647;794;11;2;Remaining Q0;Remaining Q0;Remaining Q24;Remaining Q103;0
894648;916;24;3;Remaining Q0;Remaining Q0;Remaining Q0;Remaining Q103;0
894650;959;103;4;Remaining Q0;Remaining Q0;Remaining Q0;Remaining Q0;0
894651;856;0;0;Remaining Q0;Remaining Q0;Remaining Q0;Remaining Q0;0
895659;788;39;2;Remaining Q0;Remaining Q0;Remaining Q71;Remaining Q316;0
895658;533;12;1;Remaining Q0;Remaining Q39;Remaining Q71;Remaining Q316;0
895660;882;71;3;Remaining Q0;Remaining Q0;Remaining Q0;Remaining Q316;0
895662;562;0;0;Remaining Q0;Remaining Q0;Remaining Q0;Remaining Q0;0
895661;878;316;4;Remaining Q0;Remaining Q0;Remaining Q0;Remaining Q0;0
896671;533;10;1;Remaining Q0;Remaining Q17;Remaining Q38;Remaining Q116;0
896673;790;17;2;Remaining Q0;Remaining Q0;Remaining Q38;Remaining Q116;0
896675;906;38;3;Remaining Q0;Remaining Q0;Remaining Q0;Remaining Q116;0
896676;935;116;4;Remaining Q0;Remaining Q0;Remaining Q0;Remaining Q0;0
896677;819;0;0;Remaining Q0;Remaining Q0;Remaining Q0;Remaining Q0;0
897684;533;22;1;Remaining Q0;Remaining Q47;Remaining Q60;Remaining Q338;0
897686;778;47;2;Remaining Q0;Remaining Q0;Remaining Q60;Remaining Q338;0
897688;864;60;3;Remaining Q0;Remaining Q0;Remaining Q0;Remaining Q338;0
897689;871;338;4;Remaining Q0;Remaining Q0;Remaining Q0;Remaining Q0;0
897691;533;0;0;Remaining Q0;Remaining Q0;Remaining Q0;Remaining Q0;0
898696;533;9;1;Remaining Q0;Remaining Q15;Remaining Q15;Remaining Q86;0
898698;791;15;2;Remaining Q0;Remaining Q0;Remaining Q15;Remaining Q86;0
898700;909;15;3;Remaining Q0;Remaining Q0;Remaining Q0;Remaining Q86;0
898702;961;86;4;Remaining Q0;Remaining Q0;Remaining Q0;Remaining Q0;0
898703;875;0;0;Remaining Q0;Remaining Q0;Remaining Q0;Remaining Q0;0
899698;533;23;1;Remaining Q0;Remaining Q28;Remaining Q49;Remaining Q219;0
899700;777;28;2;Remaining Q0;Remaining Q0;Remaining Q49;Remaining Q219;0
899702;882;49;3;Remaining Q0;Remaining Q0;Remaining Q0;Remaining Q219;0
899704;900;219;4;Remaining Q0;Remaining Q0;Remaining Q0;Remaining Q0;0
899705;681;0;0;Remaining Q0;Remaining Q0;Remaining Q0;Remaining Q0;0
900710;533;11;1;Remaining Q0;Remaining Q25;Remaining Q37;Remaining Q180;0
900712;789;25;2;Remaining Q0;Remaining Q0;Remaining Q37;Remaining Q180;0
900713;897;37;3;Remaining Q0;Remaining Q0;Remaining Q0;Remaining Q180;0
900715;927;180;4;Remaining Q0;Remaining Q0;Remaining Q0;Remaining Q0;0
900716;747;0;0;Remaining Q0;Remaining Q0;Remaining Q0;Remaining Q0;0
901715;533;14;1;Remaining Q0;Remaining Q21;Remaining Q33;Remaining Q121;0
901718;786;21;2;Remaining Q0;Remaining Q0;Remaining Q33;Remaining Q121;0
901720;898;33;3;Remaining Q0;Remaining Q0;Remaining Q0;Remaining Q121;0
901721;932;121;4;Remaining Q0;Remaining Q0;Remaining Q0;Remaining Q0;0
901723;811;0;0;Remaining Q0;Remaining Q0;Remaining Q0;Remaining Q0;0
902730;533;15;1;Remaining Q0;Remaining Q41;Remaining Q70;Remaining Q282;0
902732;785;41;2;Remaining Q0;Remaining Q0;Remaining Q70;Remaining Q282;0
902734;877;70;3;Remaining Q0;Remaining Q0;Remaining Q0;Remaining Q282;0
902736;874;282;4;Remaining Q0;Remaining Q0;Remaining Q0;Remaining Q0;0
902738;592;0;0;Remaining Q0;Remaining Q0;Remaining Q0;Remaining Q0;0
903744;533;12;1;Remaining Q0;Remaining Q20;Remaining Q34;Remaining Q157;0
903746;788;20;2;Remaining Q0;Remaining Q0;Remaining Q34;Remaining Q157;0
903748;901;34;3;Remaining Q0;Remaining Q0;Remaining Q0;Remaining Q157;0
903750;934;157;4;Remaining Q0;Remaining Q0;Remaining Q0;Remaining Q0;0
903752;777;0;0;Remaining Q0;Remaining Q0;Remaining Q0;Remaining Q0;0
904759;533;7;1;Remaining Q0;Remaining Q13;Remaining Q25;Remaining Q107;0
904761;793;13;2;Remaining Q0;Remaining Q0;Remaining Q25;Remaining Q107;0
904763;913;25;3;Remaining Q0;Remaining Q0;Remaining Q0;Remaining Q107;0
904764;955;107;4;Remaining Q0;Remaining Q0;Remaining Q0;Remaining Q0;0
904765;848;0;0;Remaining Q0;Remaining Q0;Remaining Q0;Remaining Q0;0
905771;533;3;1;Remaining Q0;Remaining Q9;Remaining Q14;Remaining Q69;0
905773;797;9;2;Remaining Q0;Remaining Q0;Remaining Q14;Remaining Q69;0
905774;921;14;3;Remaining Q0;Remaining Q0;Remaining Q0;Remaining Q69;0
905776;974;69;4;Remaining Q0;Remaining Q0;Remaining Q0;Remaining Q0;0
905777;905;0;0;Remaining Q0;Remaining Q0;Remaining Q0;Remaining Q0;0
906782;533;10;1;Remaining Q0;Remaining Q30;Remaining Q42;Remaining Q210;0
906784;790;30;2;Remaining Q0;Remaining Q0;Remaining Q42;Remaining Q210;0
906786;893;42;3;Remaining Q0;Remaining Q0;Remaining Q0;Remaining Q210;0
906787;918;210;4;Remaining Q0;Remaining Q0;Remaining Q0;Remaining Q0;0
906789;708;0;0;Remaining Q0;Remaining Q0;Remaining Q0;Remaining Q0;0
907793;533;8;1;Remaining Q0;Remaining Q16;Remaining Q21;Remaining Q87;0
907795;792;16;2;Remaining Q0;Remaining Q0;Remaining Q21;Remaining Q87;0
907796;909;21;3;Remaining Q0;Remaining Q0;Remaining Q0;Remaining Q87;0
907797;955;87;4;Remaining Q0;Remaining Q0;Remaining Q0;Remaining Q0;0
907798;868;0;0;Remaining Q0;Remaining Q0;Remaining Q0;Remaining Q0;0
908797;533;11;1;Remaining Q0;Remaining Q12;Remaining Q29;Remaining Q135;0
908798;789;12;2;Remaining Q0;Remaining Q0;Remaining Q29;Remaining Q135;0
908800;948;135;4;Remaining Q0;Remaining Q0;Remaining Q0;Remaining Q0;0
908799;910;29;3;Remaining Q0;Remaining Q0;Remaining Q0;Remaining Q135;0
908801;813;0;0;Remaining Q0;Remaining Q0;Remaining Q0;Remaining Q0;0
909814;533;2;1;Remaining Q0;Remaining Q7;Remaining Q3;Remaining Q49;0
909816;798;7;2;Remaining Q0;Remaining Q0;Remaining Q3;Remaining Q49;0
909817;924;3;3;Remaining Q0;Remaining Q0;Remaining Q0;Remaining Q49;0
909818;988;49;4;Remaining Q0;Remaining Q0;Remaining Q0;Remaining Q0;0
909820;939;0;0;Remaining Q0;Remaining Q0;Remaining Q0;Remaining Q0;0
910823;533;5;1;Remaining Q0;Remaining Q9;Remaining Q10;Remaining Q76;0
910825;795;9;2;Remaining Q0;Remaining Q0;Remaining Q10;Remaining Q76;0
910826;919;10;3;Remaining Q0;Remaining Q0;Remaining Q0;Remaining Q76;0
910827;976;76;4;Remaining Q0;Remaining Q0;Remaining Q0;Remaining Q0;0
910827;900;0;0;Remaining Q0;Remaining Q0;Remaining Q0;Remaining Q0;0
911837;533;22;1;Remaining Q0;Remaining Q30;Remaining Q40;Remaining Q168;0
911839;778;30;2;Remaining Q0;Remaining Q0;Remaining Q40;Remaining Q168;0
911839;881;40;3;Remaining Q0;Remaining Q0;Remaining Q0;Remaining Q168;0
911841;908;168;4;Remaining Q0;Remaining Q0;Remaining Q0;Remaining Q0;0
911842;740;0;0;Remaining Q0;Remaining Q0;Remaining Q0;Remaining Q0;0
912848;533;5;1;Remaining Q0;Remaining Q13;Remaining Q25;Remaining Q102;0
912850;795;13;2;Remaining Q0;Remaining Q0;Remaining Q25;Remaining Q102;0
912852;915;25;3;Remaining Q0;Remaining Q0;Remaining Q0;Remaining Q102;0
912853;957;102;4;Remaining Q0;Remaining Q0;Remaining Q0;Remaining Q0;0
912855;855;0;0;Remaining Q0;Remaining Q0;Remaining Q0;Remaining Q0;0
913861;533;4;1;Remaining Q0;Remaining Q9;Remaining Q21;Remaining Q99;0
913864;796;13;2;Remaining Q3;Remaining Q0;Remaining Q32;Remaining Q145;0
913865;916;32;3;Remaining Q3;Remaining Q0;Remaining Q0;Remaining Q145;0
913867;951;145;4;Remaining Q3;Remaining Q0;Remaining Q0;Remaining Q0;0
913868;806;0;0;Remaining Q3;Remaining Q0;Remaining Q0;Remaining Q0;0
914873;533;6;1;Remaining Q0;Remaining Q15;Remaining Q10;Remaining Q81;0
914875;794;15;2;Remaining Q0;Remaining Q0;Remaining Q10;Remaining Q81;0
914877;912;10;3;Remaining Q0;Remaining Q0;Remaining Q0;Remaining Q81;0
914879;969;81;4;Remaining Q0;Remaining Q0;Remaining Q0;Remaining Q0;0
914880;888;0;0;Remaining Q0;Remaining Q0;Remaining Q0;Remaining Q0;0
915884;533;5;1;Remaining Q0;Remaining Q8;Remaining Q23;Remaining Q92;0
915887;795;8;2;Remaining Q0;Remaining Q0;Remaining Q23;Remaining Q92;0
915888;920;23;3;Remaining Q0;Remaining Q0;Remaining Q0;Remaining Q92;0
915890;964;92;4;Remaining Q0;Remaining Q0;Remaining Q0;Remaining Q0;0
915891;872;0;0;Remaining Q0;Remaining Q0;Remaining Q0;Remaining Q0;0
916884;533;15;1;Remaining Q0;Remaining Q15;Remaining Q40;Remaining Q146;0
916886;785;15;2;Remaining Q0;Remaining Q0;Remaining Q40;Remaining Q146;0
916888;903;40;3;Remaining Q0;Remaining Q0;Remaining Q0;Remaining Q146;0
916889;930;146;4;Remaining Q0;Remaining Q0;Remaining Q0;Remaining Q0;0
916891;784;0;0;Remaining Q0;Remaining Q0;Remaining Q0;Remaining Q0;0
917891;533;11;1;Remaining Q0;Remaining Q34;Remaining Q35;Remaining Q177;0
917894;789;34;2;Remaining Q0;Remaining Q0;Remaining Q35;Remaining Q177;0
917896;888;53;3;Remaining Q11;Remaining Q10;Remaining Q0;Remaining Q257;0
917897;902;257;4;Remaining Q11;Remaining Q10;Remaining Q0;Remaining Q0;0
917898;645;0;0;Remaining Q11;Remaining Q10;Remaining Q0;Remaining Q0;0
918905;533;23;1;Remaining Q0;Remaining Q52;Remaining Q47;Remaining Q264;0
918907;777;52;2;Remaining Q0;Remaining Q0;Remaining Q47;Remaining Q264;0
918908;858;47;3;Remaining Q0;Remaining Q0;Remaining Q0;Remaining Q264;0
918909;878;264;4;Remaining Q0;Remaining Q0;Remaining Q0;Remaining Q0;0
918911;614;0;0;Remaining Q0;Remaining Q0;Remaining Q0;Remaining Q0;0
919919;533;8;1;Remaining Q0;Remaining Q21;Remaining Q39;Remaining Q173;0
919923;792;31;2;Remaining Q1;Remaining Q0;Remaining Q49;Remaining Q229;0
919925;894;49;3;Remaining Q1;Remaining Q0;Remaining Q0;Remaining Q229;0
919926;912;229;4;Remaining Q1;Remaining Q0;Remaining Q0;Remaining Q0;0
919928;683;0;0;Remaining Q1;Remaining Q0;Remaining Q0;Remaining Q0;0
920924;533;4;1;Remaining Q0;Remaining Q8;Remaining Q9;Remaining Q52;0
920926;921;9;3;Remaining Q0;Remaining Q0;Remaining Q0;Remaining Q52;0
920925;796;8;2;Remaining Q0;Remaining Q0;Remaining Q9;Remaining Q52;0
920927;979;52;4;Remaining Q0;Remaining Q0;Remaining Q0;Remaining Q0;0
920929;927;0;0;Remaining Q0;Remaining Q0;Remaining Q0;Remaining Q0;0
921935;533;7;1;Remaining Q0;Remaining Q21;Remaining Q25;Remaining Q125;0
921937;793;21;2;Remaining Q0;Remaining Q0;Remaining Q25;Remaining Q125;0
921938;905;25;3;Remaining Q0;Remaining Q0;Remaining Q0;Remaining Q125;0
921939;947;125;4;Remaining Q0;Remaining Q0;Remaining Q0;Remaining Q0;0
921941;822;0;0;Remaining Q0;Remaining Q0;Remaining Q0;Remaining Q0;0
922950;533;5;1;Remaining Q0;Remaining Q12;Remaining Q14;Remaining Q84;0
922951;795;12;2;Remaining Q0;Remaining Q0;Remaining Q14;Remaining Q84;0
922952;916;14;3;Remaining Q0;Remaining Q0;Remaining Q0;Remaining Q84;0
922954;969;84;4;Remaining Q0;Remaining Q0;Remaining Q0;Remaining Q0;0
922955;885;0;0;Remaining Q0;Remaining Q0;Remaining Q0;Remaining Q0;0
923960;533;18;1;Remaining Q0;Remaining Q35;Remaining Q58;Remaining Q296;0
923962;782;35;2;Remaining Q0;Remaining Q0;Remaining Q58;Remaining Q296;0
923964;880;58;3;Remaining Q0;Remaining Q0;Remaining Q0;Remaining Q296;0
923965;889;296;4;Remaining Q0;Remaining Q0;Remaining Q0;Remaining Q0;0
923967;593;0;0;Remaining Q0;Remaining Q0;Remaining Q0;Remaining Q0;0
924973;533;18;1;Remaining Q0;Remaining Q32;Remaining Q56;Remaining Q232;0
924974;782;32;2;Remaining Q0;Remaining Q0;Remaining Q56;Remaining Q232;0
924975;883;56;3;Remaining Q0;Remaining Q0;Remaining Q0;Remaining Q232;0
924976;894;232;4;Remaining Q0;Remaining Q0;Remaining Q0;Remaining Q0;0
924978;662;0;0;Remaining Q0;Remaining Q0;Remaining Q0;Remaining Q0;0
925988;533;6;1;Remaining Q0;Remaining Q23;Remaining Q52;Remaining Q205;0
925990;794;23;2;Remaining Q0;Remaining Q0;Remaining Q52;Remaining Q205;0
925991;904;52;3;Remaining Q0;Remaining Q0;Remaining Q0;Remaining Q205;0
925993;919;205;4;Remaining Q0;Remaining Q0;Remaining Q0;Remaining Q0;0
925994;714;0;0;Remaining Q0;Remaining Q0;Remaining Q0;Remaining Q0;0
927002;533;14;1;Remaining Q0;Remaining Q53;Remaining Q65;Remaining Q339;0
927004;786;53;2;Remaining Q0;Remaining Q0;Remaining Q65;Remaining Q339;0
927006;866;65;3;Remaining Q0;Remaining Q0;Remaining Q0;Remaining Q339;0
927008;868;339;4;Remaining Q0;Remaining Q0;Remaining Q0;Remaining Q0;0
927010;529;0;0;Remaining Q0;Remaining Q0;Remaining Q0;Remaining Q0;0
928011;533;16;1;Remaining Q0;Remaining Q38;Remaining Q41;Remaining Q254;0
928012;784;38;2;Remaining Q0;Remaining Q0;Remaining Q41;Remaining Q254;0
928014;879;41;3;Remaining Q0;Remaining Q0;Remaining Q0;Remaining Q254;0
928017;651;0;0;Remaining Q0;Remaining Q0;Remaining Q0;Remaining Q0;0
928015;905;254;4;Remaining Q0;Remaining Q0;Remaining Q0;Remaining Q0;0
929022;533;13;1;Remaining Q0;Remaining Q17;Remaining Q41;Remaining Q176;0
929025;787;17;2;Remaining Q0;Remaining Q0;Remaining Q41;Remaining Q176;0
929027;903;41;3;Remaining Q0;Remaining Q0;Remaining Q0;Remaining Q176;0
929029;929;176;4;Remaining Q0;Remaining Q0;Remaining Q0;Remaining Q0;0
929031;753;0;0;Remaining Q0;Remaining Q0;Remaining Q0;Remaining Q0;0
930032;533;6;1;Remaining Q0;Remaining Q9;Remaining Q18;Remaining Q100;0
930035;794;9;2;Remaining Q0;Remaining Q0;Remaining Q18;Remaining Q100;0
930037;918;18;3;Remaining Q0;Remaining Q0;Remaining Q0;Remaining Q100;0
930038;967;100;4;Remaining Q0;Remaining Q0;Remaining Q0;Remaining Q0;0
930040;867;0;0;Remaining Q0;Remaining Q0;Remaining Q0;Remaining Q0;0
931046;533;26;1;Remaining Q0;Remaining Q72;Remaining Q130;Remaining Q551;0
931048;774;72;2;Remaining Q0;Remaining Q0;Remaining Q130;Remaining Q551;0
931049;835;130;3;Remaining Q0;Remaining Q0;Remaining Q0;Remaining Q551;0
931050;772;551;4;Remaining Q0;Remaining Q0;Remaining Q0;Remaining Q0;0
931052;221;0;0;Remaining Q0;Remaining Q0;Remaining Q0;Remaining Q0;0
932059;533;3;1;Remaining Q0;Remaining Q10;Remaining Q13;Remaining Q75;0
932062;797;10;2;Remaining Q0;Remaining Q0;Remaining Q13;Remaining Q75;0
932064;920;13;3;Remaining Q0;Remaining Q0;Remaining Q0;Remaining Q75;0
932065;974;75;4;Remaining Q0;Remaining Q0;Remaining Q0;Remaining Q0;0
932067;899;0;0;Remaining Q0;Remaining Q0;Remaining Q0;Remaining Q0;0
933070;533;11;1;Remaining Q0;Remaining Q32;Remaining Q39;Remaining Q194;0
933072;789;32;2;Remaining Q0;Remaining Q0;Remaining Q39;Remaining Q194;0
933073;890;39;3;Remaining Q0;Remaining Q0;Remaining Q0;Remaining Q194;0
933075;918;194;4;Remaining Q0;Remaining Q0;Remaining Q0;Remaining Q0;0
933077;724;0;0;Remaining Q0;Remaining Q0;Remaining Q0;Remaining Q0;0
934083;533;13;1;Remaining Q0;Remaining Q30;Remaining Q65;Remaining Q238;0
934085;787;30;2;Remaining Q0;Remaining Q0;Remaining Q65;Remaining Q238;0
934087;890;65;3;Remaining Q0;Remaining Q0;Remaining Q0;Remaining Q238;0
934088;892;238;4;Remaining Q0;Remaining Q0;Remaining Q0;Remaining Q0;0
934089;654;0;0;Remaining Q0;Remaining Q0;Remaining Q0;Remaining Q0;0
935095;533;9;1;Remaining Q0;Remaining Q17;Remaining Q26;Remaining Q116;0
935096;791;17;2;Remaining Q0;Remaining Q0;Remaining Q26;Remaining Q116;0
935098;948;116;4;Remaining Q0;Remaining Q0;Remaining Q0;Remaining Q0;0
935097;907;26;3;Remaining Q0;Remaining Q0;Remaining Q0;Remaining Q116;0
935100;832;0;0;Remaining Q0;Remaining Q0;Remaining Q0;Remaining Q0;0
936110;533;28;1;Remaining Q0;Remaining Q52;Remaining Q103;Remaining Q431;0
936111;772;52;2;Remaining Q0;Remaining Q0;Remaining Q103;Remaining Q431;0
936112;853;103;3;Remaining Q0;Remaining Q0;Remaining Q0;Remaining Q431;0
936114;817;431;4;Remaining Q0;Remaining Q0;Remaining Q0;Remaining Q0;0
936116;386;0;0;Remaining Q0;Remaining Q0;Remaining Q0;Remaining Q0;0
937121;533;4;1;Remaining Q0;Remaining Q18;Remaining Q19;Remaining Q82;0
937123;796;18;2;Remaining Q0;Remaining Q0;Remaining Q19;Remaining Q82;0
937125;911;19;3;Remaining Q0;Remaining Q0;Remaining Q0;Remaining Q82;0
937126;959;82;4;Remaining Q0;Remaining Q0;Remaining Q0;Remaining Q0;0
937127;877;0;0;Remaining Q0;Remaining Q0;Remaining Q0;Remaining Q0;0
938122;533;0;1;Remaining Q0;Remaining Q8;Remaining Q10;Remaining Q57;0
938123;800;8;2;Remaining Q0;Remaining Q0;Remaining Q10;Remaining Q57;0
938125;982;57;4;Remaining Q0;Remaining Q0;Remaining Q0;Remaining Q0;0
938126;925;0;0;Remaining Q0;Remaining Q0;Remaining Q0;Remaining Q0;0
938124;925;10;3;Remaining Q0;Remaining Q0;Remaining Q0;Remaining Q57;0
939133;533;27;1;Remaining Q0;Remaining Q56;Remaining Q76;Remaining Q326;0
939135;773;56;2;Remaining Q0;Remaining Q0;Remaining Q76;Remaining Q326;0
939137;850;76;3;Remaining Q0;Remaining Q0;Remaining Q0;Remaining Q326;0
939139;841;326;4;Remaining Q0;Remaining Q0;Remaining Q0;Remaining Q0;0
939140;515;0;0;Remaining Q0;Remaining Q0;Remaining Q0;Remaining Q0;0
940147;533;16;1;Remaining Q0;Remaining Q34;Remaining Q48;Remaining Q228;0
940150;784;34;2;Remaining Q0;Remaining Q0;Remaining Q48;Remaining Q228;0
940151;883;48;3;Remaining Q0;Remaining Q0;Remaining Q0;Remaining Q228;0
940153;902;228;4;Remaining Q0;Remaining Q0;Remaining Q0;Remaining Q0;0
940155;674;0;0;Remaining Q0;Remaining Q0;Remaining Q0;Remaining Q0;0
941158;533;13;1;Remaining Q0;Remaining Q37;Remaining Q36;Remaining Q177;0
941160;787;37;2;Remaining Q0;Remaining Q0;Remaining Q36;Remaining Q177;0
941161;883;36;3;Remaining Q0;Remaining Q0;Remaining Q0;Remaining Q177;0
941163;914;177;4;Remaining Q0;Remaining Q0;Remaining Q0;Remaining Q0;0
941165;737;0;0;Remaining Q0;Remaining Q0;Remaining Q0;Remaining Q0;0
942167;533;13;1;Remaining Q0;Remaining Q23;Remaining Q41;Remaining Q220;0
942169;787;23;2;Remaining Q0;Remaining Q0;Remaining Q41;Remaining Q220;0
942171;897;41;3;Remaining Q0;Remaining Q0;Remaining Q0;Remaining Q220;0
942173;923;220;4;Remaining Q0;Remaining Q0;Remaining Q0;Remaining Q0;0
942174;703;0;0;Remaining Q0;Remaining Q0;Remaining Q0;Remaining Q0;0
943169;533;7;1;Remaining Q0;Remaining Q24;Remaining Q17;Remaining Q125;0
943171;793;24;2;Remaining Q0;Remaining Q0;Remaining Q17;Remaining Q125;0
943173;902;17;3;Remaining Q0;Remaining Q0;Remaining Q0;Remaining Q125;0
943174;952;125;4;Remaining Q0;Remaining Q0;Remaining Q0;Remaining Q0;0
943175;827;0;0;Remaining Q0;Remaining Q0;Remaining Q0;Remaining Q0;0
944172;533;21;1;Remaining Q0;Remaining Q37;Remaining Q58;Remaining Q306;0
944174;779;37;2;Remaining Q0;Remaining Q0;Remaining Q58;Remaining Q306;0
944176;875;58;3;Remaining Q0;Remaining Q0;Remaining Q0;Remaining Q306;0
944179;884;306;4;Remaining Q0;Remaining Q0;Remaining Q0;Remaining Q0;0
944182;578;0;0;Remaining Q0;Remaining Q0;Remaining Q0;Remaining Q0;0
945181;533;15;1;Remaining Q0;Remaining Q22;Remaining Q33;Remaining Q153;0
945183;785;22;2;Remaining Q0;Remaining Q0;Remaining Q33;Remaining Q153;0
945184;896;33;3;Remaining Q0;Remaining Q0;Remaining Q0;Remaining Q153;0
945185;930;153;4;Remaining Q0;Remaining Q0;Remaining Q0;Remaining Q0;0
945186;777;0;0;Remaining Q0;Remaining Q0;Remaining Q0;Remaining Q0;0
946188;533;9;1;Remaining Q0;Remaining Q24;Remaining Q35;Remaining Q122;0
946190;791;24;2;Remaining Q0;Remaining Q0;Remaining Q35;Remaining Q122;0
946192;900;35;3;Remaining Q0;Remaining Q0;Remaining Q0;Remaining Q122;0
946193;932;122;4;Remaining Q0;Remaining Q0;Remaining Q0;Remaining Q0;0
946195;810;0;0;Remaining Q0;Remaining Q0;Remaining Q0;Remaining Q0;0
947201;533;24;1;Remaining Q0;Remaining Q30;Remaining Q49;Remaining Q284;0
947203;776;30;2;Remaining Q0;Remaining Q0;Remaining Q49;Remaining Q284;0
947204;879;49;3;Remaining Q0;Remaining Q0;Remaining Q0;Remaining Q284;0
947205;897;284;4;Remaining Q0;Remaining Q0;Remaining Q0;Remaining Q0;0
947206;613;0;0;Remaining Q0;Remaining Q0;Remaining Q0;Remaining Q0;0
948215;533;4;1;Remaining Q0;Remaining Q21;Remaining Q30;Remaining Q132;0
948218;796;21;2;Remaining Q0;Remaining Q0;Remaining Q30;Remaining Q132;0
948219;908;30;3;Remaining Q0;Remaining Q0;Remaining Q0;Remaining Q132;0
948221;945;132;4;Remaining Q0;Remaining Q0;Remaining Q0;Remaining Q0;0
948222;813;0;0;Remaining Q0;Remaining Q0;Remaining Q0;Remaining Q0;0
949228;533;9;1;Remaining Q0;Remaining Q28;Remaining Q42;Remaining Q164;0
949229;791;28;2;Remaining Q0;Remaining Q0;Remaining Q42;Remaining Q164;0
949230;896;42;3;Remaining Q0;Remaining Q0;Remaining Q0;Remaining Q164;0
949231;921;164;4;Remaining Q0;Remaining Q0;Remaining Q0;Remaining Q0;0
949232;757;0;0;Remaining Q0;Remaining Q0;Remaining Q0;Remaining Q0;0
950231;533;17;1;Remaining Q0;Remaining Q35;Remaining Q57;Remaining Q298;0
950233;783;35;2;Remaining Q0;Remaining Q0;Remaining Q57;Remaining Q298;0
950235;881;57;3;Remaining Q0;Remaining Q0;Remaining Q0;Remaining Q298;0
950237;891;298;4;Remaining Q0;Remaining Q0;Remaining Q0;Remaining Q0;0
950238;593;0;0;Remaining Q0;Remaining Q0;Remaining Q0;Remaining Q0;0
951233;533;9;1;Remaining Q0;Remaining Q14;Remaining Q27;Remaining Q107;0
951235;791;14;2;Remaining Q0;Remaining Q0;Remaining Q27;Remaining Q107;0
951237;910;27;3;Remaining Q0;Remaining Q0;Remaining Q0;Remaining Q107;0
951238;950;107;4;Remaining Q0;Remaining Q0;Remaining Q0;Remaining Q0;0
951239;843;0;0;Remaining Q0;Remaining Q0;Remaining Q0;Remaining Q0;0
952237;533;17;1;Remaining Q0;Remaining Q26;Remaining Q35;Remaining Q178;0
952239;783;26;2;Remaining Q0;Remaining Q0;Remaining Q35;Remaining Q178;0
952241;890;35;3;Remaining Q0;Remaining Q0;Remaining Q0;Remaining Q178;0
952242;922;178;4;Remaining Q0;Remaining Q0;Remaining Q0;Remaining Q0;0
952244;744;0;0;Remaining Q0;Remaining Q0;Remaining Q0;Remaining Q0;0
953238;533;18;1;Remaining Q0;Remaining Q23;Remaining Q46;Remaining Q184;0
953240;782;23;2;Remaining Q0;Remaining Q0;Remaining Q46;Remaining Q184;0
953242;892;46;3;Remaining Q0;Remaining Q0;Remaining Q0;Remaining Q184;0
953243;913;184;4;Remaining Q0;Remaining Q0;Remaining Q0;Remaining Q0;0
953245;729;0;0;Remaining Q0;Remaining Q0;Remaining Q0;Remaining Q0;0
954240;533;1;1;Remaining Q0;Remaining Q6;Remaining Q11;Remaining Q44;0
954241;799;6;2;Remaining Q0;Remaining Q0;Remaining Q11;Remaining Q44;0
954242;926;11;3;Remaining Q0;Remaining Q0;Remaining Q0;Remaining Q44;0
954243;982;44;4;Remaining Q0;Remaining Q0;Remaining Q0;Remaining Q0;0
954244;938;0;0;Remaining Q0;Remaining Q0;Remaining Q0;Remaining Q0;0
955252;533;12;1;Remaining Q0;Remaining Q25;Remaining Q33;Remaining Q155;0
955253;788;25;2;Remaining Q0;Remaining Q0;Remaining Q33;Remaining Q155;0
955255;896;33;3;Remaining Q0;Remaining Q0;Remaining Q0;Remaining Q155;0
955256;930;155;4;Remaining Q0;Remaining Q0;Remaining Q0;Remaining Q0;0
955258;775;0;0;Remaining Q0;Remaining Q0;Remaining Q0;Remaining Q0;0
956264;533;5;1;Remaining Q0;Remaining Q31;Remaining Q50;Remaining Q238;0
956266;795;31;2;Remaining Q0;Remaining Q0;Remaining Q50;Remaining Q238;0
956269;914;238;4;Remaining Q0;Remaining Q0;Remaining Q0;Remaining Q0;0
956267;897;50;3;Remaining Q0;Remaining Q0;Remaining Q0;Remaining Q238;0
956270;676;0;0;Remaining Q0;Remaining Q0;Remaining Q0;Remaining Q0;0
957277;533;5;1;Remaining Q0;Remaining Q12;Remaining Q33;Remaining Q127;0
957279;795;12;2;Remaining Q0;Remaining Q0;Remaining Q33;Remaining Q127;0
957280;916;33;3;Remaining Q0;Remaining Q0;Remaining Q0;Remaining Q127;0
957282;950;127;4;Remaining Q0;Remaining Q0;Remaining Q0;Remaining Q0;0
957283;823;0;0;Remaining Q0;Remaining Q0;Remaining Q0;Remaining Q0;0
958291;533;11;1;Remaining Q0;Remaining Q22;Remaining Q36;Remaining Q195;0
958293;789;22;2;Remaining Q0;Remaining Q0;Remaining Q36;Remaining Q195;0
958296;900;36;3;Remaining Q0;Remaining Q0;Remaining Q0;Remaining Q195;0
958298;931;195;4;Remaining Q0;Remaining Q0;Remaining Q0;Remaining Q0;0
958299;736;0;0;Remaining Q0;Remaining Q0;Remaining Q0;Remaining Q0;0
959302;533;10;1;Remaining Q0;Remaining Q12;Remaining Q19;Remaining Q110;0
959304;790;12;2;Remaining Q0;Remaining Q0;Remaining Q19;Remaining Q110;0
959306;959;110;4;Remaining Q0;Remaining Q0;Remaining Q0;Remaining Q0;0
959306;911;19;3;Remaining Q0;Remaining Q0;Remaining Q0;Remaining Q110;0
959308;849;0;0;Remaining Q0;Remaining Q0;Remaining Q0;Remaining Q0;0
960313;533;10;1;Remaining Q0;Remaining Q12;Remaining Q23;Remaining Q77;0
960315;790;12;2;Remaining Q0;Remaining Q0;Remaining Q23;Remaining Q77;0
960316;911;23;3;Remaining Q0;Remaining Q0;Remaining Q0;Remaining Q77;0
960318;955;77;4;Remaining Q0;Remaining Q0;Remaining Q0;Remaining Q0;0
960320;878;0;0;Remaining Q0;Remaining Q0;Remaining Q0;Remaining Q0;0
961323;533;11;1;Remaining Q0;Remaining Q23;Remaining Q33;Remaining Q119;0
961324;789;23;2;Remaining Q0;Remaining Q0;Remaining Q33;Remaining Q119;0
961326;899;33;3;Remaining Q0;Remaining Q0;Remaining Q0;Remaining Q119;0
961328;814;0;0;Remaining Q0;Remaining Q0;Remaining Q0;Remaining Q0;0
961327;933;119;4;Remaining Q0;Remaining Q0;Remaining Q0;Remaining Q0;0
962335;533;8;1;Remaining Q0;Remaining Q17;Remaining Q26;Remaining Q104;0
962338;792;17;2;Remaining Q0;Remaining Q0;Remaining Q26;Remaining Q104;0
962340;908;26;3;Remaining Q0;Remaining Q0;Remaining Q0;Remaining Q104;0
962341;949;104;4;Remaining Q0;Remaining Q0;Remaining Q0;Remaining Q0;0
962343;845;0;0;Remaining Q0;Remaining Q0;Remaining Q0;Remaining Q0;0
963344;533;10;1;Remaining Q0;Remaining Q20;Remaining Q32;Remaining Q157;0
963346;790;20;2;Remaining Q0;Remaining Q0;Remaining Q32;Remaining Q157;0
963348;903;32;3;Remaining Q0;Remaining Q0;Remaining Q0;Remaining Q157;0
963349;938;157;4;Remaining Q0;Remaining Q0;Remaining Q0;Remaining Q0;0
963350;781;0;0;Remaining Q0;Remaining Q0;Remaining Q0;Remaining Q0;0
964356;533;6;1;Remaining Q0;Remaining Q14;Remaining Q27;Remaining Q109;0
964357;794;14;2;Remaining Q0;Remaining Q0;Remaining Q27;Remaining Q109;0
964358;913;27;3;Remaining Q0;Remaining Q0;Remaining Q0;Remaining Q109;0
964360;844;0;0;Remaining Q0;Remaining Q0;Remaining Q0;Remaining Q0;0
964359;953;109;4;Remaining Q0;Remaining Q0;Remaining Q0;Remaining Q0;0
965365;533;8;1;Remaining Q0;Remaining Q6;Remaining Q5;Remaining Q42;0
965367;792;6;2;Remaining Q0;Remaining Q0;Remaining Q5;Remaining Q42;0
965369;919;5;3;Remaining Q0;Remaining Q0;Remaining Q0;Remaining Q42;0
965371;981;42;4;Remaining Q0;Remaining Q0;Remaining Q0;Remaining Q0;0
965372;939;0;0;Remaining Q0;Remaining Q0;Remaining Q0;Remaining Q0;0
966375;533;3;1;Remaining Q0;Remaining Q11;Remaining Q13;Remaining Q69;0
966377;797;11;2;Remaining Q0;Remaining Q0;Remaining Q13;Remaining Q69;0
966377;919;13;3;Remaining Q0;Remaining Q0;Remaining Q0;Remaining Q69;0
966379;973;69;4;Remaining Q0;Remaining Q0;Remaining Q0;Remaining Q0;0
966380;904;0;0;Remaining Q0;Remaining Q0;Remaining Q0;Remaining Q0;0
967389;533;8;1;Remaining Q0;Remaining Q13;Remaining Q22;Remaining Q109;0
967390;792;13;2;Remaining Q0;Remaining Q0;Remaining Q22;Remaining Q109;0
967391;912;22;3;Remaining Q0;Remaining Q0;Remaining Q0;Remaining Q109;0
967393;957;109;4;Remaining Q0;Remaining Q0;Remaining Q0;Remaining Q0;0
967394;848;0;0;Remaining Q0;Remaining Q0;Remaining Q0;Remaining Q0;0
968404;533;30;1;Remaining Q0;Remaining Q35;Remaining Q82;Remaining Q301;0
968405;770;35;2;Remaining Q0;Remaining Q0;Remaining Q82;Remaining Q301;0
968407;868;82;3;Remaining Q0;Remaining Q0;Remaining Q0;Remaining Q301;0
968409;853;301;4;Remaining Q0;Remaining Q0;Remaining Q0;Remaining Q0;0
968410;552;0;0;Remaining Q0;Remaining Q0;Remaining Q0;Remaining Q0;0
969412;533;4;1;Remaining Q0;Remaining Q13;Remaining Q22;Remaining Q93;0
969413;796;13;2;Remaining Q0;Remaining Q0;Remaining Q22;Remaining Q93;0
969414;916;22;3;Remaining Q0;Remaining Q0;Remaining Q0;Remaining Q93;0
969416;961;93;4;Remaining Q0;Remaining Q0;Remaining Q0;Remaining Q0;0
969416;868;0;0;Remaining Q0;Remaining Q0;Remaining Q0;Remaining Q0;0
970414;533;11;1;Remaining Q0;Remaining Q18;Remaining Q26;Remaining Q119;0
970419;789;30;2;Remaining Q6;Remaining Q0;Remaining Q49;Remaining Q248;0
970420;892;49;3;Remaining Q6;Remaining Q0;Remaining Q0;Remaining Q248;0
970422;910;248;4;Remaining Q6;Remaining Q0;Remaining Q0;Remaining Q0;0
970424;662;0;0;Remaining Q6;Remaining Q0;Remaining Q0;Remaining Q0;0
971430;533;11;1;Remaining Q0;Remaining Q12;Remaining Q22;Remaining Q113;0
971432;789;12;2;Remaining Q0;Remaining Q0;Remaining Q22;Remaining Q113;0
971433;910;22;3;Remaining Q0;Remaining Q0;Remaining Q0;Remaining Q113;0
971435;955;113;4;Remaining Q0;Remaining Q0;Remaining Q0;Remaining Q0;0
971436;842;0;0;Remaining Q0;Remaining Q0;Remaining Q0;Remaining Q0;0
972445;533;11;1;Remaining Q0;Remaining Q47;Remaining Q51;Remaining Q231;0
972447;789;47;2;Remaining Q0;Remaining Q0;Remaining Q51;Remaining Q231;0
972449;875;51;3;Remaining Q0;Remaining Q0;Remaining Q0;Remaining Q231;0
972450;891;231;4;Remaining Q0;Remaining Q0;Remaining Q0;Remaining Q0;0
972451;660;0;0;Remaining Q0;Remaining Q0;Remaining Q0;Remaining Q0;0
973456;533;2;1;Remaining Q0;Remaining Q9;Remaining Q16;Remaining Q77;0
973458;798;9;2;Remaining Q0;Remaining Q0;Remaining Q16;Remaining Q77;0
973459;922;16;3;Remaining Q0;Remaining Q0;Remaining Q0;Remaining Q77;0
973461;973;77;4;Remaining Q0;Remaining Q0;Remaining Q0;Remaining Q0;0
973463;896;0;0;Remaining Q0;Remaining Q0;Remaining Q0;Remaining Q0;0
974462;533;5;1;Remaining Q0;Remaining Q14;Remaining Q29;Remaining Q128;0
974465;795;34;2;Remaining Q10;Remaining Q0;Remaining Q54;Remaining Q231;0
974466;894;54;3;Remaining Q10;Remaining Q0;Remaining Q0;Remaining Q231;0
974468;907;231;4;Remaining Q10;Remaining Q0;Remaining Q0;Remaining Q0;0
974470;676;0;0;Remaining Q10;Remaining Q0;Remaining Q0;Remaining Q0;0
975471;533;13;1;Remaining Q0;Remaining Q12;Remaining Q18;Remaining Q94;0
975473;787;12;2;Remaining Q0;Remaining Q0;Remaining Q18;Remaining Q94;0
975475;908;18;3;Remaining Q0;Remaining Q0;Remaining Q0;Remaining Q94;0
975477;957;94;4;Remaining Q0;Remaining Q0;Remaining Q0;Remaining Q0;0
975478;863;0;0;Remaining Q0;Remaining Q0;Remaining Q0;Remaining Q0;0
976474;533;12;1;Remaining Q0;Remaining Q27;Remaining Q54;Remaining Q219;0
976477;788;27;2;Remaining Q0;Remaining Q0;Remaining Q54;Remaining Q219;0
976478;894;54;3;Remaining Q0;Remaining Q0;Remaining Q0;Remaining Q219;0
976480;907;219;4;Remaining Q0;Remaining Q0;Remaining Q0;Remaining Q0;0
976481;688;0;0;Remaining Q0;Remaining Q0;Remaining Q0;Remaining Q0;0
977478;533;11;1;Remaining Q0;Remaining Q19;Remaining Q36;Remaining Q182;0
977480;789;19;2;Remaining Q0;Remaining Q0;Remaining Q36;Remaining Q182;0
977482;903;36;3;Remaining Q0;Remaining Q0;Remaining Q0;Remaining Q182;0
977483;934;182;4;Remaining Q0;Remaining Q0;Remaining Q0;Remaining Q0;0
977485;752;0;0;Remaining Q0;Remaining Q0;Remaining Q0;Remaining Q0;0
978481;533;14;1;Remaining Q0;Remaining Q13;Remaining Q17;Remaining Q101;0
978483;786;13;2;Remaining Q0;Remaining Q0;Remaining Q17;Remaining Q101;0
978485;906;17;3;Remaining Q0;Remaining Q0;Remaining Q0;Remaining Q101;0
978486;956;101;4;Remaining Q0;Remaining Q0;Remaining Q0;Remaining Q0;0
978488;855;0;0;Remaining Q0;Remaining Q0;Remaining Q0;Remaining Q0;0
979483;533;24;1;Remaining Q0;Remaining Q30;Remaining Q60;Remaining Q328;0
979486;776;30;2;Remaining Q0;Remaining Q0;Remaining Q60;Remaining Q328;0
979488;879;60;3;Remaining Q0;Remaining Q0;Remaining Q0;Remaining Q328;0
979489;886;328;4;Remaining Q0;Remaining Q0;Remaining Q0;Remaining Q0;0
979490;558;0;0;Remaining Q0;Remaining Q0;Remaining Q0;Remaining Q0;0
980496;533;15;1;Remaining Q0;Remaining Q33;Remaining Q39;Remaining Q232;0
980500;885;39;3;Remaining Q0;Remaining Q0;Remaining Q0;Remaining Q232;0
980498;785;33;2;Remaining Q0;Remaining Q0;Remaining Q39;Remaining Q232;0
980502;913;232;4;Remaining Q0;Remaining Q0;Remaining Q0;Remaining Q0;0
980505;681;0;0;Remaining Q0;Remaining Q0;Remaining Q0;Remaining Q0;0
981503;533;5;1;Remaining Q0;Remaining Q14;Remaining Q12;Remaining Q67;0
981504;795;14;2;Remaining Q0;Remaining Q0;Remaining Q12;Remaining Q67;0
981505;914;12;3;Remaining Q0;Remaining Q0;Remaining Q0;Remaining Q67;0
981507;969;67;4;Remaining Q0;Remaining Q0;Remaining Q0;Remaining Q0;0
981509;902;0;0;Remaining Q0;Remaining Q0;Remaining Q0;Remaining Q0;0
982518;533;8;1;Remaining Q0;Remaining Q35;Remaining Q36;Remaining Q185;0
982520;792;35;2;Remaining Q0;Remaining Q0;Remaining Q36;Remaining Q185;0
982521;890;36;3;Remaining Q0;Remaining Q0;Remaining Q0;Remaining Q185;0
982522;921;185;4;Remaining Q0;Remaining Q0;Remaining Q0;Remaining Q0;0
982524;736;0;0;Remaining Q0;Remaining Q0;Remaining Q0;Remaining Q0;0
983520;533;14;1;Remaining Q0;Remaining Q34;Remaining Q46;Remaining Q252;0
983522;786;34;2;Remaining Q0;Remaining Q0;Remaining Q46;Remaining Q252;0
983523;885;46;3;Remaining Q0;Remaining Q0;Remaining Q0;Remaining Q252;0
983525;906;252;4;Remaining Q0;Remaining Q0;Remaining Q0;Remaining Q0;0
983527;654;0;0;Remaining Q0;Remaining Q0;Remaining Q0;Remaining Q0;0
984527;533;19;1;Remaining Q0;Remaining Q39;Remaining Q37;Remaining Q236;0
984528;781;39;2;Remaining Q0;Remaining Q0;Remaining Q37;Remaining Q236;0
984531;875;37;3;Remaining Q0;Remaining Q0;Remaining Q0;Remaining Q236;0
984532;905;236;4;Remaining Q0;Remaining Q0;Remaining Q0;Remaining Q0;0
984535;669;0;0;Remaining Q0;Remaining Q0;Remaining Q0;Remaining Q0;0
985530;533;19;1;Remaining Q0;Remaining Q47;Remaining Q59;Remaining Q322;0
985532;781;47;2;Remaining Q0;Remaining Q0;Remaining Q59;Remaining Q322;0
985533;867;59;3;Remaining Q0;Remaining Q0;Remaining Q0;Remaining Q322;0
985535;875;322;4;Remaining Q0;Remaining Q0;Remaining Q0;Remaining Q0;0
985537;553;0;0;Remaining Q0;Remaining Q0;Remaining Q0;Remaining Q0;0
986542;533;20;1;Remaining Q0;Remaining Q50;Remaining Q70;Remaining Q288;0
986544;780;50;2;Remaining Q0;Remaining Q0;Remaining Q70;Remaining Q288;0
986546;863;70;3;Remaining Q0;Remaining Q0;Remaining Q0;Remaining Q288;0
986547;860;288;4;Remaining Q0;Remaining Q0;Remaining Q0;Remaining Q0;0
986549;572;0;0;Remaining Q0;Remaining Q0;Remaining Q0;Remaining Q0;0
987555;533;18;1;Remaining Q0;Remaining Q31;Remaining Q54;Remaining Q205;0
987556;782;31;2;Remaining Q0;Remaining Q0;Remaining Q54;Remaining Q205;0
987557;884;54;3;Remaining Q0;Remaining Q0;Remaining Q0;Remaining Q205;0
987558;897;205;4;Remaining Q0;Remaining Q0;Remaining Q0;Remaining Q0;0
987559;692;0;0;Remaining Q0;Remaining Q0;Remaining Q0;Remaining Q0;0
988557;533;2;1;Remaining Q0;Remaining Q7;Remaining Q16;Remaining Q49;0
988558;798;7;2;Remaining Q0;Remaining Q0;Remaining Q16;Remaining Q49;0
988559;924;16;3;Remaining Q0;Remaining Q0;Remaining Q0;Remaining Q49;0
988561;926;0;0;Remaining Q0;Remaining Q0;Remaining Q0;Remaining Q0;0
988560;975;49;4;Remaining Q0;Remaining Q0;Remaining Q0;Remaining Q0;0
989561;533;5;1;Remaining Q0;Remaining Q20;Remaining Q37;Remaining Q111;0
989562;795;20;2;Remaining Q0;Remaining Q0;Remaining Q37;Remaining Q111;0
989563;908;37;3;Remaining Q0;Remaining Q0;Remaining Q0;Remaining Q111;0
989564;938;111;4;Remaining Q0;Remaining Q0;Remaining Q0;Remaining Q0;0
989566;827;0;0;Remaining Q0;Remaining Q0;Remaining Q0;Remaining Q0;0
990574;533;8;1;Remaining Q0;Remaining Q15;Remaining Q27;Remaining Q123;0
990575;792;15;2;Remaining Q0;Remaining Q0;Remaining Q27;Remaining Q123;0
990577;910;27;3;Remaining Q0;Remaining Q0;Remaining Q0;Remaining Q123;0
990579;950;123;4;Remaining Q0;Remaining Q0;Remaining Q0;Remaining Q0;0
990580;827;0;0;Remaining Q0;Remaining Q0;Remaining Q0;Remaining Q0;0
991574;533;10;1;Remaining Q0;Remaining Q13;Remaining Q34;Remaining Q141;0
991576;790;13;2;Remaining Q0;Remaining Q0;Remaining Q34;Remaining Q141;0
991577;910;34;3;Remaining Q0;Remaining Q0;Remaining Q0;Remaining Q141;0
991578;943;141;4;Remaining Q0;Remaining Q0;Remaining Q0;Remaining Q0;0
991580;802;0;0;Remaining Q0;Remaining Q0;Remaining Q0;Remaining Q0;0
992588;533;3;1;Remaining Q0;Remaining Q9;Remaining Q7;Remaining Q68;0
992589;797;9;2;Remaining Q0;Remaining Q0;Remaining Q7;Remaining Q68;0
992590;921;7;3;Remaining Q0;Remaining Q0;Remaining Q0;Remaining Q68;0
992592;981;68;4;Remaining Q0;Remaining Q0;Remaining Q0;Remaining Q0;0
992593;913;0;0;Remaining Q0;Remaining Q0;Remaining Q0;Remaining Q0;0
993589;533;18;1;Remaining Q0;Remaining Q40;Remaining Q68;Remaining Q315;0
993591;782;40;2;Remaining Q0;Remaining Q0;Remaining Q68;Remaining Q315;0
993592;875;68;3;Remaining Q0;Remaining Q0;Remaining Q0;Remaining Q315;0
993593;874;315;4;Remaining Q0;Remaining Q0;Remaining Q0;Remaining Q0;0
993595;559;0;0;Remaining Q0;Remaining Q0;Remaining Q0;Remaining Q0;0
994602;533;15;1;Remaining Q0;Remaining Q20;Remaining Q30;Remaining Q164;0
994605;785;20;2;Remaining Q0;Remaining Q0;Remaining Q30;Remaining Q164;0
994606;898;30;3;Remaining Q0;Remaining Q0;Remaining Q0;Remaining Q164;0
994608;935;164;4;Remaining Q0;Remaining Q0;Remaining Q0;Remaining Q0;0
994609;771;0;0;Remaining Q0;Remaining Q0;Remaining Q0;Remaining Q0;0
995616;533;5;1;Remaining Q0;Remaining Q15;Remaining Q15;Remaining Q75;0
995619;795;15;2;Remaining Q0;Remaining Q0;Remaining Q15;Remaining Q75;0
995620;913;15;3;Remaining Q0;Remaining Q0;Remaining Q0;Remaining Q75;0
995622;965;75;4;Remaining Q0;Remaining Q0;Remaining Q0;Remaining Q0;0
995623;890;0;0;Remaining Q0;Remaining Q0;Remaining Q0;Remaining Q0;0
996632;533;8;1;Remaining Q0;Remaining Q34;Remaining Q46;Remaining Q184;0
996635;792;34;2;Remaining Q0;Remaining Q0;Remaining Q46;Remaining Q184;0
996637;891;46;3;Remaining Q0;Remaining Q0;Remaining Q0;Remaining Q184;0
996639;912;184;4;Remaining Q0;Remaining Q0;Remaining Q0;Remaining Q0;0
996642;728;0;0;Remaining Q0;Remaining Q0;Remaining Q0;Remaining Q0;0
997637;533;17;1;Remaining Q0;Remaining Q27;Remaining Q39;Remaining Q192;0
997638;783;27;2;Remaining Q0;Remaining Q0;Remaining Q39;Remaining Q192;0
997639;889;39;3;Remaining Q0;Remaining Q0;Remaining Q0;Remaining Q192;0
997641;917;192;4;Remaining Q0;Remaining Q0;Remaining Q0;Remaining Q0;0
997642;725;0;0;Remaining Q0;Remaining Q0;Remaining Q0;Remaining Q0;0
998648;533;28;1;Remaining Q0;Remaining Q40;Remaining Q72;Remaining Q282;0
998650;772;40;2;Remaining Q0;Remaining Q0;Remaining Q72;Remaining Q282;0
998652;865;72;3;Remaining Q0;Remaining Q0;Remaining Q0;Remaining Q282;0
998654;860;282;4;Remaining Q0;Remaining Q0;Remaining Q0;Remaining Q0;0
998655;578;0;0;Remaining Q0;Remaining Q0;Remaining Q0;Remaining Q0;0
999653;533;16;1;Remaining Q0;Remaining Q25;Remaining Q33;Remaining Q159;0
999654;784;25;2;Remaining Q0;Remaining Q0;Remaining Q33;Remaining Q159;0
999655;892;33;3;Remaining Q0;Remaining Q0;Remaining Q0;Remaining Q159;0
999656;926;159;4;Remaining Q0;Remaining Q0;Remaining Q0;Remaining Q0;0
999658;767;0;0;Remaining Q0;Remaining Q0;Remaining Q0;Remaining Q0;0
1000664;533;7;1;Remaining Q0;Remaining Q17;Remaining Q19;Remaining Q100;0
1000666;793;17;2;Remaining Q0;Remaining Q0;Remaining Q19;Remaining Q100;0
1000669;909;19;3;Remaining Q0;Remaining Q0;Remaining Q0;Remaining Q100;0
1000670;957;100;4;Remaining Q0;Remaining Q0;Remaining Q0;Remaining Q0;0
1000672;857;0;0;Remaining Q0;Remaining Q0;Remaining Q0;Remaining Q0;0
1001678;533;19;1;Remaining Q0;Remaining Q33;Remaining Q71;Remaining Q299;0
1001681;881;71;3;Remaining Q0;Remaining Q0;Remaining Q0;Remaining Q299;0
1001680;781;33;2;Remaining Q0;Remaining Q0;Remaining Q71;Remaining Q299;0
1001682;877;299;4;Remaining Q0;Remaining Q0;Remaining Q0;Remaining Q0;0
1001683;578;0;0;Remaining Q0;Remaining Q0;Remaining Q0;Remaining Q0;0
1002690;533;19;1;Remaining Q0;Remaining Q36;Remaining Q59;Remaining Q210;0
1002691;781;36;2;Remaining Q0;Remaining Q0;Remaining Q59;Remaining Q210;0
1002692;878;59;3;Remaining Q0;Remaining Q0;Remaining Q0;Remaining Q210;0
1002693;886;210;4;Remaining Q0;Remaining Q0;Remaining Q0;Remaining Q0;0
1002695;676;0;0;Remaining Q0;Remaining Q0;Remaining Q0;Remaining Q0;0
1003702;533;8;1;Remaining Q0;Remaining Q14;Remaining Q20;Remaining Q96;0
1003704;792;14;2;Remaining Q0;Remaining Q0;Remaining Q20;Remaining Q96;0
1003705;911;20;3;Remaining Q0;Remaining Q0;Remaining Q0;Remaining Q96;0
1003706;958;96;4;Remaining Q0;Remaining Q0;Remaining Q0;Remaining Q0;0
1003707;862;0;0;Remaining Q0;Remaining Q0;Remaining Q0;Remaining Q0;0
1004702;533;4;1;Remaining Q0;Remaining Q8;Remaining Q15;Remaining Q65;0
1004704;796;8;2;Remaining Q0;Remaining Q0;Remaining Q15;Remaining Q65;0
1004705;921;15;3;Remaining Q0;Remaining Q0;Remaining Q0;Remaining Q65;0
1004706;973;65;4;Remaining Q0;Remaining Q0;Remaining Q0;Remaining Q0;0
1004708;908;0;0;Remaining Q0;Remaining Q0;Remaining Q0;Remaining Q0;0
1005703;533;29;1;Remaining Q0;Remaining Q42;Remaining Q77;Remaining Q376;0
1005704;771;42;2;Remaining Q0;Remaining Q0;Remaining Q77;Remaining Q376;0
1005705;862;77;3;Remaining Q0;Remaining Q0;Remaining Q0;Remaining Q376;0
1005706;852;376;4;Remaining Q0;Remaining Q0;Remaining Q0;Remaining Q0;0
1005708;476;0;0;Remaining Q0;Remaining Q0;Remaining Q0;Remaining Q0;0
1006704;533;3;1;Remaining Q0;Remaining Q7;Remaining Q18;Remaining Q73;0
1006706;797;7;2;Remaining Q0;Remaining Q0;Remaining Q18;Remaining Q73;0
1006708;923;18;3;Remaining Q0;Remaining Q0;Remaining Q0;Remaining Q73;0
1006709;972;73;4;Remaining Q0;Remaining Q0;Remaining Q0;Remaining Q0;0
1006710;899;0;0;Remaining Q0;Remaining Q0;Remaining Q0;Remaining Q0;0
1007716;533;12;1;Remaining Q0;Remaining Q21;Remaining Q30;Remaining Q121;0
1007718;788;21;2;Remaining Q0;Remaining Q0;Remaining Q30;Remaining Q121;0
1007720;900;30;3;Remaining Q0;Remaining Q0;Remaining Q0;Remaining Q121;0
1007721;937;121;4;Remaining Q0;Remaining Q0;Remaining Q0;Remaining Q0;0
1007723;816;0;0;Remaining Q0;Remaining Q0;Remaining Q0;Remaining Q0;0
1008717;533;16;1;Remaining Q0;Remaining Q48;Remaining Q72;Remaining Q303;0
1008719;784;48;2;Remaining Q0;Remaining Q0;Remaining Q72;Remaining Q303;0
1008721;869;72;3;Remaining Q0;Remaining Q0;Remaining Q0;Remaining Q303;0
1008722;864;303;4;Remaining Q0;Remaining Q0;Remaining Q0;Remaining Q0;0
1008724;561;0;0;Remaining Q0;Remaining Q0;Remaining Q0;Remaining Q0;0
1009734;793;15;2;Remaining Q0;Remaining Q0;Remaining Q22;Remaining Q108;0
1009737;956;108;4;Remaining Q0;Remaining Q0;Remaining Q0;Remaining Q0;0
1009731;533;7;1;Remaining Q0;Remaining Q15;Remaining Q22;Remaining Q108;0
1009736;911;22;3;Remaining Q0;Remaining Q0;Remaining Q0;Remaining Q108;0
1009738;848;0;0;Remaining Q0;Remaining Q0;Remaining Q0;Remaining Q0;0
1010743;533;16;1;Remaining Q0;Remaining Q39;Remaining Q43;Remaining Q203;0
1010745;784;39;2;Remaining Q0;Remaining Q0;Remaining Q43;Remaining Q203;0
1010746;878;43;3;Remaining Q0;Remaining Q0;Remaining Q0;Remaining Q203;0
1010748;902;203;4;Remaining Q0;Remaining Q0;Remaining Q0;Remaining Q0;0
1010749;699;0;0;Remaining Q0;Remaining Q0;Remaining Q0;Remaining Q0;0
1011744;533;7;1;Remaining Q0;Remaining Q22;Remaining Q26;Remaining Q135;0
1011746;793;22;2;Remaining Q0;Remaining Q0;Remaining Q26;Remaining Q135;0
1011747;904;26;3;Remaining Q0;Remaining Q0;Remaining Q0;Remaining Q135;0
1011748;945;135;4;Remaining Q0;Remaining Q0;Remaining Q0;Remaining Q0;0
1011749;810;0;0;Remaining Q0;Remaining Q0;Remaining Q0;Remaining Q0;0
1012755;533;13;1;Remaining Q0;Remaining Q44;Remaining Q68;Remaining Q311;0
1012757;787;44;2;Remaining Q0;Remaining Q0;Remaining Q68;Remaining Q311;0
1012758;875;311;4;Remaining Q0;Remaining Q0;Remaining Q0;Remaining Q0;0
1012758;876;68;3;Remaining Q0;Remaining Q0;Remaining Q0;Remaining Q311;0
1012759;564;0;0;Remaining Q0;Remaining Q0;Remaining Q0;Remaining Q0;0
1013770;533;24;1;Remaining Q0;Remaining Q42;Remaining Q61;Remaining Q264;0
1013771;776;42;2;Remaining Q0;Remaining Q0;Remaining Q61;Remaining Q264;0
1013772;867;61;3;Remaining Q0;Remaining Q0;Remaining Q0;Remaining Q264;0
1013773;873;264;4;Remaining Q0;Remaining Q0;Remaining Q0;Remaining Q0;0
1013774;609;0;0;Remaining Q0;Remaining Q0;Remaining Q0;Remaining Q0;0
1014785;533;5;1;Remaining Q0;Remaining Q6;Remaining Q13;Remaining Q58;0
1014786;795;6;2;Remaining Q0;Remaining Q0;Remaining Q13;Remaining Q58;0
1014787;922;13;3;Remaining Q0;Remaining Q0;Remaining Q0;Remaining Q58;0
1014789;976;58;4;Remaining Q0;Remaining Q0;Remaining Q0;Remaining Q0;0
1014790;918;0;0;Remaining Q0;Remaining Q0;Remaining Q0;Remaining Q0;0
1015787;533;8;1;Remaining Q0;Remaining Q20;Remaining Q15;Remaining Q97;0
1015788;792;20;2;Remaining Q0;Remaining Q0;Remaining Q15;Remaining Q97;0
1015790;905;15;3;Remaining Q0;Remaining Q0;Remaining Q0;Remaining Q97;0
1015792;957;97;4;Remaining Q0;Remaining Q0;Remaining Q0;Remaining Q0;0
1015793;860;0;0;Remaining Q0;Remaining Q0;Remaining Q0;Remaining Q0;0
1016799;533;8;1;Remaining Q0;Remaining Q30;Remaining Q38;Remaining Q189;0
1016801;792;30;2;Remaining Q0;Remaining Q0;Remaining Q38;Remaining Q189;0
1016802;895;38;3;Remaining Q0;Remaining Q0;Remaining Q0;Remaining Q189;0
1016804;924;189;4;Remaining Q0;Remaining Q0;Remaining Q0;Remaining Q0;0
1016805;735;0;0;Remaining Q0;Remaining Q0;Remaining Q0;Remaining Q0;0
1017803;533;10;1;Remaining Q0;Remaining Q30;Remaining Q61;Remaining Q211;0
1017805;790;30;2;Remaining Q0;Remaining Q0;Remaining Q61;Remaining Q211;0
1017807;893;61;3;Remaining Q0;Remaining Q0;Remaining Q0;Remaining Q211;0
1017809;899;211;4;Remaining Q0;Remaining Q0;Remaining Q0;Remaining Q0;0
1017811;688;0;0;Remaining Q0;Remaining Q0;Remaining Q0;Remaining Q0;0
1018813;533;13;1;Remaining Q0;Remaining Q14;Remaining Q26;Remaining Q109;0
1018814;787;14;2;Remaining Q0;Remaining Q0;Remaining Q26;Remaining Q109;0
1018815;906;26;3;Remaining Q0;Remaining Q0;Remaining Q0;Remaining Q109;0
1018816;947;109;4;Remaining Q0;Remaining Q0;Remaining Q0;Remaining Q0;0
1018818;838;0;0;Remaining Q0;Remaining Q0;Remaining Q0;Remaining Q0;0
1019822;533;14;1;Remaining Q0;Remaining Q40;Remaining Q37;Remaining Q198;0
1019824;786;40;2;Remaining Q0;Remaining Q0;Remaining Q37;Remaining Q198;0
1019825;879;37;3;Remaining Q0;Remaining Q0;Remaining Q0;Remaining Q198;0
1019826;909;198;4;Remaining Q0;Remaining Q0;Remaining Q0;Remaining Q0;0
1019828;711;0;0;Remaining Q0;Remaining Q0;Remaining Q0;Remaining Q0;0
1020837;533;13;1;Remaining Q0;Remaining Q32;Remaining Q42;Remaining Q183;0
1020838;787;32;2;Remaining Q0;Remaining Q0;Remaining Q42;Remaining Q183;0
1020839;888;42;3;Remaining Q0;Remaining Q0;Remaining Q0;Remaining Q183;0
1020841;913;183;4;Remaining Q0;Remaining Q0;Remaining Q0;Remaining Q0;0
1020842;730;0;0;Remaining Q0;Remaining Q0;Remaining Q0;Remaining Q0;0
1021852;533;20;1;Remaining Q0;Remaining Q35;Remaining Q38;Remaining Q215;0
1021854;780;35;2;Remaining Q0;Remaining Q0;Remaining Q38;Remaining Q215;0
1021855;878;38;3;Remaining Q0;Remaining Q0;Remaining Q0;Remaining Q215;0
1021856;907;215;4;Remaining Q0;Remaining Q0;Remaining Q0;Remaining Q0;0
1021858;692;0;0;Remaining Q0;Remaining Q0;Remaining Q0;Remaining Q0;0
1022865;533;9;1;Remaining Q0;Remaining Q17;Remaining Q30;Remaining Q118;0
1022866;791;17;2;Remaining Q0;Remaining Q0;Remaining Q30;Remaining Q118;0
1022867;907;30;3;Remaining Q0;Remaining Q0;Remaining Q0;Remaining Q118;0
1022872;944;118;4;Remaining Q0;Remaining Q0;Remaining Q0;Remaining Q0;0
1022874;826;0;0;Remaining Q0;Remaining Q0;Remaining Q0;Remaining Q0;0
1023879;533;13;1;Remaining Q0;Remaining Q30;Remaining Q49;Remaining Q221;0
1023881;787;30;2;Remaining Q0;Remaining Q0;Remaining Q49;Remaining Q221;0
1023883;890;49;3;Remaining Q0;Remaining Q0;Remaining Q0;Remaining Q221;0
1023884;908;221;4;Remaining Q0;Remaining Q0;Remaining Q0;Remaining Q0;0
1023887;687;0;0;Remaining Q0;Remaining Q0;Remaining Q0;Remaining Q0;0
1024893;533;10;1;Remaining Q0;Remaining Q16;Remaining Q22;Remaining Q94;0
1024895;790;16;2;Remaining Q0;Remaining Q0;Remaining Q22;Remaining Q94;0
1024897;907;22;3;Remaining Q0;Remaining Q0;Remaining Q0;Remaining Q94;0
1024898;952;94;4;Remaining Q0;Remaining Q0;Remaining Q0;Remaining Q0;0
1024899;858;0;0;Remaining Q0;Remaining Q0;Remaining Q0;Remaining Q0;0
1025906;533;5;1;Remaining Q0;Remaining Q13;Remaining Q24;Remaining Q100;0
1025908;795;13;2;Remaining Q0;Remaining Q0;Remaining Q24;Remaining Q100;0
1025909;915;24;3;Remaining Q0;Remaining Q0;Remaining Q0;Remaining Q100;0
1025910;958;100;4;Remaining Q0;Remaining Q0;Remaining Q0;Remaining Q0;0
1025911;858;0;0;Remaining Q0;Remaining Q0;Remaining Q0;Remaining Q0;0
1026919;533;13;1;Remaining Q0;Remaining Q28;Remaining Q14;Remaining Q138;0
1026921;787;28;2;Remaining Q0;Remaining Q0;Remaining Q14;Remaining Q138;0
1026924;945;138;4;Remaining Q0;Remaining Q0;Remaining Q0;Remaining Q0;0
1026923;892;14;3;Remaining Q0;Remaining Q0;Remaining Q0;Remaining Q138;0
1026925;807;0;0;Remaining Q0;Remaining Q0;Remaining Q0;Remaining Q0;0
1027931;533;6;1;Remaining Q0;Remaining Q12;Remaining Q18;Remaining Q91;0
1027933;794;12;2;Remaining Q0;Remaining Q0;Remaining Q18;Remaining Q91;0
1027935;915;18;3;Remaining Q0;Remaining Q0;Remaining Q0;Remaining Q91;0
1027936;964;91;4;Remaining Q0;Remaining Q0;Remaining Q0;Remaining Q0;0
1027937;873;0;0;Remaining Q0;Remaining Q0;Remaining Q0;Remaining Q0;0
1028932;533;16;1;Remaining Q0;Remaining Q40;Remaining Q42;Remaining Q193;0
1028934;784;40;2;Remaining Q0;Remaining Q0;Remaining Q42;Remaining Q193;0
1028936;877;42;3;Remaining Q0;Remaining Q0;Remaining Q0;Remaining Q193;0
1028938;902;193;4;Remaining Q0;Remaining Q0;Remaining Q0;Remaining Q0;0
1028939;709;0;0;Remaining Q0;Remaining Q0;Remaining Q0;Remaining Q0;0
1029945;533;7;1;Remaining Q0;Remaining Q7;Remaining Q14;Remaining Q83;0
1029947;793;7;2;Remaining Q0;Remaining Q0;Remaining Q14;Remaining Q83;0
1029949;919;14;3;Remaining Q0;Remaining Q0;Remaining Q0;Remaining Q83;0
1029950;972;83;4;Remaining Q0;Remaining Q0;Remaining Q0;Remaining Q0;0
1029952;889;0;0;Remaining Q0;Remaining Q0;Remaining Q0;Remaining Q0;0
1030959;533;20;1;Remaining Q0;Remaining Q38;Remaining Q71;Remaining Q319;0
1030960;780;38;2;Remaining Q0;Remaining Q0;Remaining Q71;Remaining Q319;0
1030960;875;71;3;Remaining Q0;Remaining Q0;Remaining Q0;Remaining Q319;0
1030961;871;319;4;Remaining Q0;Remaining Q0;Remaining Q0;Remaining Q0;0
1030962;552;0;0;Remaining Q0;Remaining Q0;Remaining Q0;Remaining Q0;0
1031975;533;15;1;Remaining Q0;Remaining Q29;Remaining Q36;Remaining Q153;0
1031978;785;29;2;Remaining Q0;Remaining Q0;Remaining Q36;Remaining Q153;0
1031980;889;36;3;Remaining Q0;Remaining Q0;Remaining Q0;Remaining Q153;0
1031981;920;153;4;Remaining Q0;Remaining Q0;Remaining Q0;Remaining Q0;0
1031983;767;0;0;Remaining Q0;Remaining Q0;Remaining Q0;Remaining Q0;0
1032987;533;27;1;Remaining Q0;Remaining Q40;Remaining Q76;Remaining Q321;0
1032988;773;40;2;Remaining Q0;Remaining Q0;Remaining Q76;Remaining Q321;0
1032989;866;76;3;Remaining Q0;Remaining Q0;Remaining Q0;Remaining Q321;0
1032990;857;321;4;Remaining Q0;Remaining Q0;Remaining Q0;Remaining Q0;0
1032991;536;0;0;Remaining Q0;Remaining Q0;Remaining Q0;Remaining Q0;0
1033997;533;15;1;Remaining Q0;Remaining Q51;Remaining Q53;Remaining Q292;0
1033998;785;51;2;Remaining Q0;Remaining Q0;Remaining Q53;Remaining Q292;0
1033999;867;53;3;Remaining Q0;Remaining Q0;Remaining Q0;Remaining Q292;0
1034000;881;292;4;Remaining Q0;Remaining Q0;Remaining Q0;Remaining Q0;0
1034002;589;0;0;Remaining Q0;Remaining Q0;Remaining Q0;Remaining Q0;0
1035009;533;31;1;Remaining Q0;Remaining Q62;Remaining Q117;Remaining Q484;0
1035010;769;62;2;Remaining Q0;Remaining Q0;Remaining Q117;Remaining Q484;0
1035011;840;117;3;Remaining Q0;Remaining Q0;Remaining Q0;Remaining Q484;0
1035012;790;484;4;Remaining Q0;Remaining Q0;Remaining Q0;Remaining Q0;0
1035014;306;0;0;Remaining Q0;Remaining Q0;Remaining Q0;Remaining Q0;0
1036020;533;13;1;Remaining Q0;Remaining Q18;Remaining Q24;Remaining Q130;0
1036022;787;18;2;Remaining Q0;Remaining Q0;Remaining Q24;Remaining Q130;0
1036024;902;24;3;Remaining Q0;Remaining Q0;Remaining Q0;Remaining Q130;0
1036025;945;130;4;Remaining Q0;Remaining Q0;Remaining Q0;Remaining Q0;0
1036026;815;0;0;Remaining Q0;Remaining Q0;Remaining Q0;Remaining Q0;0
1037033;533;10;1;Remaining Q0;Remaining Q30;Remaining Q48;Remaining Q237;0
1037035;790;30;2;Remaining Q0;Remaining Q0;Remaining Q48;Remaining Q237;0
1037038;893;61;3;Remaining Q6;Remaining Q17;Remaining Q0;Remaining Q316;0
1037039;899;316;4;Remaining Q6;Remaining Q17;Remaining Q0;Remaining Q0;0
1037041;583;0;0;Remaining Q6;Remaining Q17;Remaining Q0;Remaining Q0;0
1038043;533;11;1;Remaining Q0;Remaining Q31;Remaining Q29;Remaining Q118;0
1038045;789;31;2;Remaining Q0;Remaining Q0;Remaining Q29;Remaining Q118;0
1038046;891;29;3;Remaining Q0;Remaining Q0;Remaining Q0;Remaining Q118;0
1038048;929;118;4;Remaining Q0;Remaining Q0;Remaining Q0;Remaining Q0;0
1038050;811;0;0;Remaining Q0;Remaining Q0;Remaining Q0;Remaining Q0;0
1039058;533;5;1;Remaining Q0;Remaining Q12;Remaining Q16;Remaining Q71;0
1039059;795;12;2;Remaining Q0;Remaining Q0;Remaining Q16;Remaining Q71;0
1039061;916;39;3;Remaining Q13;Remaining Q18;Remaining Q0;Remaining Q208;0
1039062;944;208;4;Remaining Q13;Remaining Q18;Remaining Q0;Remaining Q0;0
1039063;736;0;0;Remaining Q13;Remaining Q18;Remaining Q0;Remaining Q0;0
1040071;533;16;1;Remaining Q0;Remaining Q29;Remaining Q25;Remaining Q74;0
1040072;784;29;2;Remaining Q0;Remaining Q0;Remaining Q25;Remaining Q74;0
1040074;888;25;3;Remaining Q0;Remaining Q0;Remaining Q0;Remaining Q74;0
1040075;930;74;4;Remaining Q0;Remaining Q0;Remaining Q0;Remaining Q0;0
1040077;856;0;0;Remaining Q0;Remaining Q0;Remaining Q0;Remaining Q0;0
1041087;780;30;2;Remaining Q0;Remaining Q0;Remaining Q41;Remaining Q247;0
1041086;533;20;1;Remaining Q0;Remaining Q30;Remaining Q41;Remaining Q247;0
1041090;883;41;3;Remaining Q0;Remaining Q0;Remaining Q0;Remaining Q247;0
1041091;909;247;4;Remaining Q0;Remaining Q0;Remaining Q0;Remaining Q0;0
1041093;662;0;0;Remaining Q0;Remaining Q0;Remaining Q0;Remaining Q0;0
1042101;533;4;1;Remaining Q0;Remaining Q24;Remaining Q31;Remaining Q125;0
1042103;796;32;2;Remaining Q3;Remaining Q0;Remaining Q43;Remaining Q196;0
1042106;897;43;3;Remaining Q3;Remaining Q0;Remaining Q0;Remaining Q196;0
1042107;921;196;4;Remaining Q3;Remaining Q0;Remaining Q0;Remaining Q0;0
1042109;725;0;0;Remaining Q3;Remaining Q0;Remaining Q0;Remaining Q0;0
1043104;533;10;1;Remaining Q0;Remaining Q6;Remaining Q10;Remaining Q53;0
1043105;790;6;2;Remaining Q0;Remaining Q0;Remaining Q10;Remaining Q53;0
1043107;917;10;3;Remaining Q0;Remaining Q0;Remaining Q0;Remaining Q53;0
1043107;974;53;4;Remaining Q0;Remaining Q0;Remaining Q0;Remaining Q0;0
1043109;921;0;0;Remaining Q0;Remaining Q0;Remaining Q0;Remaining Q0;0
1044114;533;9;1;Remaining Q0;Remaining Q16;Remaining Q19;Remaining Q119;0
1044116;791;16;2;Remaining Q0;Remaining Q0;Remaining Q19;Remaining Q119;0
1044119;908;81;3;Remaining Q15;Remaining Q38;Remaining Q0;Remaining Q312;0
1044121;894;312;4;Remaining Q15;Remaining Q38;Remaining Q0;Remaining Q0;0
1044123;582;0;0;Remaining Q15;Remaining Q38;Remaining Q0;Remaining Q0;0
1045128;533;24;1;Remaining Q0;Remaining Q41;Remaining Q13;Remaining Q45;0
1045130;776;41;2;Remaining Q0;Remaining Q0;Remaining Q13;Remaining Q45;0
1045133;868;47;3;Remaining Q9;Remaining Q31;Remaining Q0;Remaining Q247;0
1045135;888;247;4;Remaining Q9;Remaining Q31;Remaining Q0;Remaining Q0;0
1045138;641;0;0;Remaining Q9;Remaining Q31;Remaining Q0;Remaining Q0;0
1046141;533;16;1;Remaining Q0;Remaining Q45;Remaining Q21;Remaining Q111;0
1046142;784;45;2;Remaining Q0;Remaining Q0;Remaining Q21;Remaining Q111;0
1046143;872;21;3;Remaining Q0;Remaining Q0;Remaining Q0;Remaining Q111;0
1046146;807;0;0;Remaining Q0;Remaining Q0;Remaining Q0;Remaining Q0;0
1046144;918;111;4;Remaining Q0;Remaining Q0;Remaining Q0;Remaining Q0;0
1047154;533;8;1;Remaining Q0;Remaining Q22;Remaining Q28;Remaining Q129;0
1047156;792;22;2;Remaining Q0;Remaining Q0;Remaining Q28;Remaining Q129;0
1047157;903;28;3;Remaining Q0;Remaining Q0;Remaining Q0;Remaining Q129;0
1047159;942;129;4;Remaining Q0;Remaining Q0;Remaining Q0;Remaining Q0;0
1047160;813;0;0;Remaining Q0;Remaining Q0;Remaining Q0;Remaining Q0;0
1048168;533;7;1;Remaining Q0;Remaining Q29;Remaining Q56;Remaining Q169;0
1048170;793;29;2;Remaining Q0;Remaining Q0;Remaining Q56;Remaining Q169;0
1048172;897;56;3;Remaining Q0;Remaining Q0;Remaining Q0;Remaining Q169;0
1048175;908;324;4;Remaining Q7;Remaining Q16;Remaining Q37;Remaining Q0;0
1048178;584;0;0;Remaining Q7;Remaining Q16;Remaining Q37;Remaining Q0;0
1049183;533;16;1;Remaining Q0;Remaining Q30;Remaining Q58;Remaining Q94;0
1049185;784;30;2;Remaining Q0;Remaining Q0;Remaining Q58;Remaining Q94;0
1049188;887;112;3;Remaining Q21;Remaining Q27;Remaining Q0;Remaining Q298;0
1049189;842;298;4;Remaining Q21;Remaining Q27;Remaining Q0;Remaining Q0;0
1049190;544;0;0;Remaining Q21;Remaining Q27;Remaining Q0;Remaining Q0;0
1050199;533;44;1;Remaining Q0;Remaining Q78;Remaining Q82;Remaining Q468;0
1050201;756;78;2;Remaining Q0;Remaining Q0;Remaining Q82;Remaining Q468;0
1050203;811;82;3;Remaining Q0;Remaining Q0;Remaining Q0;Remaining Q468;0
1050204;796;468;4;Remaining Q0;Remaining Q0;Remaining Q0;Remaining Q0;0
1050206;328;0;0;Remaining Q0;Remaining Q0;Remaining Q0;Remaining Q0;0
1051209;533;54;1;Remaining Q0;Remaining Q92;Remaining Q150;Remaining Q704;0
1051211;746;92;2;Remaining Q0;Remaining Q0;Remaining Q150;Remaining Q704;0
1051214;787;287;3;Remaining Q48;Remaining Q132;Remaining Q0;Remaining Q1387;0
1051216;567;567;4;Remaining Q48;Remaining Q132;Remaining Q0;Remaining Q820;0
1052209;533;81;1;Remaining Q0;Remaining Q192;Remaining Q94;Remaining Q1212;0
1052211;719;192;2;Remaining Q0;Remaining Q0;Remaining Q94;Remaining Q1212;0
1052212;660;94;3;Remaining Q0;Remaining Q0;Remaining Q0;Remaining Q1212;0
1052213;633;633;4;Remaining Q0;Remaining Q0;Remaining Q0;Remaining Q579;0
1053224;533;39;1;Remaining Q0;Remaining Q83;Remaining Q125;Remaining Q1138;0
1053225;761;83;2;Remaining Q0;Remaining Q0;Remaining Q125;Remaining Q1138;0
1053226;811;125;3;Remaining Q0;Remaining Q0;Remaining Q0;Remaining Q1138;0
1053228;753;753;4;Remaining Q0;Remaining Q0;Remaining Q0;Remaining Q385;0
1054225;533;47;1;Remaining Q0;Remaining Q96;Remaining Q158;Remaining Q1084;0
1054226;753;96;2;Remaining Q0;Remaining Q0;Remaining Q158;Remaining Q1084;0
1054227;790;158;3;Remaining Q0;Remaining Q0;Remaining Q0;Remaining Q1084;0
1054228;699;699;4;Remaining Q0;Remaining Q0;Remaining Q0;Remaining Q385;0
1055236;533;109;1;Remaining Q0;Remaining Q200;Remaining Q303;Remaining Q1773;0
1055238;691;200;2;Remaining Q0;Remaining Q0;Remaining Q303;Remaining Q1773;0
1055239;624;303;3;Remaining Q0;Remaining Q0;Remaining Q0;Remaining Q1773;0
1055241;388;388;4;Remaining Q0;Remaining Q0;Remaining Q0;Remaining Q1385;0
1056248;533;87;1;Remaining Q0;Remaining Q171;Remaining Q271;Remaining Q2627;0
1056251;713;171;2;Remaining Q0;Remaining Q0;Remaining Q271;Remaining Q2627;0
1056253;675;271;3;Remaining Q0;Remaining Q0;Remaining Q0;Remaining Q2627;0
1056255;471;471;4;Remaining Q0;Remaining Q0;Remaining Q0;Remaining Q2156;0
1057260;533;84;1;Remaining Q0;Remaining Q162;Remaining Q280;Remaining Q3331;0
1057263;716;162;2;Remaining Q0;Remaining Q0;Remaining Q280;Remaining Q3331;0
1057265;687;280;3;Remaining Q0;Remaining Q0;Remaining Q0;Remaining Q3331;0
1057267;474;474;4;Remaining Q0;Remaining Q0;Remaining Q0;Remaining Q2857;0
1058271;533;36;1;Remaining Q0;Remaining Q70;Remaining Q122;Remaining Q3378;0
1058273;764;70;2;Remaining Q0;Remaining Q0;Remaining Q122;Remaining Q3378;0
1058274;827;122;3;Remaining Q0;Remaining Q0;Remaining Q0;Remaining Q3378;0
1058276;772;772;4;Remaining Q0;Remaining Q0;Remaining Q0;Remaining Q2606;0
1059272;533;53;1;Remaining Q0;Remaining Q126;Remaining Q192;Remaining Q3546;0
1059274;747;126;2;Remaining Q0;Remaining Q0;Remaining Q192;Remaining Q3546;0
1059276;754;192;3;Remaining Q0;Remaining Q0;Remaining Q0;Remaining Q3546;0
1059278;629;629;4;Remaining Q0;Remaining Q0;Remaining Q0;Remaining Q2917;0
1060284;533;41;1;Remaining Q0;Remaining Q39;Remaining Q80;Remaining Q3267;0
1060286;759;39;2;Remaining Q0;Remaining Q0;Remaining Q80;Remaining Q3267;0
1060288;853;80;3;Remaining Q0;Remaining Q0;Remaining Q0;Remaining Q3267;0
1060289;840;840;4;Remaining Q0;Remaining Q0;Remaining Q0;Remaining Q2427;0
1061300;533;66;1;Remaining Q0;Remaining Q112;Remaining Q166;Remaining Q3161;0
1061301;734;112;2;Remaining Q0;Remaining Q0;Remaining Q166;Remaining Q3161;0
1061303;755;166;3;Remaining Q0;Remaining Q0;Remaining Q0;Remaining Q3161;0
1061304;656;656;4;Remaining Q0;Remaining Q0;Remaining Q0;Remaining Q2505;0
1062310;533;29;1;Remaining Q0;Remaining Q87;Remaining Q105;Remaining Q3056;0
1062312;771;87;2;Remaining Q0;Remaining Q0;Remaining Q105;Remaining Q3056;0
1062314;817;105;3;Remaining Q0;Remaining Q0;Remaining Q0;Remaining Q3056;0
1062315;779;779;4;Remaining Q0;Remaining Q0;Remaining Q0;Remaining Q2277;0
1063324;533;102;1;Remaining Q0;Remaining Q214;Remaining Q281;Remaining Q3680;0
1063325;698;214;2;Remaining Q0;Remaining Q0;Remaining Q281;Remaining Q3680;0
1063326;617;281;3;Remaining Q0;Remaining Q0;Remaining Q0;Remaining Q3680;0
1063328;403;403;4;Remaining Q0;Remaining Q0;Remaining Q0;Remaining Q3277;0
1064338;533;64;1;Remaining Q0;Remaining Q123;Remaining Q144;Remaining Q4019;0
1064340;736;123;2;Remaining Q0;Remaining Q0;Remaining Q144;Remaining Q4019;0
1064341;746;144;3;Remaining Q0;Remaining Q0;Remaining Q0;Remaining Q4019;0
1064342;669;669;4;Remaining Q0;Remaining Q0;Remaining Q0;Remaining Q3350;0
1065342;533;59;1;Remaining Q0;Remaining Q86;Remaining Q161;Remaining Q4044;0
1065343;741;86;2;Remaining Q0;Remaining Q0;Remaining Q161;Remaining Q4044;0
1065344;788;161;3;Remaining Q0;Remaining Q0;Remaining Q0;Remaining Q4044;0
1065346;694;694;4;Remaining Q0;Remaining Q0;Remaining Q0;Remaining Q3350;0
1066358;533;81;1;Remaining Q0;Remaining Q147;Remaining Q248;Remaining Q4470;0
1066359;719;147;2;Remaining Q0;Remaining Q0;Remaining Q248;Remaining Q4470;0
1066360;705;248;3;Remaining Q0;Remaining Q0;Remaining Q0;Remaining Q4470;0
1066361;524;524;4;Remaining Q0;Remaining Q0;Remaining Q0;Remaining Q3946;0
1067359;533;90;1;Remaining Q0;Remaining Q189;Remaining Q311;Remaining Q5356;0
1067360;710;189;2;Remaining Q0;Remaining Q0;Remaining Q311;Remaining Q5356;0
1067361;654;311;3;Remaining Q0;Remaining Q0;Remaining Q0;Remaining Q5356;0
1067362;410;410;4;Remaining Q0;Remaining Q0;Remaining Q0;Remaining Q4946;0
1068370;533;34;1;Remaining Q0;Remaining Q52;Remaining Q79;Remaining Q5355;0
1068372;766;52;2;Remaining Q0;Remaining Q0;Remaining Q79;Remaining Q5355;0
1068373;847;79;3;Remaining Q0;Remaining Q0;Remaining Q0;Remaining Q5355;0
1068374;835;835;4;Remaining Q0;Remaining Q0;Remaining Q0;Remaining Q4520;0
1069370;533;50;1;Remaining Q0;Remaining Q103;Remaining Q144;Remaining Q5184;0
1069372;750;103;2;Remaining Q0;Remaining Q0;Remaining Q144;Remaining Q5184;0
1069373;780;144;3;Remaining Q0;Remaining Q0;Remaining Q0;Remaining Q5184;0
1069375;703;703;4;Remaining Q0;Remaining Q0;Remaining Q0;Remaining Q4481;0
1070382;533;30;1;Remaining Q0;Remaining Q71;Remaining Q104;Remaining Q4974;0
1070383;770;71;2;Remaining Q0;Remaining Q0;Remaining Q104;Remaining Q4974;0
1070385;832;104;3;Remaining Q0;Remaining Q0;Remaining Q0;Remaining Q4974;0
1070387;795;795;4;Remaining Q0;Remaining Q0;Remaining Q0;Remaining Q4179;0
1071396;533;48;1;Remaining Q0;Remaining Q129;Remaining Q207;Remaining Q5063;0
1071398;752;129;2;Remaining Q0;Remaining Q0;Remaining Q207;Remaining Q5063;0
1071399;756;207;3;Remaining Q0;Remaining Q0;Remaining Q0;Remaining Q5063;0
1071400;616;616;4;Remaining Q0;Remaining Q0;Remaining Q0;Remaining Q4447;0
1072410;533;42;1;Remaining Q0;Remaining Q66;Remaining Q105;Remaining Q4976;0
1072412;758;66;2;Remaining Q0;Remaining Q0;Remaining Q105;Remaining Q4976;0
1072414;825;105;3;Remaining Q0;Remaining Q0;Remaining Q0;Remaining Q4976;0
1072415;787;787;4;Remaining Q0;Remaining Q0;Remaining Q0;Remaining Q4189;0
1073423;533;30;1;Remaining Q0;Remaining Q63;Remaining Q94;Remaining Q4628;0
1073425;770;63;2;Remaining Q0;Remaining Q0;Remaining Q94;Remaining Q4628;0
1073426;840;94;3;Remaining Q0;Remaining Q0;Remaining Q0;Remaining Q4628;0
1073427;813;813;4;Remaining Q0;Remaining Q0;Remaining Q0;Remaining Q3815;0
1074424;533;93;1;Remaining Q0;Remaining Q216;Remaining Q300;Remaining Q5206;0
1074425;707;216;2;Remaining Q0;Remaining Q0;Remaining Q300;Remaining Q5206;0
1074426;624;300;3;Remaining Q0;Remaining Q0;Remaining Q0;Remaining Q5206;0
1074428;391;391;4;Remaining Q0;Remaining Q0;Remaining Q0;Remaining Q4815;0
1075435;533;73;1;Remaining Q0;Remaining Q122;Remaining Q218;Remaining Q5831;0
1075437;727;122;2;Remaining Q0;Remaining Q0;Remaining Q218;Remaining Q5831;0
1075438;738;218;3;Remaining Q0;Remaining Q0;Remaining Q0;Remaining Q5831;0
1075439;587;587;4;Remaining Q0;Remaining Q0;Remaining Q0;Remaining Q5244;0
1076434;533;64;1;Remaining Q0;Remaining Q135;Remaining Q192;Remaining Q6138;0
1076436;736;135;2;Remaining Q0;Remaining Q0;Remaining Q192;Remaining Q6138;0
1076438;734;192;3;Remaining Q0;Remaining Q0;Remaining Q0;Remaining Q6138;0
1076440;609;609;4;Remaining Q0;Remaining Q0;Remaining Q0;Remaining Q5529;0
1077446;533;46;1;Remaining Q0;Remaining Q76;Remaining Q133;Remaining Q6072;0
1077448;754;76;2;Remaining Q0;Remaining Q0;Remaining Q133;Remaining Q6072;0
1077450;811;133;3;Remaining Q0;Remaining Q0;Remaining Q0;Remaining Q6072;0
1077452;745;745;4;Remaining Q0;Remaining Q0;Remaining Q0;Remaining Q5327;0
1078447;533;62;1;Remaining Q0;Remaining Q144;Remaining Q211;Remaining Q6276;0
1078449;738;144;2;Remaining Q0;Remaining Q0;Remaining Q211;Remaining Q6276;0
1078450;727;211;3;Remaining Q0;Remaining Q0;Remaining Q0;Remaining Q6276;0
1078453;583;583;4;Remaining Q0;Remaining Q0;Remaining Q0;Remaining Q5693;0
1079457;533;46;1;Remaining Q0;Remaining Q75;Remaining Q119;Remaining Q6210;0
1079459;754;75;2;Remaining Q0;Remaining Q0;Remaining Q119;Remaining Q6210;0
1079460;812;119;3;Remaining Q0;Remaining Q0;Remaining Q0;Remaining Q6210;0
1079461;760;760;4;Remaining Q0;Remaining Q0;Remaining Q0;Remaining Q5450;0
1080473;533;102;1;Remaining Q0;Remaining Q197;Remaining Q316;Remaining Q6835;0
1080475;698;197;2;Remaining Q0;Remaining Q0;Remaining Q316;Remaining Q6835;0
1080476;634;316;3;Remaining Q0;Remaining Q0;Remaining Q0;Remaining Q6835;0
1080478;385;385;4;Remaining Q0;Remaining Q0;Remaining Q0;Remaining Q6450;0
1081487;533;82;1;Remaining Q0;Remaining Q178;Remaining Q244;Remaining Q7505;0
1081490;718;178;2;Remaining Q0;Remaining Q0;Remaining Q244;Remaining Q7505;0
1081491;673;244;3;Remaining Q0;Remaining Q0;Remaining Q0;Remaining Q7505;0
1081493;496;496;4;Remaining Q0;Remaining Q0;Remaining Q0;Remaining Q7009;0
1082499;533;75;1;Remaining Q0;Remaining Q142;Remaining Q203;Remaining Q8104;0
1082502;725;142;2;Remaining Q0;Remaining Q0;Remaining Q203;Remaining Q8104;0
1082503;716;203;3;Remaining Q0;Remaining Q0;Remaining Q0;Remaining Q8104;0
1082504;580;580;4;Remaining Q0;Remaining Q0;Remaining Q0;Remaining Q7524;0
1083511;533;63;1;Remaining Q0;Remaining Q116;Remaining Q251;Remaining Q8512;0
1083512;737;116;2;Remaining Q0;Remaining Q0;Remaining Q251;Remaining Q8512;0
1083513;754;251;3;Remaining Q0;Remaining Q0;Remaining Q0;Remaining Q8512;0
1083514;570;570;4;Remaining Q0;Remaining Q0;Remaining Q0;Remaining Q7942;0
1084526;533;35;1;Remaining Q0;Remaining Q69;Remaining Q112;Remaining Q8444;0
1084527;765;69;2;Remaining Q0;Remaining Q0;Remaining Q112;Remaining Q8444;0
1084528;829;112;3;Remaining Q0;Remaining Q0;Remaining Q0;Remaining Q8444;0
1084529;784;784;4;Remaining Q0;Remaining Q0;Remaining Q0;Remaining Q7660;0
1085536;533;66;1;Remaining Q0;Remaining Q112;Remaining Q137;Remaining Q8418;0
1085538;734;112;2;Remaining Q0;Remaining Q0;Remaining Q137;Remaining Q8418;0
1085539;755;137;3;Remaining Q0;Remaining Q0;Remaining Q0;Remaining Q8418;0
1085541;685;685;4;Remaining Q0;Remaining Q0;Remaining Q0;Remaining Q7733;0
1086545;533;97;1;Remaining Q0;Remaining Q213;Remaining Q287;Remaining Q9025;0
1086547;703;213;2;Remaining Q0;Remaining Q0;Remaining Q287;Remaining Q9025;0
1086549;623;287;3;Remaining Q0;Remaining Q0;Remaining Q0;Remaining Q9025;0
1086551;403;403;4;Remaining Q0;Remaining Q0;Remaining Q0;Remaining Q8622;0
1087558;533;59;1;Remaining Q0;Remaining Q140;Remaining Q201;Remaining Q9609;0
1087560;741;140;2;Remaining Q0;Remaining Q0;Remaining Q201;Remaining Q9609;0
1087561;734;201;3;Remaining Q0;Remaining Q0;Remaining Q0;Remaining Q9609;0
1087563;600;600;4;Remaining Q0;Remaining Q0;Remaining Q0;Remaining Q9009;0
1088572;533;22;1;Remaining Q0;Remaining Q37;Remaining Q58;Remaining Q9263;0
1088574;778;37;2;Remaining Q0;Remaining Q0;Remaining Q58;Remaining Q9263;0
1088575;874;58;3;Remaining Q0;Remaining Q0;Remaining Q0;Remaining Q9263;0
1088577;883;883;4;Remaining Q0;Remaining Q0;Remaining Q0;Remaining Q8380;0
1089571;533;54;1;Remaining Q0;Remaining Q126;Remaining Q188;Remaining Q9339;0
1089573;746;126;2;Remaining Q0;Remaining Q0;Remaining Q188;Remaining Q9339;0
1089574;753;188;3;Remaining Q0;Remaining Q0;Remaining Q0;Remaining Q9339;0
1089575;632;632;4;Remaining Q0;Remaining Q0;Remaining Q0;Remaining Q8707;0
1090574;533;49;1;Remaining Q0;Remaining Q101;Remaining Q163;Remaining Q9443;0
1090576;751;101;2;Remaining Q0;Remaining Q0;Remaining Q163;Remaining Q9443;0
1090577;783;163;3;Remaining Q0;Remaining Q0;Remaining Q0;Remaining Q9443;0
1090578;687;687;4;Remaining Q0;Remaining Q0;Remaining Q0;Remaining Q8756;0
1091574;533;35;1;Remaining Q0;Remaining Q87;Remaining Q118;Remaining Q9357;0
1091577;811;118;3;Remaining Q0;Remaining Q0;Remaining Q0;Remaining Q9357;0
1091576;765;87;2;Remaining Q0;Remaining Q0;Remaining Q118;Remaining Q9357;0
1091579;760;760;4;Remaining Q0;Remaining Q0;Remaining Q0;Remaining Q8597;0
1092574;533;50;1;Remaining Q0;Remaining Q76;Remaining Q158;Remaining Q9358;0
1092576;750;76;2;Remaining Q0;Remaining Q0;Remaining Q158;Remaining Q9358;0
1092578;807;158;3;Remaining Q0;Remaining Q0;Remaining Q0;Remaining Q9358;0
1092579;716;716;4;Remaining Q0;Remaining Q0;Remaining Q0;Remaining Q8642;0
1093588;533;73;1;Remaining Q0;Remaining Q128;Remaining Q184;Remaining Q9478;0
1093591;727;128;2;Remaining Q0;Remaining Q0;Remaining Q184;Remaining Q9478;0
1093593;732;184;3;Remaining Q0;Remaining Q0;Remaining Q0;Remaining Q9478;0
1093595;615;615;4;Remaining Q0;Remaining Q0;Remaining Q0;Remaining Q8863;0
1094599;533;54;1;Remaining Q0;Remaining Q118;Remaining Q147;Remaining Q9544;0
1094600;746;118;2;Remaining Q0;Remaining Q0;Remaining Q147;Remaining Q9544;0
1094603;761;147;3;Remaining Q0;Remaining Q0;Remaining Q0;Remaining Q9544;0
1094604;681;681;4;Remaining Q0;Remaining Q0;Remaining Q0;Remaining Q8863;0
1095613;533;67;1;Remaining Q0;Remaining Q115;Remaining Q199;Remaining Q9755;0
1095615;733;115;2;Remaining Q0;Remaining Q0;Remaining Q199;Remaining Q9755;0
1095617;751;199;3;Remaining Q0;Remaining Q0;Remaining Q0;Remaining Q9755;0
1095619;619;619;4;Remaining Q0;Remaining Q0;Remaining Q0;Remaining Q9136;0
1096626;533;96;1;Remaining Q0;Remaining Q166;Remaining Q270;Remaining Q10341;0
1096628;704;166;2;Remaining Q0;Remaining Q0;Remaining Q270;Remaining Q10341;0
1096629;671;270;3;Remaining Q0;Remaining Q0;Remaining Q0;Remaining Q10341;0
1096631;468;468;4;Remaining Q0;Remaining Q0;Remaining Q0;Remaining Q9873;0
1097635;533;112;1;Remaining Q0;Remaining Q198;Remaining Q299;Remaining Q11264;0
1097637;688;198;2;Remaining Q0;Remaining Q0;Remaining Q299;Remaining Q11264;0
1097639;623;299;3;Remaining Q0;Remaining Q0;Remaining Q0;Remaining Q11264;0
1097640;391;391;4;Remaining Q0;Remaining Q0;Remaining Q0;Remaining Q10873;0
1098648;533;79;1;Remaining Q0;Remaining Q164;Remaining Q228;Remaining Q11832;0
1098652;690;228;3;Remaining Q0;Remaining Q0;Remaining Q0;Remaining Q11832;0
1098650;721;164;2;Remaining Q0;Remaining Q0;Remaining Q228;Remaining Q11832;0
1098655;529;529;4;Remaining Q0;Remaining Q0;Remaining Q0;Remaining Q11303;0
1099651;533;46;1;Remaining Q0;Remaining Q105;Remaining Q163;Remaining Q11986;0
1099652;754;105;2;Remaining Q0;Remaining Q0;Remaining Q163;Remaining Q11986;0
1099654;782;163;3;Remaining Q0;Remaining Q0;Remaining Q0;Remaining Q11986;0
1099656;686;686;4;Remaining Q0;Remaining Q0;Remaining Q0;Remaining Q11300;0
1100655;533;48;1;Remaining Q0;Remaining Q95;Remaining Q120;Remaining Q11908;0
1100656;752;95;2;Remaining Q0;Remaining Q0;Remaining Q120;Remaining Q11908;0
1100657;790;120;3;Remaining Q0;Remaining Q0;Remaining Q0;Remaining Q11908;0
1100658;737;737;4;Remaining Q0;Remaining Q0;Remaining Q0;Remaining Q11171;0
1101670;533;45;1;Remaining Q0;Remaining Q68;Remaining Q98;Remaining Q11611;0
1101672;755;169;2;Remaining Q51;Remaining Q0;Remaining Q214;Remaining Q12281;0
1101674;719;214;3;Remaining Q51;Remaining Q0;Remaining Q0;Remaining Q12281;0
1101675;572;572;4;Remaining Q51;Remaining Q0;Remaining Q0;Remaining Q11709;0
1102684;533;81;1;Remaining Q0;Remaining Q42;Remaining Q93;Remaining Q12092;0
1102686;719;42;2;Remaining Q0;Remaining Q0;Remaining Q93;Remaining Q12092;0
1102689;810;205;3;Remaining Q25;Remaining Q56;Remaining Q0;Remaining Q12523;0
1102691;672;672;4;Remaining Q25;Remaining Q56;Remaining Q0;Remaining Q11851;0
1103698;533;25;1;Remaining Q0;Remaining Q56;Remaining Q0;Remaining Q11851;0
1103703;775;88;2;Remaining Q19;Remaining Q0;Remaining Q46;Remaining Q12119;0
1103705;820;46;3;Remaining Q19;Remaining Q0;Remaining Q0;Remaining Q12119;0
1103708;841;841;4;Remaining Q19;Remaining Q0;Remaining Q0;Remaining Q11278;0
1104699;533;19;1;Remaining Q0;Remaining Q0;Remaining Q0;Remaining Q11278;0
1104701;781;65;2;Remaining Q36;Remaining Q0;Remaining Q89;Remaining Q11688;0
1104703;849;89;3;Remaining Q36;Remaining Q0;Remaining Q0;Remaining Q11688;0
1104704;827;827;4;Remaining Q36;Remaining Q0;Remaining Q0;Remaining Q10861;0
1105710;533;70;1;Remaining Q0;Remaining Q82;Remaining Q127;Remaining Q11327;0
1105711;730;82;2;Remaining Q0;Remaining Q0;Remaining Q127;Remaining Q11327;0
1105713;781;127;3;Remaining Q0;Remaining Q0;Remaining Q0;Remaining Q11327;0
1105714;721;721;4;Remaining Q0;Remaining Q0;Remaining Q0;Remaining Q10606;0
1106723;533;39;1;Remaining Q0;Remaining Q55;Remaining Q107;Remaining Q11094;0
1106724;761;55;2;Remaining Q0;Remaining Q0;Remaining Q107;Remaining Q11094;0
1106726;839;107;3;Remaining Q0;Remaining Q0;Remaining Q0;Remaining Q11094;0
1106728;799;799;4;Remaining Q0;Remaining Q0;Remaining Q0;Remaining Q10295;0
1107725;533;23;1;Remaining Q0;Remaining Q48;Remaining Q61;Remaining Q10587;0
1107726;777;48;2;Remaining Q0;Remaining Q0;Remaining Q61;Remaining Q10587;0
1107728;862;61;3;Remaining Q0;Remaining Q0;Remaining Q0;Remaining Q10587;0
1107729;868;868;4;Remaining Q0;Remaining Q0;Remaining Q0;Remaining Q9719;0
1108740;533;68;1;Remaining Q0;Remaining Q134;Remaining Q213;Remaining Q10640;0
1108741;732;134;2;Remaining Q0;Remaining Q0;Remaining Q213;Remaining Q10640;0
1108742;731;213;3;Remaining Q0;Remaining Q0;Remaining Q0;Remaining Q10640;0
1108743;585;585;4;Remaining Q0;Remaining Q0;Remaining Q0;Remaining Q10055;0
1109744;533;63;1;Remaining Q0;Remaining Q129;Remaining Q188;Remaining Q10955;0
1109745;737;129;2;Remaining Q0;Remaining Q0;Remaining Q188;Remaining Q10955;0
1109746;741;188;3;Remaining Q0;Remaining Q0;Remaining Q0;Remaining Q10955;0
1109747;620;620;4;Remaining Q0;Remaining Q0;Remaining Q0;Remaining Q10335;0
1110745;533;32;1;Remaining Q0;Remaining Q48;Remaining Q85;Remaining Q10670;0
1110747;768;48;2;Remaining Q0;Remaining Q0;Remaining Q85;Remaining Q10670;0
1110748;853;85;3;Remaining Q0;Remaining Q0;Remaining Q0;Remaining Q10670;0
1110749;835;835;4;Remaining Q0;Remaining Q0;Remaining Q0;Remaining Q9835;0
1111745;533;77;1;Remaining Q0;Remaining Q159;Remaining Q216;Remaining Q10855;0
1111748;723;159;2;Remaining Q0;Remaining Q0;Remaining Q216;Remaining Q10855;0
1111750;697;216;3;Remaining Q0;Remaining Q0;Remaining Q0;Remaining Q10855;0
1111753;548;548;4;Remaining Q0;Remaining Q0;Remaining Q0;Remaining Q10307;0
1112748;533;78;1;Remaining Q0;Remaining Q146;Remaining Q228;Remaining Q11275;0
1112751;709;228;3;Remaining Q0;Remaining Q0;Remaining Q0;Remaining Q11275;0
1112750;722;146;2;Remaining Q0;Remaining Q0;Remaining Q228;Remaining Q11275;0
1112754;548;548;4;Remaining Q0;Remaining Q0;Remaining Q0;Remaining Q10727;0
1113749;533;54;1;Remaining Q0;Remaining Q127;Remaining Q183;Remaining Q11559;0
1113750;746;127;2;Remaining Q0;Remaining Q0;Remaining Q183;Remaining Q11559;0
1113751;752;183;3;Remaining Q0;Remaining Q0;Remaining Q0;Remaining Q11559;0
1113753;636;636;4;Remaining Q0;Remaining Q0;Remaining Q0;Remaining Q10923;0
1114761;533;58;1;Remaining Q0;Remaining Q114;Remaining Q169;Remaining Q11734;0
1114762;742;114;2;Remaining Q0;Remaining Q0;Remaining Q169;Remaining Q11734;0
1114763;761;169;3;Remaining Q0;Remaining Q0;Remaining Q0;Remaining Q11734;0
1114765;659;659;4;Remaining Q0;Remaining Q0;Remaining Q0;Remaining Q11075;0
1115773;533;38;1;Remaining Q0;Remaining Q84;Remaining Q116;Remaining Q11650;0
1115774;762;84;2;Remaining Q0;Remaining Q0;Remaining Q116;Remaining Q11650;0
1115775;811;116;3;Remaining Q0;Remaining Q0;Remaining Q0;Remaining Q11650;0
1115777;762;762;4;Remaining Q0;Remaining Q0;Remaining Q0;Remaining Q10888;0
1116787;533;108;1;Remaining Q0;Remaining Q214;Remaining Q288;Remaining Q12278;0
1116788;692;214;2;Remaining Q0;Remaining Q0;Remaining Q288;Remaining Q12278;0
1116790;611;288;3;Remaining Q0;Remaining Q0;Remaining Q0;Remaining Q12278;0
1116792;390;390;4;Remaining Q0;Remaining Q0;Remaining Q0;Remaining Q11888;0
1117799;533;41;1;Remaining Q0;Remaining Q83;Remaining Q121;Remaining Q12470;0
1117800;759;83;2;Remaining Q0;Remaining Q0;Remaining Q121;Remaining Q12470;0
1117801;809;121;3;Remaining Q0;Remaining Q0;Remaining Q0;Remaining Q12470;0
1117803;755;755;4;Remaining Q0;Remaining Q0;Remaining Q0;Remaining Q11715;0
1118813;533;72;1;Remaining Q0;Remaining Q138;Remaining Q225;Remaining Q12827;0
1118814;728;138;2;Remaining Q0;Remaining Q0;Remaining Q225;Remaining Q12827;0
1118815;723;225;3;Remaining Q0;Remaining Q0;Remaining Q0;Remaining Q12827;0
1118817;565;565;4;Remaining Q0;Remaining Q0;Remaining Q0;Remaining Q12262;0
1119825;533;102;1;Remaining Q0;Remaining Q192;Remaining Q290;Remaining Q13535;0
1119827;698;192;2;Remaining Q0;Remaining Q0;Remaining Q290;Remaining Q13535;0
1119828;639;290;3;Remaining Q0;Remaining Q0;Remaining Q0;Remaining Q13535;0
1119830;416;416;4;Remaining Q0;Remaining Q0;Remaining Q0;Remaining Q13119;0
1120840;533;43;1;Remaining Q0;Remaining Q97;Remaining Q143;Remaining Q13741;0
1120841;757;97;2;Remaining Q0;Remaining Q0;Remaining Q143;Remaining Q13741;0
1120842;793;143;3;Remaining Q0;Remaining Q0;Remaining Q0;Remaining Q13741;0
1120844;717;717;4;Remaining Q0;Remaining Q0;Remaining Q0;Remaining Q13024;0
1121853;533;53;1;Remaining Q0;Remaining Q101;Remaining Q196;Remaining Q13889;0
1121854;747;101;2;Remaining Q0;Remaining Q0;Remaining Q196;Remaining Q13889;0
1121856;779;196;3;Remaining Q0;Remaining Q0;Remaining Q0;Remaining Q13889;0
1121857;650;650;4;Remaining Q0;Remaining Q0;Remaining Q0;Remaining Q13239;0
1122869;533;72;1;Remaining Q0;Remaining Q142;Remaining Q228;Remaining Q14232;0
1122870;728;142;2;Remaining Q0;Remaining Q0;Remaining Q228;Remaining Q14232;0
1122871;719;228;3;Remaining Q0;Remaining Q0;Remaining Q0;Remaining Q14232;0
1122874;558;558;4;Remaining Q0;Remaining Q0;Remaining Q0;Remaining Q13674;0
1123876;533;43;1;Remaining Q0;Remaining Q113;Remaining Q146;Remaining Q14365;0
1123877;757;113;2;Remaining Q0;Remaining Q0;Remaining Q146;Remaining Q14365;0
1123878;777;146;3;Remaining Q0;Remaining Q0;Remaining Q0;Remaining Q14365;0
1123879;698;698;4;Remaining Q0;Remaining Q0;Remaining Q0;Remaining Q13667;0
1124878;533;69;1;Remaining Q0;Remaining Q140;Remaining Q201;Remaining Q14639;0
1124880;731;140;2;Remaining Q0;Remaining Q0;Remaining Q201;Remaining Q14639;0
1124881;724;201;3;Remaining Q0;Remaining Q0;Remaining Q0;Remaining Q14639;0
1124883;590;590;4;Remaining Q0;Remaining Q0;Remaining Q0;Remaining Q14049;0
1125881;533;32;1;Remaining Q0;Remaining Q82;Remaining Q147;Remaining Q14591;0
1125882;768;82;2;Remaining Q0;Remaining Q0;Remaining Q147;Remaining Q14591;0
1125883;819;147;3;Remaining Q0;Remaining Q0;Remaining Q0;Remaining Q14591;0
1125885;739;739;4;Remaining Q0;Remaining Q0;Remaining Q0;Remaining Q13852;0
1126893;533;50;1;Remaining Q0;Remaining Q79;Remaining Q141;Remaining Q14468;0
1126895;804;141;3;Remaining Q0;Remaining Q0;Remaining Q0;Remaining Q14468;0
1126894;750;79;2;Remaining Q0;Remaining Q0;Remaining Q141;Remaining Q14468;0
1126897;730;730;4;Remaining Q0;Remaining Q0;Remaining Q0;Remaining Q13738;0
1127905;533;58;1;Remaining Q0;Remaining Q102;Remaining Q137;Remaining Q14441;0
1127907;742;102;2;Remaining Q0;Remaining Q0;Remaining Q137;Remaining Q14441;0
1127910;703;703;4;Remaining Q0;Remaining Q0;Remaining Q0;Remaining Q13738;0
1127908;773;137;3;Remaining Q0;Remaining Q0;Remaining Q0;Remaining Q14441;0
1128915;533;97;1;Remaining Q0;Remaining Q187;Remaining Q238;Remaining Q14889;0
1128917;703;187;2;Remaining Q0;Remaining Q0;Remaining Q238;Remaining Q14889;0
1128918;649;238;3;Remaining Q0;Remaining Q0;Remaining Q0;Remaining Q14889;0
1128920;478;478;4;Remaining Q0;Remaining Q0;Remaining Q0;Remaining Q14411;0
1129926;533;54;1;Remaining Q0;Remaining Q105;Remaining Q142;Remaining Q15110;0
1129928;746;105;2;Remaining Q0;Remaining Q0;Remaining Q142;Remaining Q15110;0
1129929;774;142;3;Remaining Q0;Remaining Q0;Remaining Q0;Remaining Q15110;0
1129930;699;699;4;Remaining Q0;Remaining Q0;Remaining Q0;Remaining Q14411;0
1130927;533;99;1;Remaining Q0;Remaining Q200;Remaining Q268;Remaining Q15844;0
1130928;701;200;2;Remaining Q0;Remaining Q0;Remaining Q268;Remaining Q15844;0
1130930;634;268;3;Remaining Q0;Remaining Q0;Remaining Q0;Remaining Q15844;0
1130932;433;433;4;Remaining Q0;Remaining Q0;Remaining Q0;Remaining Q15411;0
1131928;533;44;1;Remaining Q0;Remaining Q93;Remaining Q134;Remaining Q16079;0
1131929;756;93;2;Remaining Q0;Remaining Q0;Remaining Q134;Remaining Q16079;0
1131932;796;134;3;Remaining Q0;Remaining Q0;Remaining Q0;Remaining Q16079;0
1131934;729;729;4;Remaining Q0;Remaining Q0;Remaining Q0;Remaining Q15350;0
1132929;533;40;1;Remaining Q0;Remaining Q109;Remaining Q145;Remaining Q16027;0
1132930;760;109;2;Remaining Q0;Remaining Q0;Remaining Q145;Remaining Q16027;0
1132932;784;145;3;Remaining Q0;Remaining Q0;Remaining Q0;Remaining Q16027;0
1132933;706;706;4;Remaining Q0;Remaining Q0;Remaining Q0;Remaining Q15321;0
1133940;533;101;1;Remaining Q0;Remaining Q175;Remaining Q302;Remaining Q16644;0
1133943;699;175;2;Remaining Q0;Remaining Q0;Remaining Q302;Remaining Q16644;0
1133945;657;302;3;Remaining Q0;Remaining Q0;Remaining Q0;Remaining Q16644;0
1133946;422;422;4;Remaining Q0;Remaining Q0;Remaining Q0;Remaining Q16222;0
1134953;533;95;1;Remaining Q0;Remaining Q214;Remaining Q267;Remaining Q17646;0
1134955;705;214;2;Remaining Q0;Remaining Q0;Remaining Q267;Remaining Q17646;0
1134956;624;267;3;Remaining Q0;Remaining Q0;Remaining Q0;Remaining Q17646;0
1134958;424;424;4;Remaining Q0;Remaining Q0;Remaining Q0;Remaining Q17222;0
1135969;533;46;1;Remaining Q0;Remaining Q108;Remaining Q162;Remaining Q16879;1071
1135971;754;108;2;Remaining Q0;Remaining Q0;Remaining Q162;Remaining Q16879;1071
1135973;779;162;3;Remaining Q0;Remaining Q0;Remaining Q0;Remaining Q16879;1071
1135974;684;684;4;Remaining Q0;Remaining Q0;Remaining Q0;Remaining Q16195;1071
1136969;533;60;1;Remaining Q0;Remaining Q111;Remaining Q210;Remaining Q17160;1071
1136971;740;111;2;Remaining Q0;Remaining Q0;Remaining Q210;Remaining Q17160;1071
1136972;762;210;3;Remaining Q0;Remaining Q0;Remaining Q0;Remaining Q17160;1071
1136974;619;619;4;Remaining Q0;Remaining Q0;Remaining Q0;Remaining Q16541;1071
1137974;533;23;1;Remaining Q0;Remaining Q65;Remaining Q91;Remaining Q16970;1071
1137976;777;65;2;Remaining Q0;Remaining Q0;Remaining Q91;Remaining Q16970;1071
1137978;845;91;3;Remaining Q0;Remaining Q0;Remaining Q0;Remaining Q16970;1071
1137980;821;821;4;Remaining Q0;Remaining Q0;Remaining Q0;Remaining Q16149;1071
1138973;533;74;1;Remaining Q0;Remaining Q148;Remaining Q222;Remaining Q16993;1308
1138974;726;148;2;Remaining Q0;Remaining Q0;Remaining Q222;Remaining Q16993;1308
1138976;711;222;3;Remaining Q0;Remaining Q0;Remaining Q0;Remaining Q16993;1308
1138977;556;556;4;Remaining Q0;Remaining Q0;Remaining Q0;Remaining Q16437;1308
1139990;764;84;2;Remaining Q0;Remaining Q0;Remaining Q123;Remaining Q17015;1308
1139988;533;36;1;Remaining Q0;Remaining Q84;Remaining Q123;Remaining Q17015;1308
1139991;813;123;3;Remaining Q0;Remaining Q0;Remaining Q0;Remaining Q17015;1308
1139992;757;757;4;Remaining Q0;Remaining Q0;Remaining Q0;Remaining Q16258;1308
1140988;533;92;1;Remaining Q0;Remaining Q178;Remaining Q308;Remaining Q17680;1308
1140989;708;178;2;Remaining Q0;Remaining Q0;Remaining Q308;Remaining Q17680;1308
1140991;663;308;3;Remaining Q0;Remaining Q0;Remaining Q0;Remaining Q17680;1308
1140992;422;422;4;Remaining Q0;Remaining Q0;Remaining Q0;Remaining Q17258;1308
1141992;533;68;1;Remaining Q0;Remaining Q165;Remaining Q250;Remaining Q18215;1471
1141994;732;165;2;Remaining Q0;Remaining Q0;Remaining Q250;Remaining Q18215;1471
1141995;700;250;3;Remaining Q0;Remaining Q0;Remaining Q0;Remaining Q18215;1471
1141997;517;517;4;Remaining Q0;Remaining Q0;Remaining Q0;Remaining Q17698;1471
1143003;533;44;1;Remaining Q0;Remaining Q92;Remaining Q159;Remaining Q17932;1947
1143004;756;92;2;Remaining Q0;Remaining Q0;Remaining Q159;Remaining Q17932;1947
1143006;797;159;3;Remaining Q0;Remaining Q0;Remaining Q0;Remaining Q17932;1947
1143007;705;705;4;Remaining Q0;Remaining Q0;Remaining Q0;Remaining Q17227;1947
1144008;533;60;1;Remaining Q0;Remaining Q161;Remaining Q209;Remaining Q17541;2610
1144010;740;161;2;Remaining Q0;Remaining Q0;Remaining Q209;Remaining Q17541;2610
1144011;712;209;3;Remaining Q0;Remaining Q0;Remaining Q0;Remaining Q17541;2610
1144013;570;570;4;Remaining Q0;Remaining Q0;Remaining Q0;Remaining Q16971;2610
1145017;533;107;1;Remaining Q0;Remaining Q202;Remaining Q311;Remaining Q18084;2877
1145019;693;202;2;Remaining Q0;Remaining Q0;Remaining Q311;Remaining Q18084;2877
1145022;624;311;3;Remaining Q0;Remaining Q0;Remaining Q0;Remaining Q18084;2877
1145024;380;380;4;Remaining Q0;Remaining Q0;Remaining Q0;Remaining Q17704;2877
1146020;533;62;1;Remaining Q0;Remaining Q109;Remaining Q178;Remaining Q18468;2877
1146021;738;109;2;Remaining Q0;Remaining Q0;Remaining Q178;Remaining Q18468;2877
1146022;762;178;3;Remaining Q0;Remaining Q0;Remaining Q0;Remaining Q18468;2877
1146024;651;651;4;Remaining Q0;Remaining Q0;Remaining Q0;Remaining Q17817;2877
1147024;533;46;1;Remaining Q0;Remaining Q98;Remaining Q144;Remaining Q18564;2877
1147026;754;98;2;Remaining Q0;Remaining Q0;Remaining Q144;Remaining Q18564;2877
1147027;789;144;3;Remaining Q0;Remaining Q0;Remaining Q0;Remaining Q18564;2877
1147029;712;712;4;Remaining Q0;Remaining Q0;Remaining Q0;Remaining Q17852;2877
1148026;533;104;1;Remaining Q0;Remaining Q223;Remaining Q305;Remaining Q19043;3054
1148028;696;223;2;Remaining Q0;Remaining Q0;Remaining Q305;Remaining Q19043;3054
1148030;606;305;3;Remaining Q0;Remaining Q0;Remaining Q0;Remaining Q19043;3054
1148032;368;368;4;Remaining Q0;Remaining Q0;Remaining Q0;Remaining Q18675;3054
1149032;533;107;1;Remaining Q0;Remaining Q169;Remaining Q258;Remaining Q19766;3236
1149034;693;169;2;Remaining Q0;Remaining Q0;Remaining Q258;Remaining Q19766;3236
1149036;657;258;3;Remaining Q0;Remaining Q0;Remaining Q0;Remaining Q19766;3236
1149037;466;466;4;Remaining Q0;Remaining Q0;Remaining Q0;Remaining Q19300;3236
1150038;533;80;1;Remaining Q0;Remaining Q153;Remaining Q209;Remaining Q19216;4396
1150039;720;153;2;Remaining Q0;Remaining Q0;Remaining Q209;Remaining Q19216;4396
1150040;700;209;3;Remaining Q0;Remaining Q0;Remaining Q0;Remaining Q19216;4396
1150042;558;558;4;Remaining Q0;Remaining Q0;Remaining Q0;Remaining Q18658;4396
1151052;533;68;1;Remaining Q0;Remaining Q109;Remaining Q184;Remaining Q19432;4396
1151054;732;109;2;Remaining Q0;Remaining Q0;Remaining Q184;Remaining Q19432;4396
1151055;756;184;3;Remaining Q0;Remaining Q0;Remaining Q0;Remaining Q19432;4396
1151056;639;639;4;Remaining Q0;Remaining Q0;Remaining Q0;Remaining Q18793;4396
1152067;533;73;1;Remaining Q0;Remaining Q121;Remaining Q203;Remaining Q19387;4672
1152070;727;121;2;Remaining Q0;Remaining Q0;Remaining Q203;Remaining Q19387;4672
1152071;739;203;3;Remaining Q0;Remaining Q0;Remaining Q0;Remaining Q19387;4672
1152073;603;603;4;Remaining Q0;Remaining Q0;Remaining Q0;Remaining Q18784;4672
1153078;533;97;1;Remaining Q0;Remaining Q211;Remaining Q294;Remaining Q20182;4672
1153080;703;211;2;Remaining Q0;Remaining Q0;Remaining Q294;Remaining Q20182;4672
1153081;625;294;3;Remaining Q0;Remaining Q0;Remaining Q0;Remaining Q20182;4672
1153083;398;398;4;Remaining Q0;Remaining Q0;Remaining Q0;Remaining Q19784;4672
1154079;533;106;1;Remaining Q0;Remaining Q210;Remaining Q298;Remaining Q19371;6471
1154081;694;210;2;Remaining Q0;Remaining Q0;Remaining Q298;Remaining Q19371;6471
1154082;617;298;3;Remaining Q0;Remaining Q0;Remaining Q0;Remaining Q19371;6471
1154084;386;386;4;Remaining Q0;Remaining Q0;Remaining Q0;Remaining Q18985;6471
1155081;533;65;1;Remaining Q0;Remaining Q118;Remaining Q258;Remaining Q19879;6622
1155083;735;118;2;Remaining Q0;Remaining Q0;Remaining Q258;Remaining Q19879;6622
1155085;750;258;3;Remaining Q0;Remaining Q0;Remaining Q0;Remaining Q19879;6622
1155087;559;559;4;Remaining Q0;Remaining Q0;Remaining Q0;Remaining Q19320;6622
1156096;533;93;1;Remaining Q0;Remaining Q170;Remaining Q267;Remaining Q20349;6876
1156098;707;170;2;Remaining Q0;Remaining Q0;Remaining Q267;Remaining Q20349;6876
1156100;670;267;3;Remaining Q0;Remaining Q0;Remaining Q0;Remaining Q20349;6876
1156103;470;470;4;Remaining Q0;Remaining Q0;Remaining Q0;Remaining Q19879;6876
1157099;533;96;1;Remaining Q0;Remaining Q169;Remaining Q259;Remaining Q21067;7074
1157101;704;169;2;Remaining Q0;Remaining Q0;Remaining Q259;Remaining Q21067;7074
1157103;668;259;3;Remaining Q0;Remaining Q0;Remaining Q0;Remaining Q21067;7074
1157104;476;476;4;Remaining Q0;Remaining Q0;Remaining Q0;Remaining Q20591;7074
1158115;533;17;1;Remaining Q0;Remaining Q30;Remaining Q46;Remaining Q20335;7559
1158117;783;30;2;Remaining Q0;Remaining Q0;Remaining Q46;Remaining Q20335;7559
1158118;886;46;3;Remaining Q0;Remaining Q0;Remaining Q0;Remaining Q20335;7559
1158119;907;907;4;Remaining Q0;Remaining Q0;Remaining Q0;Remaining Q19428;7559
1159116;533;33;1;Remaining Q0;Remaining Q60;Remaining Q89;Remaining Q19842;7559
1159118;767;60;2;Remaining Q0;Remaining Q0;Remaining Q89;Remaining Q19842;7559
1159119;840;89;3;Remaining Q0;Remaining Q0;Remaining Q0;Remaining Q19842;7559
1159120;818;818;4;Remaining Q0;Remaining Q0;Remaining Q0;Remaining Q19024;7559
1160122;533;54;1;Remaining Q0;Remaining Q117;Remaining Q208;Remaining Q19947;7559
1160125;746;117;2;Remaining Q0;Remaining Q0;Remaining Q208;Remaining Q19947;7559
1160126;762;208;3;Remaining Q0;Remaining Q0;Remaining Q0;Remaining Q19947;7559
1160128;621;621;4;Remaining Q0;Remaining Q0;Remaining Q0;Remaining Q19326;7559
1161128;533;58;1;Remaining Q0;Remaining Q135;Remaining Q222;Remaining Q19528;8263
1161131;742;135;2;Remaining Q0;Remaining Q0;Remaining Q222;Remaining Q19528;8263
1161132;740;222;3;Remaining Q0;Remaining Q0;Remaining Q0;Remaining Q19528;8263
1161134;585;585;4;Remaining Q0;Remaining Q0;Remaining Q0;Remaining Q18943;8263
1162129;533;15;1;Remaining Q0;Remaining Q46;Remaining Q74;Remaining Q19212;8297
1162131;785;46;2;Remaining Q0;Remaining Q0;Remaining Q74;Remaining Q19212;8297
1162133;872;74;3;Remaining Q0;Remaining Q0;Remaining Q0;Remaining Q19212;8297
1162135;865;865;4;Remaining Q0;Remaining Q0;Remaining Q0;Remaining Q18347;8297
1163132;533;75;1;Remaining Q0;Remaining Q170;Remaining Q217;Remaining Q19204;8606
1163134;725;170;2;Remaining Q0;Remaining Q0;Remaining Q217;Remaining Q19204;8606
1163135;688;217;3;Remaining Q0;Remaining Q0;Remaining Q0;Remaining Q19204;8606
1163137;538;538;4;Remaining Q0;Remaining Q0;Remaining Q0;Remaining Q18666;8606
1164137;533;76;1;Remaining Q0;Remaining Q174;Remaining Q260;Remaining Q19819;8606
1164140;724;174;2;Remaining Q0;Remaining Q0;Remaining Q260;Remaining Q19819;8606
1164141;683;260;3;Remaining Q0;Remaining Q0;Remaining Q0;Remaining Q19819;8606
1164143;490;490;4;Remaining Q0;Remaining Q0;Remaining Q0;Remaining Q19329;8606
1165149;533;41;1;Remaining Q0;Remaining Q89;Remaining Q132;Remaining Q18747;9733
1165150;759;89;2;Remaining Q0;Remaining Q0;Remaining Q132;Remaining Q18747;9733
1165151;803;132;3;Remaining Q0;Remaining Q0;Remaining Q0;Remaining Q18747;9733
1165153;738;738;4;Remaining Q0;Remaining Q0;Remaining Q0;Remaining Q18009;9733
1166162;533;25;1;Remaining Q0;Remaining Q97;Remaining Q146;Remaining Q18546;9733
1166163;775;97;2;Remaining Q0;Remaining Q0;Remaining Q146;Remaining Q18546;9733
1166164;811;146;3;Remaining Q0;Remaining Q0;Remaining Q0;Remaining Q18546;9733
1166165;732;732;4;Remaining Q0;Remaining Q0;Remaining Q0;Remaining Q17814;9733
1167163;533;88;1;Remaining Q0;Remaining Q197;Remaining Q309;Remaining Q18794;10159
1167164;712;197;2;Remaining Q0;Remaining Q0;Remaining Q309;Remaining Q18794;10159
1167166;648;309;3;Remaining Q0;Remaining Q0;Remaining Q0;Remaining Q18794;10159
1167168;406;406;4;Remaining Q0;Remaining Q0;Remaining Q0;Remaining Q18388;10159
1168165;533;109;1;Remaining Q0;Remaining Q224;Remaining Q314;Remaining Q19416;10484
1168166;691;224;2;Remaining Q0;Remaining Q0;Remaining Q314;Remaining Q19416;10484
1168167;600;314;3;Remaining Q0;Remaining Q0;Remaining Q0;Remaining Q19416;10484
1168170;353;353;4;Remaining Q0;Remaining Q0;Remaining Q0;Remaining Q19063;10484
1169168;533;40;1;Remaining Q0;Remaining Q142;Remaining Q196;Remaining Q19102;11394
1169169;760;142;2;Remaining Q0;Remaining Q0;Remaining Q196;Remaining Q19102;11394
1169170;751;196;3;Remaining Q0;Remaining Q0;Remaining Q0;Remaining Q19102;11394
1169171;622;622;4;Remaining Q0;Remaining Q0;Remaining Q0;Remaining Q18480;11394
1170182;533;53;1;Remaining Q0;Remaining Q102;Remaining Q141;Remaining Q18420;12098
1170183;747;102;2;Remaining Q0;Remaining Q0;Remaining Q141;Remaining Q18420;12098
1170185;778;141;3;Remaining Q0;Remaining Q0;Remaining Q0;Remaining Q18420;12098
1170186;704;704;4;Remaining Q0;Remaining Q0;Remaining Q0;Remaining Q17716;12098
1171184;533;60;1;Remaining Q0;Remaining Q138;Remaining Q191;Remaining Q18627;12098
1171186;740;138;2;Remaining Q0;Remaining Q0;Remaining Q191;Remaining Q18627;12098
1171188;735;191;3;Remaining Q0;Remaining Q0;Remaining Q0;Remaining Q18627;12098
1171193;611;611;4;Remaining Q0;Remaining Q0;Remaining Q0;Remaining Q18016;12098
1172185;533;61;1;Remaining Q0;Remaining Q101;Remaining Q160;Remaining Q17998;12825
1172188;771;160;3;Remaining Q0;Remaining Q0;Remaining Q0;Remaining Q17998;12825
1172186;739;101;2;Remaining Q0;Remaining Q0;Remaining Q160;Remaining Q17998;12825
1172189;678;678;4;Remaining Q0;Remaining Q0;Remaining Q0;Remaining Q17320;12825
1173198;533;104;1;Remaining Q0;Remaining Q211;Remaining Q293;Remaining Q17398;14134
1173199;696;211;2;Remaining Q0;Remaining Q0;Remaining Q293;Remaining Q17398;14134
1173201;618;293;3;Remaining Q0;Remaining Q0;Remaining Q0;Remaining Q17398;14134
1173204;392;392;4;Remaining Q0;Remaining Q0;Remaining Q0;Remaining Q17006;14134
1174203;533;75;1;Remaining Q0;Remaining Q141;Remaining Q203;Remaining Q17833;14319
1174206;725;141;2;Remaining Q0;Remaining Q0;Remaining Q203;Remaining Q17833;14319
1174208;717;203;3;Remaining Q0;Remaining Q0;Remaining Q0;Remaining Q17833;14319
1174211;581;581;4;Remaining Q0;Remaining Q0;Remaining Q0;Remaining Q17252;14319
1175207;533;96;1;Remaining Q0;Remaining Q189;Remaining Q301;Remaining Q18630;14355
1175208;704;189;2;Remaining Q0;Remaining Q0;Remaining Q301;Remaining Q18630;14355
1175209;648;301;3;Remaining Q0;Remaining Q0;Remaining Q0;Remaining Q18630;14355
1175211;414;414;4;Remaining Q0;Remaining Q0;Remaining Q0;Remaining Q18216;14355
1176219;533;13;1;Remaining Q0;Remaining Q34;Remaining Q59;Remaining Q16602;16205
1176222;848;118;3;Remaining Q17;Remaining Q0;Remaining Q0;Remaining Q16865;16205
1176223;797;797;4;Remaining Q17;Remaining Q0;Remaining Q0;Remaining Q16068;16205
1176221;787;72;2;Remaining Q17;Remaining Q0;Remaining Q118;Remaining Q16865;16205
1177225;533;32;1;Remaining Q0;Remaining Q55;Remaining Q78;Remaining Q16470;16205
1177226;768;55;2;Remaining Q0;Remaining Q0;Remaining Q78;Remaining Q16470;16205
1177228;846;78;3;Remaining Q0;Remaining Q0;Remaining Q0;Remaining Q16470;16205
1177228;835;835;4;Remaining Q0;Remaining Q0;Remaining Q0;Remaining Q15635;16205
1178228;533;22;1;Remaining Q0;Remaining Q32;Remaining Q55;Remaining Q15863;16205
1178229;778;32;2;Remaining Q0;Remaining Q0;Remaining Q55;Remaining Q15863;16205
1178232;879;132;3;Remaining Q34;Remaining Q55;Remaining Q0;Remaining Q16205;16205
1178234;814;814;4;Remaining Q34;Remaining Q55;Remaining Q0;Remaining Q15391;16205
1179231;533;75;1;Remaining Q0;Remaining Q117;Remaining Q94;Remaining Q15942;16205
1179233;725;117;2;Remaining Q0;Remaining Q0;Remaining Q94;Remaining Q15942;16205
1179235;741;94;3;Remaining Q0;Remaining Q0;Remaining Q0;Remaining Q15942;16205
1179237;714;714;4;Remaining Q0;Remaining Q0;Remaining Q0;Remaining Q15228;16205
1180245;533;28;1;Remaining Q0;Remaining Q64;Remaining Q80;Remaining Q15585;16205
1180247;772;64;2;Remaining Q0;Remaining Q0;Remaining Q80;Remaining Q15585;16205
1180249;841;80;3;Remaining Q0;Remaining Q0;Remaining Q0;Remaining Q15585;16205
1180252;828;828;4;Remaining Q0;Remaining Q0;Remaining Q0;Remaining Q14757;16205
1181254;533;30;1;Remaining Q0;Remaining Q79;Remaining Q115;Remaining Q15229;16205
1181256;770;79;2;Remaining Q0;Remaining Q0;Remaining Q115;Remaining Q15229;16205
1181258;824;115;3;Remaining Q0;Remaining Q0;Remaining Q0;Remaining Q15229;16205
1181259;776;776;4;Remaining Q0;Remaining Q0;Remaining Q0;Remaining Q14453;16205
1182260;533;19;1;Remaining Q0;Remaining Q36;Remaining Q67;Remaining Q14706;16205
1182262;781;36;2;Remaining Q0;Remaining Q0;Remaining Q67;Remaining Q14706;16205
1182263;878;67;3;Remaining Q0;Remaining Q0;Remaining Q0;Remaining Q14706;16205
1182265;878;878;4;Remaining Q0;Remaining Q0;Remaining Q0;Remaining Q13828;16205
1183275;533;54;1;Remaining Q0;Remaining Q118;Remaining Q172;Remaining Q14599;16205
1183278;746;118;2;Remaining Q0;Remaining Q0;Remaining Q172;Remaining Q14599;16205
1183280;761;172;3;Remaining Q0;Remaining Q0;Remaining Q0;Remaining Q14599;16205
1183281;656;656;4;Remaining Q0;Remaining Q0;Remaining Q0;Remaining Q13943;16205
1184276;533;26;1;Remaining Q0;Remaining Q61;Remaining Q79;Remaining Q14330;16205
1184279;774;61;2;Remaining Q0;Remaining Q0;Remaining Q79;Remaining Q14330;16205
1184280;846;79;3;Remaining Q0;Remaining Q0;Remaining Q0;Remaining Q14330;16205
1184282;834;834;4;Remaining Q0;Remaining Q0;Remaining Q0;Remaining Q13496;16205
1185286;533;20;1;Remaining Q0;Remaining Q53;Remaining Q49;Remaining Q13835;16205
1185289;780;53;2;Remaining Q0;Remaining Q0;Remaining Q49;Remaining Q13835;16205
1185290;860;49;3;Remaining Q0;Remaining Q0;Remaining Q0;Remaining Q13835;16205
1185291;878;878;4;Remaining Q0;Remaining Q0;Remaining Q0;Remaining Q12957;16205
1186294;533;74;1;Remaining Q0;Remaining Q144;Remaining Q215;Remaining Q13933;16205
1186297;726;144;2;Remaining Q0;Remaining Q0;Remaining Q215;Remaining Q13933;16205
1186299;715;215;3;Remaining Q0;Remaining Q0;Remaining Q0;Remaining Q13933;16205
1186301;567;567;4;Remaining Q0;Remaining Q0;Remaining Q0;Remaining Q13366;16205
1187298;533;58;1;Remaining Q0;Remaining Q139;Remaining Q216;Remaining Q14183;16241
1187300;742;139;2;Remaining Q0;Remaining Q0;Remaining Q216;Remaining Q14183;16241
1187303;736;216;3;Remaining Q0;Remaining Q0;Remaining Q0;Remaining Q14183;16241
1187305;587;587;4;Remaining Q0;Remaining Q0;Remaining Q0;Remaining Q13596;16241
1188303;533;26;1;Remaining Q0;Remaining Q53;Remaining Q72;Remaining Q13142;17087
1188305;774;53;2;Remaining Q0;Remaining Q0;Remaining Q72;Remaining Q13142;17087
1188306;854;72;3;Remaining Q0;Remaining Q0;Remaining Q0;Remaining Q13142;17087
1188308;849;849;4;Remaining Q0;Remaining Q0;Remaining Q0;Remaining Q12293;17087
1189306;533;78;1;Remaining Q0;Remaining Q159;Remaining Q232;Remaining Q13338;17087
1189309;722;159;2;Remaining Q0;Remaining Q0;Remaining Q232;Remaining Q13338;17087
1189310;696;232;3;Remaining Q0;Remaining Q0;Remaining Q0;Remaining Q13338;17087
1189312;531;531;4;Remaining Q0;Remaining Q0;Remaining Q0;Remaining Q12807;17087
1190309;533;25;1;Remaining Q0;Remaining Q55;Remaining Q79;Remaining Q13218;17087
1190311;775;55;2;Remaining Q0;Remaining Q0;Remaining Q79;Remaining Q13218;17087
1190312;853;79;3;Remaining Q0;Remaining Q0;Remaining Q0;Remaining Q13218;17087
1190314;841;841;4;Remaining Q0;Remaining Q0;Remaining Q0;Remaining Q12377;17087
1191323;533;75;1;Remaining Q0;Remaining Q191;Remaining Q221;Remaining Q13545;17087
1191325;725;191;2;Remaining Q0;Remaining Q0;Remaining Q221;Remaining Q13545;17087
1191327;667;221;3;Remaining Q0;Remaining Q0;Remaining Q0;Remaining Q13545;17087
1191328;513;513;4;Remaining Q0;Remaining Q0;Remaining Q0;Remaining Q13032;17087
1192327;533;73;1;Remaining Q0;Remaining Q129;Remaining Q197;Remaining Q13850;17087
1192329;727;129;2;Remaining Q0;Remaining Q0;Remaining Q197;Remaining Q13850;17087
1192331;731;197;3;Remaining Q0;Remaining Q0;Remaining Q0;Remaining Q13850;17087
1192332;601;601;4;Remaining Q0;Remaining Q0;Remaining Q0;Remaining Q13249;17087
1193328;533;93;1;Remaining Q0;Remaining Q201;Remaining Q288;Remaining Q13702;17955
1193331;707;201;2;Remaining Q0;Remaining Q0;Remaining Q288;Remaining Q13702;17955
1193333;639;288;3;Remaining Q0;Remaining Q0;Remaining Q0;Remaining Q13702;17955
1193335;418;418;4;Remaining Q0;Remaining Q0;Remaining Q0;Remaining Q13284;17955
1194333;533;74;1;Remaining Q0;Remaining Q122;Remaining Q233;Remaining Q13160;19105
1194335;726;122;2;Remaining Q0;Remaining Q0;Remaining Q233;Remaining Q13160;19105
1194336;737;233;3;Remaining Q0;Remaining Q0;Remaining Q0;Remaining Q13160;19105
1194338;571;571;4;Remaining Q0;Remaining Q0;Remaining Q0;Remaining Q12589;19105
1195339;533;100;1;Remaining Q0;Remaining Q197;Remaining Q274;Remaining Q13804;19319
1195341;700;197;2;Remaining Q0;Remaining Q0;Remaining Q274;Remaining Q13804;19319
1195342;636;274;3;Remaining Q0;Remaining Q0;Remaining Q0;Remaining Q13804;19319
1195344;429;429;4;Remaining Q0;Remaining Q0;Remaining Q0;Remaining Q13375;19319
1196342;533;20;1;Remaining Q0;Remaining Q49;Remaining Q79;Remaining Q13721;19319
1196343;780;49;2;Remaining Q0;Remaining Q0;Remaining Q79;Remaining Q13721;19319
1196345;864;79;3;Remaining Q0;Remaining Q0;Remaining Q0;Remaining Q13721;19319
1196349;852;852;4;Remaining Q0;Remaining Q0;Remaining Q0;Remaining Q12869;19319
1197357;533;88;1;Remaining Q0;Remaining Q191;Remaining Q271;Remaining Q14041;19319
1197360;654;271;3;Remaining Q0;Remaining Q0;Remaining Q0;Remaining Q14041;19319
1197359;712;191;2;Remaining Q0;Remaining Q0;Remaining Q271;Remaining Q14041;19319
1197362;450;450;4;Remaining Q0;Remaining Q0;Remaining Q0;Remaining Q13591;19319
1198362;533;74;1;Remaining Q0;Remaining Q140;Remaining Q234;Remaining Q14630;19319
1198363;726;140;2;Remaining Q0;Remaining Q0;Remaining Q234;Remaining Q14630;19319
1198364;719;234;3;Remaining Q0;Remaining Q0;Remaining Q0;Remaining Q14630;19319
1198368;552;552;4;Remaining Q0;Remaining Q0;Remaining Q0;Remaining Q14078;19319
1199369;533;58;1;Remaining Q0;Remaining Q77;Remaining Q152;Remaining Q14771;19319
1199371;742;77;2;Remaining Q0;Remaining Q0;Remaining Q152;Remaining Q14771;19319
1199374;713;713;4;Remaining Q0;Remaining Q0;Remaining Q0;Remaining Q14058;19319
1199373;798;152;3;Remaining Q0;Remaining Q0;Remaining Q0;Remaining Q14771;19319
1200372;533;73;1;Remaining Q0;Remaining Q176;Remaining Q256;Remaining Q15377;19319
1200374;727;176;2;Remaining Q0;Remaining Q0;Remaining Q256;Remaining Q15377;19319
1200376;684;256;3;Remaining Q0;Remaining Q0;Remaining Q0;Remaining Q15377;19319
1200378;495;495;4;Remaining Q0;Remaining Q0;Remaining Q0;Remaining Q14882;19319
1201387;533;44;1;Remaining Q0;Remaining Q90;Remaining Q141;Remaining Q15607;19319
1201391;756;90;2;Remaining Q0;Remaining Q0;Remaining Q141;Remaining Q15607;19319
1201393;799;141;3;Remaining Q0;Remaining Q0;Remaining Q0;Remaining Q15607;19319
1201395;725;725;4;Remaining Q0;Remaining Q0;Remaining Q0;Remaining Q14882;19319
1202392;533;67;1;Remaining Q0;Remaining Q110;Remaining Q164;Remaining Q15614;19319
1202394;733;110;2;Remaining Q0;Remaining Q0;Remaining Q164;Remaining Q15614;19319
1202396;756;164;3;Remaining Q0;Remaining Q0;Remaining Q0;Remaining Q15614;19319
1202398;659;659;4;Remaining Q0;Remaining Q0;Remaining Q0;Remaining Q14955;19319
1203398;533;19;1;Remaining Q0;Remaining Q51;Remaining Q72;Remaining Q15294;19319
1203400;781;51;2;Remaining Q0;Remaining Q0;Remaining Q72;Remaining Q15294;19319
1203402;863;72;3;Remaining Q0;Remaining Q0;Remaining Q0;Remaining Q15294;19319
1203403;858;858;4;Remaining Q0;Remaining Q0;Remaining Q0;Remaining Q14436;19319
1204411;533;96;1;Remaining Q0;Remaining Q193;Remaining Q286;Remaining Q15718;19319
1204413;704;193;2;Remaining Q0;Remaining Q0;Remaining Q286;Remaining Q15718;19319
1204414;644;286;3;Remaining Q0;Remaining Q0;Remaining Q0;Remaining Q15718;19319
1204415;425;425;4;Remaining Q0;Remaining Q0;Remaining Q0;Remaining Q15293;19319
1205411;533;39;1;Remaining Q0;Remaining Q112;Remaining Q134;Remaining Q15982;19319
1205413;761;112;2;Remaining Q0;Remaining Q0;Remaining Q134;Remaining Q15982;19319
1205414;782;134;3;Remaining Q0;Remaining Q0;Remaining Q0;Remaining Q15982;19319
1205416;715;715;4;Remaining Q0;Remaining Q0;Remaining Q0;Remaining Q15267;19319
1206426;533;37;1;Remaining Q0;Remaining Q65;Remaining Q121;Remaining Q15780;19319
1206427;763;65;2;Remaining Q0;Remaining Q0;Remaining Q121;Remaining Q15780;19319
1206429;831;121;3;Remaining Q0;Remaining Q0;Remaining Q0;Remaining Q15780;19319
1206431;777;777;4;Remaining Q0;Remaining Q0;Remaining Q0;Remaining Q15003;19319
1207441;533;90;1;Remaining Q0;Remaining Q159;Remaining Q258;Remaining Q16264;19319
1207442;710;159;2;Remaining Q0;Remaining Q0;Remaining Q258;Remaining Q16264;19319
1207444;684;258;3;Remaining Q0;Remaining Q0;Remaining Q0;Remaining Q16264;19319
1207445;493;493;4;Remaining Q0;Remaining Q0;Remaining Q0;Remaining Q15771;19319
1208447;533;63;1;Remaining Q0;Remaining Q96;Remaining Q157;Remaining Q16467;19319
1208449;737;96;2;Remaining Q0;Remaining Q0;Remaining Q157;Remaining Q16467;19319
1208451;774;157;3;Remaining Q0;Remaining Q0;Remaining Q0;Remaining Q16467;19319
1208453;684;684;4;Remaining Q0;Remaining Q0;Remaining Q0;Remaining Q15783;19319
1209449;533;34;1;Remaining Q0;Remaining Q67;Remaining Q99;Remaining Q16233;19319
1209451;766;67;2;Remaining Q0;Remaining Q0;Remaining Q99;Remaining Q16233;19319
1209452;832;99;3;Remaining Q0;Remaining Q0;Remaining Q0;Remaining Q16233;19319
1209453;800;800;4;Remaining Q0;Remaining Q0;Remaining Q0;Remaining Q15433;19319
1210450;533;17;1;Remaining Q0;Remaining Q66;Remaining Q91;Remaining Q15888;19319
1210451;783;66;2;Remaining Q0;Remaining Q0;Remaining Q91;Remaining Q15888;19319
1210453;850;91;3;Remaining Q0;Remaining Q0;Remaining Q0;Remaining Q15888;19319
1210456;826;826;4;Remaining Q0;Remaining Q0;Remaining Q0;Remaining Q15062;19319
1211456;533;55;1;Remaining Q0;Remaining Q129;Remaining Q188;Remaining Q15964;19319
1211458;749;188;3;Remaining Q0;Remaining Q0;Remaining Q0;Remaining Q15964;19319
1211457;745;129;2;Remaining Q0;Remaining Q0;Remaining Q188;Remaining Q15964;19319
1211459;628;628;4;Remaining Q0;Remaining Q0;Remaining Q0;Remaining Q15336;19319
1212462;533;33;1;Remaining Q0;Remaining Q61;Remaining Q95;Remaining Q15753;19319
1212464;767;61;2;Remaining Q0;Remaining Q0;Remaining Q95;Remaining Q15753;19319
1212465;839;95;3;Remaining Q0;Remaining Q0;Remaining Q0;Remaining Q15753;19319
1212467;811;811;4;Remaining Q0;Remaining Q0;Remaining Q0;Remaining Q14942;19319
1213471;533;93;1;Remaining Q0;Remaining Q174;Remaining Q285;Remaining Q15848;19802
1213472;707;174;2;Remaining Q0;Remaining Q0;Remaining Q285;Remaining Q15848;19802
1213474;666;285;3;Remaining Q0;Remaining Q0;Remaining Q0;Remaining Q15848;19802
1213476;448;448;4;Remaining Q0;Remaining Q0;Remaining Q0;Remaining Q15400;19802
1214472;533;71;1;Remaining Q0;Remaining Q149;Remaining Q235;Remaining Q15938;20324
1214474;729;149;2;Remaining Q0;Remaining Q0;Remaining Q235;Remaining Q15938;20324
1214475;713;235;3;Remaining Q0;Remaining Q0;Remaining Q0;Remaining Q15938;20324
1214478;545;545;4;Remaining Q0;Remaining Q0;Remaining Q0;Remaining Q15393;20324
1215474;533;65;1;Remaining Q0;Remaining Q173;Remaining Q234;Remaining Q16307;20584
1215478;735;173;2;Remaining Q0;Remaining Q0;Remaining Q234;Remaining Q16307;20584
1215480;695;234;3;Remaining Q0;Remaining Q0;Remaining Q0;Remaining Q16307;20584
1215481;528;528;4;Remaining Q0;Remaining Q0;Remaining Q0;Remaining Q15779;20584
1216484;533;106;1;Remaining Q0;Remaining Q210;Remaining Q293;Remaining Q17170;20584
1216487;694;210;2;Remaining Q0;Remaining Q0;Remaining Q293;Remaining Q17170;20584
1216490;617;293;3;Remaining Q0;Remaining Q0;Remaining Q0;Remaining Q17170;20584
1216493;391;391;4;Remaining Q0;Remaining Q0;Remaining Q0;Remaining Q16779;20584
1217500;533;94;1;Remaining Q0;Remaining Q194;Remaining Q318;Remaining Q16881;21876
1217503;706;194;2;Remaining Q0;Remaining Q0;Remaining Q318;Remaining Q16881;21876
1217505;645;318;3;Remaining Q0;Remaining Q0;Remaining Q0;Remaining Q16881;21876
1217507;394;394;4;Remaining Q0;Remaining Q0;Remaining Q0;Remaining Q16487;21876
1218512;533;87;1;Remaining Q0;Remaining Q197;Remaining Q298;Remaining Q17606;22175
1218515;713;197;2;Remaining Q0;Remaining Q0;Remaining Q298;Remaining Q17606;22175
1218516;649;298;3;Remaining Q0;Remaining Q0;Remaining Q0;Remaining Q17606;22175
1218518;418;418;4;Remaining Q0;Remaining Q0;Remaining Q0;Remaining Q17188;22175
1219518;533;71;1;Remaining Q0;Remaining Q113;Remaining Q177;Remaining Q17769;22421
1219519;729;113;2;Remaining Q0;Remaining Q0;Remaining Q177;Remaining Q17769;22421
1219521;749;177;3;Remaining Q0;Remaining Q0;Remaining Q0;Remaining Q17769;22421
1219522;639;639;4;Remaining Q0;Remaining Q0;Remaining Q0;Remaining Q17130;22421
1220527;533;100;1;Remaining Q0;Remaining Q176;Remaining Q333;Remaining Q18505;22437
1220529;700;176;2;Remaining Q0;Remaining Q0;Remaining Q333;Remaining Q18505;22437
1220531;657;333;3;Remaining Q0;Remaining Q0;Remaining Q0;Remaining Q18505;22437
1220533;391;391;4;Remaining Q0;Remaining Q0;Remaining Q0;Remaining Q18114;22437
1221535;533;100;1;Remaining Q0;Remaining Q202;Remaining Q300;Remaining Q19131;22818
1221537;700;202;2;Remaining Q0;Remaining Q0;Remaining Q300;Remaining Q19131;22818
1221539;631;300;3;Remaining Q0;Remaining Q0;Remaining Q0;Remaining Q19131;22818
1221541;398;398;4;Remaining Q0;Remaining Q0;Remaining Q0;Remaining Q18733;22818
1222542;681;219;2;Remaining Q0;Remaining Q0;Remaining Q313;Remaining Q19670;23230
1222544;595;313;3;Remaining Q0;Remaining Q0;Remaining Q0;Remaining Q19670;23230
1222541;533;119;1;Remaining Q0;Remaining Q219;Remaining Q313;Remaining Q19670;23230
1222545;349;349;4;Remaining Q0;Remaining Q0;Remaining Q0;Remaining Q19321;23230
1223547;533;97;1;Remaining Q0;Remaining Q196;Remaining Q276;Remaining Q20204;23778
1223549;703;196;2;Remaining Q0;Remaining Q0;Remaining Q276;Remaining Q20204;23778
1223551;640;276;3;Remaining Q0;Remaining Q0;Remaining Q0;Remaining Q20204;23778
1223553;431;431;4;Remaining Q0;Remaining Q0;Remaining Q0;Remaining Q19773;23778
1224553;533;79;1;Remaining Q0;Remaining Q189;Remaining Q240;Remaining Q20855;23946
1224555;721;189;2;Remaining Q0;Remaining Q0;Remaining Q240;Remaining Q20855;23946
1224556;665;240;3;Remaining Q0;Remaining Q0;Remaining Q0;Remaining Q20855;23946
1224558;492;492;4;Remaining Q0;Remaining Q0;Remaining Q0;Remaining Q20363;23946
1225561;533;0;1;Remaining Q0;Remaining Q0;Remaining Q0;Remaining Q19653;24656
1225565;933;0;3;Remaining Q0;Remaining Q0;Remaining Q0;Remaining Q19653;24656
1225563;800;0;2;Remaining Q0;Remaining Q0;Remaining Q0;Remaining Q19653;24656
1225567;1000;1000;4;Remaining Q0;Remaining Q0;Remaining Q0;Remaining Q18653;24656
1226566;533;0;1;Remaining Q0;Remaining Q0;Remaining Q0;Remaining Q18631;24678
1226568;800;0;2;Remaining Q0;Remaining Q0;Remaining Q0;Remaining Q18631;24678
1226569;933;0;3;Remaining Q0;Remaining Q0;Remaining Q0;Remaining Q18631;24678
1226570;1000;1000;4;Remaining Q0;Remaining Q0;Remaining Q0;Remaining Q17631;24678
1227579;533;0;1;Remaining Q0;Remaining Q0;Remaining Q0;Remaining Q17631;24678
1227580;800;0;2;Remaining Q0;Remaining Q0;Remaining Q0;Remaining Q17631;24678
1227581;933;0;3;Remaining Q0;Remaining Q0;Remaining Q0;Remaining Q17631;24678
1227582;1000;1000;4;Remaining Q0;Remaining Q0;Remaining Q0;Remaining Q16631;24678
1228587;533;0;1;Remaining Q0;Remaining Q0;Remaining Q0;Remaining Q16631;24678
1228590;800;0;2;Remaining Q0;Remaining Q0;Remaining Q0;Remaining Q16631;24678
1228591;933;0;3;Remaining Q0;Remaining Q0;Remaining Q0;Remaining Q16631;24678
1228592;1000;1000;4;Remaining Q0;Remaining Q0;Remaining Q0;Remaining Q15631;24678
1229602;533;0;1;Remaining Q0;Remaining Q0;Remaining Q0;Remaining Q15631;24678
1229604;800;0;2;Remaining Q0;Remaining Q0;Remaining Q0;Remaining Q15631;24678
1229605;933;0;3;Remaining Q0;Remaining Q0;Remaining Q0;Remaining Q15631;24678
1229606;1000;1000;4;Remaining Q0;Remaining Q0;Remaining Q0;Remaining Q14631;24678
1230612;533;0;1;Remaining Q0;Remaining Q0;Remaining Q0;Remaining Q14631;24678
1230615;800;0;2;Remaining Q0;Remaining Q0;Remaining Q0;Remaining Q14631;24678
1230616;933;0;3;Remaining Q0;Remaining Q0;Remaining Q0;Remaining Q14631;24678
1230619;1000;1000;4;Remaining Q0;Remaining Q0;Remaining Q0;Remaining Q13631;24678
1231613;533;0;1;Remaining Q0;Remaining Q0;Remaining Q0;Remaining Q13631;24678
1231616;800;0;2;Remaining Q0;Remaining Q0;Remaining Q0;Remaining Q13631;24678
1231618;933;0;3;Remaining Q0;Remaining Q0;Remaining Q0;Remaining Q13631;24678
1231619;1000;1000;4;Remaining Q0;Remaining Q0;Remaining Q0;Remaining Q12631;24678
1232627;533;0;1;Remaining Q0;Remaining Q0;Remaining Q0;Remaining Q12631;24678
1232628;800;0;2;Remaining Q0;Remaining Q0;Remaining Q0;Remaining Q12631;24678
1232629;933;0;3;Remaining Q0;Remaining Q0;Remaining Q0;Remaining Q12631;24678
1232631;1000;1000;4;Remaining Q0;Remaining Q0;Remaining Q0;Remaining Q11631;24678
1233641;533;0;1;Remaining Q0;Remaining Q0;Remaining Q0;Remaining Q11631;24678
1233644;800;0;2;Remaining Q0;Remaining Q0;Remaining Q0;Remaining Q11631;24678
1233645;933;0;3;Remaining Q0;Remaining Q0;Remaining Q0;Remaining Q11631;24678
1233648;1000;1000;4;Remaining Q0;Remaining Q0;Remaining Q0;Remaining Q10631;24678
1234654;533;0;1;Remaining Q0;Remaining Q0;Remaining Q0;Remaining Q10631;24678
1234655;800;0;2;Remaining Q0;Remaining Q0;Remaining Q0;Remaining Q10631;24678
1234656;933;0;3;Remaining Q0;Remaining Q0;Remaining Q0;Remaining Q10631;24678
1234657;1000;1000;4;Remaining Q0;Remaining Q0;Remaining Q0;Remaining Q9631;24678
1235663;533;0;1;Remaining Q0;Remaining Q0;Remaining Q0;Remaining Q9631;24678
1235664;800;0;2;Remaining Q0;Remaining Q0;Remaining Q0;Remaining Q9631;24678
1235666;1000;1000;4;Remaining Q0;Remaining Q0;Remaining Q0;Remaining Q8631;24678
1235665;933;0;3;Remaining Q0;Remaining Q0;Remaining Q0;Remaining Q9631;24678
1236677;533;0;1;Remaining Q0;Remaining Q0;Remaining Q0;Remaining Q8631;24678
1236678;800;0;2;Remaining Q0;Remaining Q0;Remaining Q0;Remaining Q8631;24678
1236679;933;0;3;Remaining Q0;Remaining Q0;Remaining Q0;Remaining Q8631;24678
1236681;1000;1000;4;Remaining Q0;Remaining Q0;Remaining Q0;Remaining Q7631;24678
1237678;533;0;1;Remaining Q0;Remaining Q0;Remaining Q0;Remaining Q7585;24724
1237679;800;0;2;Remaining Q0;Remaining Q0;Remaining Q0;Remaining Q7585;24724
1237680;933;0;3;Remaining Q0;Remaining Q0;Remaining Q0;Remaining Q7585;24724
1237682;1000;1000;4;Remaining Q0;Remaining Q0;Remaining Q0;Remaining Q6585;24724
1238692;533;0;1;Remaining Q0;Remaining Q0;Remaining Q0;Remaining Q6585;24724
1238694;800;0;2;Remaining Q0;Remaining Q0;Remaining Q0;Remaining Q6585;24724
1238697;933;0;3;Remaining Q0;Remaining Q0;Remaining Q0;Remaining Q6585;24724
1238698;1000;1000;4;Remaining Q0;Remaining Q0;Remaining Q0;Remaining Q5585;24724
1239707;533;0;1;Remaining Q0;Remaining Q0;Remaining Q0;Remaining Q5585;24724
1239709;800;0;2;Remaining Q0;Remaining Q0;Remaining Q0;Remaining Q5585;24724
1239710;933;0;3;Remaining Q0;Remaining Q0;Remaining Q0;Remaining Q5585;24724
1239712;1000;1000;4;Remaining Q0;Remaining Q0;Remaining Q0;Remaining Q4585;24724
1240716;533;0;1;Remaining Q0;Remaining Q0;Remaining Q0;Remaining Q4195;25114
1240718;800;0;2;Remaining Q0;Remaining Q0;Remaining Q0;Remaining Q4195;25114
1240719;933;0;3;Remaining Q0;Remaining Q0;Remaining Q0;Remaining Q4195;25114
1240721;1000;1000;4;Remaining Q0;Remaining Q0;Remaining Q0;Remaining Q3195;25114
1241729;533;0;1;Remaining Q0;Remaining Q0;Remaining Q0;Remaining Q3195;25114
1241733;933;0;3;Remaining Q0;Remaining Q0;Remaining Q0;Remaining Q3195;25114
1241731;800;0;2;Remaining Q0;Remaining Q0;Remaining Q0;Remaining Q3195;25114
1241734;1000;1000;4;Remaining Q0;Remaining Q0;Remaining Q0;Remaining Q2195;25114
1242731;533;0;1;Remaining Q0;Remaining Q0;Remaining Q0;Remaining Q1954;25355
1242732;800;0;2;Remaining Q0;Remaining Q0;Remaining Q0;Remaining Q1954;25355
1242734;933;0;3;Remaining Q0;Remaining Q0;Remaining Q0;Remaining Q1954;25355
1242735;1000;1000;4;Remaining Q0;Remaining Q0;Remaining Q0;Remaining Q954;25355
1243743;533;0;1;Remaining Q0;Remaining Q0;Remaining Q0;Remaining Q441;25868
1243745;800;0;2;Remaining Q0;Remaining Q0;Remaining Q0;Remaining Q441;25868
1243746;933;0;3;Remaining Q0;Remaining Q0;Remaining Q0;Remaining Q441;25868
1243747;1000;441;4;Remaining Q0;Remaining Q0;Remaining Q0;Remaining Q0;25868
1243749;559;559;0;Remaining Q0;Remaining Q0;Remaining Q0;Remaining Q0;25309
1244744;533;0;1;Remaining Q0;Remaining Q0;Remaining Q0;Remaining Q0;25309
1244747;800;0;2;Remaining Q0;Remaining Q0;Remaining Q0;Remaining Q0;25309
1244750;933;0;3;Remaining Q0;Remaining Q0;Remaining Q0;Remaining Q0;25309
1244752;1000;0;4;Remaining Q0;Remaining Q0;Remaining Q0;Remaining Q0;25309
1244754;1000;1000;0;Remaining Q0;Remaining Q0;Remaining Q0;Remaining Q0;24309
1245752;533;0;1;Remaining Q0;Remaining Q0;Remaining Q0;Remaining Q0;24309
1245754;800;0;2;Remaining Q0;Remaining Q0;Remaining Q0;Remaining Q0;24309
1245756;933;0;3;Remaining Q0;Remaining Q0;Remaining Q0;Remaining Q0;24309
1245757;1000;0;4;Remaining Q0;Remaining Q0;Remaining Q0;Remaining Q0;24309
1245758;1000;1000;0;Remaining Q0;Remaining Q0;Remaining Q0;Remaining Q0;23309
1246768;533;0;1;Remaining Q0;Remaining Q0;Remaining Q0;Remaining Q0;23309
1246770;800;0;2;Remaining Q0;Remaining Q0;Remaining Q0;Remaining Q0;23309
1246772;933;0;3;Remaining Q0;Remaining Q0;Remaining Q0;Remaining Q0;23309
1246773;1000;0;4;Remaining Q0;Remaining Q0;Remaining Q0;Remaining Q0;23309
1246774;1000;1000;0;Remaining Q0;Remaining Q0;Remaining Q0;Remaining Q0;22309
1247777;533;0;1;Remaining Q0;Remaining Q0;Remaining Q0;Remaining Q0;22309
1247779;800;0;2;Remaining Q0;Remaining Q0;Remaining Q0;Remaining Q0;22309
1247781;933;0;3;Remaining Q0;Remaining Q0;Remaining Q0;Remaining Q0;22309
1247783;1000;0;4;Remaining Q0;Remaining Q0;Remaining Q0;Remaining Q0;22309
1247784;1000;1000;0;Remaining Q0;Remaining Q0;Remaining Q0;Remaining Q0;21309
1248791;533;0;1;Remaining Q0;Remaining Q0;Remaining Q0;Remaining Q0;21309
1248793;800;0;2;Remaining Q0;Remaining Q0;Remaining Q0;Remaining Q0;21309
1248796;1000;0;4;Remaining Q0;Remaining Q0;Remaining Q0;Remaining Q0;21309
1248794;933;0;3;Remaining Q0;Remaining Q0;Remaining Q0;Remaining Q0;21309
1248798;1000;1000;0;Remaining Q0;Remaining Q0;Remaining Q0;Remaining Q0;20309
1249800;533;0;1;Remaining Q0;Remaining Q0;Remaining Q0;Remaining Q0;20309
1249803;800;0;2;Remaining Q0;Remaining Q0;Remaining Q0;Remaining Q0;20309
1249804;933;0;3;Remaining Q0;Remaining Q0;Remaining Q0;Remaining Q0;20309
1249806;1000;0;4;Remaining Q0;Remaining Q0;Remaining Q0;Remaining Q0;20309
1249807;1000;1000;0;Remaining Q0;Remaining Q0;Remaining Q0;Remaining Q0;19309
1250815;533;0;1;Remaining Q0;Remaining Q0;Remaining Q0;Remaining Q0;19309
1250817;800;0;2;Remaining Q0;Remaining Q0;Remaining Q0;Remaining Q0;19309
1250819;933;0;3;Remaining Q0;Remaining Q0;Remaining Q0;Remaining Q0;19309
1250820;1000;0;4;Remaining Q0;Remaining Q0;Remaining Q0;Remaining Q0;19309
1250822;1000;1000;0;Remaining Q0;Remaining Q0;Remaining Q0;Remaining Q0;18309
1251816;800;0;2;Remaining Q0;Remaining Q0;Remaining Q0;Remaining Q0;18309
1251815;533;0;1;Remaining Q0;Remaining Q0;Remaining Q0;Remaining Q0;18309
1251817;933;0;3;Remaining Q0;Remaining Q0;Remaining Q0;Remaining Q0;18309
1251819;1000;1000;0;Remaining Q0;Remaining Q0;Remaining Q0;Remaining Q0;17309
1251819;1000;0;4;Remaining Q0;Remaining Q0;Remaining Q0;Remaining Q0;18309
1252830;533;0;1;Remaining Q0;Remaining Q0;Remaining Q0;Remaining Q0;17309
1252831;800;0;2;Remaining Q0;Remaining Q0;Remaining Q0;Remaining Q0;17309
1252832;1000;0;4;Remaining Q0;Remaining Q0;Remaining Q0;Remaining Q0;17309
1252834;1000;1000;0;Remaining Q0;Remaining Q0;Remaining Q0;Remaining Q0;16309
1252831;933;0;3;Remaining Q0;Remaining Q0;Remaining Q0;Remaining Q0;17309
1253846;533;0;1;Remaining Q0;Remaining Q0;Remaining Q0;Remaining Q0;16309
1253847;800;0;2;Remaining Q0;Remaining Q0;Remaining Q0;Remaining Q0;16309
1253849;933;0;3;Remaining Q0;Remaining Q0;Remaining Q0;Remaining Q0;16309
1253850;1000;0;4;Remaining Q0;Remaining Q0;Remaining Q0;Remaining Q0;16309
1253852;1000;1000;0;Remaining Q0;Remaining Q0;Remaining Q0;Remaining Q0;15309
1254858;533;0;1;Remaining Q0;Remaining Q0;Remaining Q0;Remaining Q0;15309
1254859;800;0;2;Remaining Q0;Remaining Q0;Remaining Q0;Remaining Q0;15309
1254861;933;0;3;Remaining Q0;Remaining Q0;Remaining Q0;Remaining Q0;15309
1254863;1000;0;4;Remaining Q0;Remaining Q0;Remaining Q0;Remaining Q0;15309
1254865;1000;1000;0;Remaining Q0;Remaining Q0;Remaining Q0;Remaining Q0;14309
1255871;533;0;1;Remaining Q0;Remaining Q0;Remaining Q0;Remaining Q0;14309
1255873;800;0;2;Remaining Q0;Remaining Q0;Remaining Q0;Remaining Q0;14309
1255875;933;0;3;Remaining Q0;Remaining Q0;Remaining Q0;Remaining Q0;14309
1255876;1000;0;4;Remaining Q0;Remaining Q0;Remaining Q0;Remaining Q0;14309
1255878;1000;1000;0;Remaining Q0;Remaining Q0;Remaining Q0;Remaining Q0;13309
1256882;533;0;1;Remaining Q0;Remaining Q0;Remaining Q0;Remaining Q0;13309
1256884;800;0;2;Remaining Q0;Remaining Q0;Remaining Q0;Remaining Q0;13309
1256886;933;0;3;Remaining Q0;Remaining Q0;Remaining Q0;Remaining Q0;13309
1256887;1000;0;4;Remaining Q0;Remaining Q0;Remaining Q0;Remaining Q0;13309
1256888;1000;1000;0;Remaining Q0;Remaining Q0;Remaining Q0;Remaining Q0;12309
1257885;800;0;2;Remaining Q0;Remaining Q0;Remaining Q0;Remaining Q0;12309
1257883;533;0;1;Remaining Q0;Remaining Q0;Remaining Q0;Remaining Q0;12309
1257886;933;0;3;Remaining Q0;Remaining Q0;Remaining Q0;Remaining Q0;12309
1257887;1000;0;4;Remaining Q0;Remaining Q0;Remaining Q0;Remaining Q0;12309
1257888;1000;1000;0;Remaining Q0;Remaining Q0;Remaining Q0;Remaining Q0;11309
1258898;533;0;1;Remaining Q0;Remaining Q0;Remaining Q0;Remaining Q0;11309
1258900;800;0;2;Remaining Q0;Remaining Q0;Remaining Q0;Remaining Q0;11309
1258902;933;0;3;Remaining Q0;Remaining Q0;Remaining Q0;Remaining Q0;11309
1258903;1000;0;4;Remaining Q0;Remaining Q0;Remaining Q0;Remaining Q0;11309
1258904;1000;1000;0;Remaining Q0;Remaining Q0;Remaining Q0;Remaining Q0;10309
1259912;533;0;1;Remaining Q0;Remaining Q0;Remaining Q0;Remaining Q0;10309
1259914;800;0;2;Remaining Q0;Remaining Q0;Remaining Q0;Remaining Q0;10309
1259915;933;0;3;Remaining Q0;Remaining Q0;Remaining Q0;Remaining Q0;10309
1259917;1000;0;4;Remaining Q0;Remaining Q0;Remaining Q0;Remaining Q0;10309
1259920;1000;1000;0;Remaining Q0;Remaining Q0;Remaining Q0;Remaining Q0;9309
1260926;533;0;1;Remaining Q0;Remaining Q0;Remaining Q0;Remaining Q0;9309
1260928;800;0;2;Remaining Q0;Remaining Q0;Remaining Q0;Remaining Q0;9309
1260930;933;0;3;Remaining Q0;Remaining Q0;Remaining Q0;Remaining Q0;9309
1260932;1000;0;4;Remaining Q0;Remaining Q0;Remaining Q0;Remaining Q0;9309
1260934;1000;1000;0;Remaining Q0;Remaining Q0;Remaining Q0;Remaining Q0;8309
1261927;533;0;1;Remaining Q0;Remaining Q0;Remaining Q0;Remaining Q0;8309
1261928;800;0;2;Remaining Q0;Remaining Q0;Remaining Q0;Remaining Q0;8309
1261930;933;0;3;Remaining Q0;Remaining Q0;Remaining Q0;Remaining Q0;8309
1261931;1000;0;4;Remaining Q0;Remaining Q0;Remaining Q0;Remaining Q0;8309
1261933;1000;1000;0;Remaining Q0;Remaining Q0;Remaining Q0;Remaining Q0;7309
1262939;533;0;1;Remaining Q0;Remaining Q0;Remaining Q0;Remaining Q0;7309
1262941;800;0;2;Remaining Q0;Remaining Q0;Remaining Q0;Remaining Q0;7309
1262942;933;0;3;Remaining Q0;Remaining Q0;Remaining Q0;Remaining Q0;7309
1262944;1000;0;4;Remaining Q0;Remaining Q0;Remaining Q0;Remaining Q0;7309
1262944;1000;1000;0;Remaining Q0;Remaining Q0;Remaining Q0;Remaining Q0;6309
1263952;533;0;1;Remaining Q0;Remaining Q0;Remaining Q0;Remaining Q0;6309
1263953;800;0;2;Remaining Q0;Remaining Q0;Remaining Q0;Remaining Q0;6309
1263954;933;0;3;Remaining Q0;Remaining Q0;Remaining Q0;Remaining Q0;6309
1263954;1000;0;4;Remaining Q0;Remaining Q0;Remaining Q0;Remaining Q0;6309
1263955;1000;1000;0;Remaining Q0;Remaining Q0;Remaining Q0;Remaining Q0;5309
1264960;533;0;1;Remaining Q0;Remaining Q0;Remaining Q0;Remaining Q0;5309
1264962;800;0;2;Remaining Q0;Remaining Q0;Remaining Q0;Remaining Q0;5309
1264964;933;0;3;Remaining Q0;Remaining Q0;Remaining Q0;Remaining Q0;5309
1264965;1000;0;4;Remaining Q0;Remaining Q0;Remaining Q0;Remaining Q0;5309
1264966;1000;1000;0;Remaining Q0;Remaining Q0;Remaining Q0;Remaining Q0;4309
1265975;533;0;1;Remaining Q0;Remaining Q0;Remaining Q0;Remaining Q0;4309
1265978;800;0;2;Remaining Q0;Remaining Q0;Remaining Q0;Remaining Q0;4309
1265979;933;0;3;Remaining Q0;Remaining Q0;Remaining Q0;Remaining Q0;4309
1265980;1000;0;4;Remaining Q0;Remaining Q0;Remaining Q0;Remaining Q0;4309
1265982;1000;1000;0;Remaining Q0;Remaining Q0;Remaining Q0;Remaining Q0;3309
1266986;533;0;1;Remaining Q0;Remaining Q0;Remaining Q0;Remaining Q0;3309
1266988;800;0;2;Remaining Q0;Remaining Q0;Remaining Q0;Remaining Q0;3309
1266992;1000;1000;0;Remaining Q0;Remaining Q0;Remaining Q0;Remaining Q0;2309
1266989;933;0;3;Remaining Q0;Remaining Q0;Remaining Q0;Remaining Q0;3309
1266991;1000;0;4;Remaining Q0;Remaining Q0;Remaining Q0;Remaining Q0;3309
1267999;533;0;1;Remaining Q0;Remaining Q0;Remaining Q0;Remaining Q0;2309
1268001;800;0;2;Remaining Q0;Remaining Q0;Remaining Q0;Remaining Q0;2309
1268002;933;0;3;Remaining Q0;Remaining Q0;Remaining Q0;Remaining Q0;2309
1268004;1000;0;4;Remaining Q0;Remaining Q0;Remaining Q0;Remaining Q0;2309
1268007;1000;1000;0;Remaining Q0;Remaining Q0;Remaining Q0;Remaining Q0;1309
1269000;533;0;1;Remaining Q0;Remaining Q0;Remaining Q0;Remaining Q0;1309
1269004;933;0;3;Remaining Q0;Remaining Q0;Remaining Q0;Remaining Q0;1309
1269003;800;0;2;Remaining Q0;Remaining Q0;Remaining Q0;Remaining Q0;1309
1269005;1000;0;4;Remaining Q0;Remaining Q0;Remaining Q0;Remaining Q0;1309
1269007;1000;1000;0;Remaining Q0;Remaining Q0;Remaining Q0;Remaining Q0;309
1270010;533;0;1;Remaining Q0;Remaining Q0;Remaining Q0;Remaining Q0;309
1270012;800;0;2;Remaining Q0;Remaining Q0;Remaining Q0;Remaining Q0;309
1270013;933;0;3;Remaining Q0;Remaining Q0;Remaining Q0;Remaining Q0;309
1270015;1000;0;4;Remaining Q0;Remaining Q0;Remaining Q0;Remaining Q0;309
1270016;1000;309;0;Remaining Q0;Remaining Q0;Remaining Q0;Remaining Q0;0
1271020;533;0;1;Remaining Q0;Remaining Q0;Remaining Q0;Remaining Q0;0
1271024;933;0;3;Remaining Q0;Remaining Q0;Remaining Q0;Remaining Q0;0
1271022;800;0;2;Remaining Q0;Remaining Q0;Remaining Q0;Remaining Q0;0
1271025;1000;0;4;Remaining Q0;Remaining Q0;Remaining Q0;Remaining Q0;0
1271026;1000;0;0;Remaining Q0;Remaining Q0;Remaining Q0;Remaining Q0;0
1272020;533;0;1;Remaining Q0;Remaining Q0;Remaining Q0;Remaining Q0;0
1272022;800;0;2;Remaining Q0;Remaining Q0;Remaining Q0;Remaining Q0;0
1272024;1000;0;4;Remaining Q0;Remaining Q0;Remaining Q0;Remaining Q0;0
1272023;933;0;3;Remaining Q0;Remaining Q0;Remaining Q0;Remaining Q0;0
1272025;1000;0;0;Remaining Q0;Remaining Q0;Remaining Q0;Remaining Q0;0
1273028;533;0;1;Remaining Q0;Remaining Q0;Remaining Q0;Remaining Q0;0
1273029;800;0;2;Remaining Q0;Remaining Q0;Remaining Q0;Remaining Q0;0
1273031;933;0;3;Remaining Q0;Remaining Q0;Remaining Q0;Remaining Q0;0
1273033;1000;0;4;Remaining Q0;Remaining Q0;Remaining Q0;Remaining Q0;0
1273035;1000;0;0;Remaining Q0;Remaining Q0;Remaining Q0;Remaining Q0;0
1274042;533;0;1;Remaining Q0;Remaining Q0;Remaining Q0;Remaining Q0;0
1274044;800;0;2;Remaining Q0;Remaining Q0;Remaining Q0;Remaining Q0;0
1274046;933;0;3;Remaining Q0;Remaining Q0;Remaining Q0;Remaining Q0;0
1274047;1000;0;4;Remaining Q0;Remaining Q0;Remaining Q0;Remaining Q0;0
1274049;1000;0;0;Remaining Q0;Remaining Q0;Remaining Q0;Remaining Q0;0
1275051;533;0;1;Remaining Q0;Remaining Q0;Remaining Q0;Remaining Q0;0
1275054;800;0;2;Remaining Q0;Remaining Q0;Remaining Q0;Remaining Q0;0
1275055;933;0;3;Remaining Q0;Remaining Q0;Remaining Q0;Remaining Q0;0
1275057;1000;0;4;Remaining Q0;Remaining Q0;Remaining Q0;Remaining Q0;0
1275058;1000;0;0;Remaining Q0;Remaining Q0;Remaining Q0;Remaining Q0;0
