Timestamp; P1 ; PowerPriority1; msgPerPriority1; Real reads (remaining)1; Real receibed1; P2 ; PowerPriority2; msgPerPriority2; Real reads (remaining)2; Real receibed2; P3 ; PowerPriority3; msgPerPriority3; Real reads (remaining)3; Real receibed3; P4 ; PowerPriority4; msgPerPriority4; Real reads (remaining)4; Real receibed4;  Expired; Request; Read; Remaining final
1078;1;1;533;533;57;2;0.5;267;743;107;3;0.25;133;769;168;4;0.125;67;668;668;0;0;0;0
2051;1;1;533;533;20;2;0.5;267;780;39;3;0.25;133;874;75;4;0.125;67;866;586;NaN
3059;1;1;533;533;66;2;0.5;267;734;114;3;0.25;133;753;174;4;0.125;67;646;646;0;0;0;0
4068;1;1;533;533;29;2;0.5;267;771;124;3;0.25;133;780;185;4;0.125;67;662;662;0;0;0;0
5070;1;1;533;533;41;2;0.5;267;759;94;3;0.25;133;798;132;4;0.125;67;733;733;0;0;0;0
6080;1;1;533;533;94;2;0.5;267;706;78;3;0.25;133;761;136;4;0.125;67;692;692;0;0;0;0
7092;1;1;533;533;45;2;0.5;267;755;118;3;0.25;133;770;125;4;0.125;67;712;712;0;0;0;0
8112;1;1;533;533;25;2;0.5;267;775;44;3;0.25;133;864;229;4;0.125;67;702;702;0;0;0;0
9120;1;1;533;533;66;2;0.5;267;734;141;3;0.25;133;726;113;4;0.125;67;680;680;0;0;0;0
10131;1;1;533;533;75;2;0.5;267;725;152;3;0.25;133;706;151;4;0.125;67;622;622;0;0;0;0
11145;1;1;533;533;35;2;0.5;267;765;91;3;0.25;133;807;216;4;0.125;67;658;658;0;0;0;0
12155;1;1;533;533;77;2;0.5;267;723;155;3;0.25;133;701;125;4;0.125;67;643;643;0;0;0;0
13156;1;1;533;533;67;2;0.5;267;733;150;3;0.25;133;716;225;4;0.125;67;558;558;0;0;0;0
14163;1;1;533;533;45;2;0.5;267;755;81;3;0.25;133;807;139;4;0.125;67;735;735;0;0;0;0
15164;1;1;533;533;41;2;0.5;267;759;113;3;0.25;133;779;177;4;0.125;67;669;669;0;0;0;0
16176;1;1;533;533;72;2;0.5;267;728;153;3;0.25;133;708;180;4;0.125;67;595;595;0;0;0;0
17189;1;1;533;533;83;2;0.5;267;717;195;3;0.25;133;655;315;4;0.125;67;407;407;0;0;0;0
18201;1;1;533;533;58;2;0.5;267;742;97;3;0.25;133;778;133;4;0.125;67;712;712;0;0;0;0
19211;1;1;533;533;48;2;0.5;267;752;83;3;0.25;133;802;136;4;0.125;67;733;733;0;0;0;0
20227;1;1;533;533;66;2;0.5;267;734;151;3;0.25;133;716;207;4;0.125;67;576;576;0;0;0;0
21239;1;1;533;533;66;2;0.5;267;734;129;3;0.25;133;738;203;4;0.125;67;602;602;0;0;0;0
22249;1;1;533;533;66;2;0.5;267;734;190;3;0.25;133;677;259;4;0.125;67;485;485;0;0;0;0
23260;1;1;533;533;71;2;0.5;267;729;125;3;0.25;133;737;199;4;0.125;67;605;605;0;0;0;0
24264;1;1;533;533;117;2;0.5;267;683;199;3;0.25;133;617;275;4;0.125;67;409;409;0;0;0;0
25278;1;1;533;533;83;2;0.5;267;717;168;3;0.25;133;682;287;4;0.125;67;462;462;0;0;0;0
26290;1;1;533;533;69;2;0.5;267;731;112;3;0.25;133;752;166;4;0.125;67;653;653;0;0;0;0
27291;1;1;533;533;26;2;0.5;267;774;42;3;0.25;133;865;75;4;0.125;67;857;857;0;0;0;0
28300;1;1;533;533;45;2;0.5;267;755;105;3;0.25;133;783;158;4;0.125;67;692;692;0;0;0;0
29313;1;1;533;533;81;2;0.5;267;719;214;3;0.25;133;638;316;4;0.125;67;389;389;0;0;0;0
30324;1;1;533;533;88;2;0.5;267;712;181;3;0.25;133;664;274;4;0.125;67;457;457;0;0;0;0
31333;1;1;533;533;43;2;0.5;267;757;81;3;0.25;133;809;123;4;0.125;67;753;753;0;0;0;0
32347;1;1;533;533;54;2;0.5;267;746;106;3;0.25;133;773;148;4;0.125;67;692;692;0;0;0;0
33349;1;1;533;533;85;2;0.5;267;715;179;3;0.25;133;669;283;4;0.125;67;453;453;0;0;0;0
34364;1;1;533;533;73;2;0.5;267;727;139;3;0.25;133;721;198;4;0.125;67;590;590;0;0;0;0
35369;1;1;533;533;109;2;0.5;267;691;191;3;0.25;133;633;277;4;0.125;67;423;423;0;0;0;0
36382;1;1;533;533;85;2;0.5;267;715;188;3;0.25;133;660;273;4;0.125;67;454;454;0;0;0;0
37397;1;1;533;533;70;2;0.5;267;730;129;3;0.25;133;734;170;4;0.125;67;631;631;0;0;0;0
38407;1;1;533;533;65;2;0.5;267;735;123;3;0.25;133;745;208;4;0.125;67;604;604;0;0;0;0
39418;1;1;533;533;54;2;0.5;267;746;97;3;0.25;133;782;138;4;0.125;67;711;711;0;0;0;0
40430;1;1;533;533;65;2;0.5;267;735;107;3;0.25;133;761;160;4;0.125;67;668;668;0;0;0;0
41441;1;1;533;533;75;2;0.5;267;725;189;3;0.25;133;669;264;4;0.125;67;472;472;0;0;0;0
42457;1;1;533;533;110;2;0.5;267;690;197;3;0.25;133;626;255;4;0.125;67;438;438;0;0;0;0
43454;1;1;533;533;115;2;0.5;267;685;210;3;0.25;133;608;285;4;0.125;67;390;390;0;0;0;0
44466;1;1;533;533;61;2;0.5;267;739;108;3;0.25;133;764;185;4;0.125;67;646;646;0;0;0;0
45469;1;1;533;533;46;2;0.5;267;754;106;3;0.25;133;781;135;4;0.125;67;713;713;0;0;0;0
46483;1;1;533;533;78;2;0.5;267;722;150;3;0.25;133;705;226;4;0.125;67;546;546;0;0;0;0
47497;1;1;533;533;23;2;0.5;267;777;51;3;0.25;133;859;74;4;0.125;67;852;852;0;0;0;0
48509;1;1;533;533;96;2;0.5;267;704;194;3;0.25;133;643;286;4;0.125;67;424;424;0;0;0;0
49511;1;1;533;533;44;2;0.5;267;756;67;3;0.25;133;822;87;4;0.125;67;802;802;0;0;0;0
50525;1;1;533;533;27;2;0.5;267;773;29;3;0.25;133;877;40;4;0.125;67;904;904;0;0;0;0
51525;1;1;533;533;65;2;0.5;267;735;146;3;0.25;133;722;216;4;0.125;67;573;573;0;0;0;0
52527;1;1;533;533;60;2;0.5;267;740;141;3;0.25;133;732;193;4;0.125;67;606;606;0;0;0;0
53542;1;1;533;533;47;2;0.5;267;753;99;3;0.25;133;787;127;4;0.125;67;727;727;0;0;0;0
54557;1;1;533;533;61;2;0.5;267;739;145;3;0.25;133;727;221;4;0.125;67;573;573;0;0;0;0
55568;1;1;533;533;80;2;0.5;267;720;185;3;0.25;133;668;235;4;0.125;67;500;500;0;0;0;0
56582;1;1;533;533;104;2;0.5;267;696;204;3;0.25;133;625;289;4;0.125;67;403;403;0;0;0;0
57592;1;1;533;533;92;2;0.5;267;708;217;3;0.25;133;624;275;4;0.125;67;416;416;0;0;0;0
58606;1;1;533;533;98;2;0.5;267;702;213;3;0.25;133;622;307;4;0.125;67;382;382;0;0;0;0
59659;1;1;533;533;95;2;0.5;267;705;189;3;0.25;133;649;304;4;0.125;67;412;412;0;0;0;0
60624;1;1;533;533;45;2;0.5;267;755;92;3;0.25;133;796;176;4;0.125;67;687;687;0;0;0;0
61652;1;1;533;533;53;2;0.5;267;747;64;3;0.25;133;816;124;4;0.125;67;759;759;0;0;0;0
62671;1;1;533;533;67;2;0.5;267;733;177;3;0.25;133;689;216;4;0.125;67;540;540;0;0;0;0
63655;1;1;533;533;94;2;0.5;267;706;144;3;0.25;133;695;220;4;0.125;67;542;542;0;0;0;0
64667;1;1;533;533;93;2;0.5;267;707;167;3;0.25;133;673;241;4;0.125;67;499;499;0;0;0;0
65680;1;1;533;533;31;2;0.5;267;769;61;3;0.25;133;841;98;4;0.125;67;810;810;0;0;0;0
66681;1;1;533;533;85;2;0.5;267;715;194;3;0.25;133;654;301;4;0.125;67;420;420;0;0;0;0
67697;1;1;533;533;30;2;0.5;267;770;60;3;0.25;133;843;99;4;0.125;67;811;811;0;0;0;0
68711;1;1;533;533;56;2;0.5;267;744;111;3;0.25;133;766;125;4;0.125;67;708;708;0;0;0;0
69724;1;1;533;533;16;2;0.5;267;784;33;3;0.25;133;884;129;4;0.125;67;822;822;0;0;0;0
70737;1;1;533;533;34;2;0.5;267;766;42;3;0.25;133;857;167;4;0.125;67;757;757;0;0;0;0
71751;1;1;533;533;49;2;0.5;267;751;87;3;0.25;133;797;154;4;0.125;67;710;710;0;0;0;0
72761;1;1;533;533;116;2;0.5;267;684;226;3;0.25;133;591;228;4;0.125;67;430;430;0;0;0;0
73772;1;1;533;533;60;2;0.5;267;740;105;3;0.25;133;768;84;4;0.125;67;751;751;0;0;0;0
74786;1;1;533;533;41;2;0.5;267;759;73;3;0.25;133;819;207;4;0.125;67;679;679;0;0;0;0
75857;1;1;533;533;30;2;0.5;267;770;54;3;0.25;133;849;168;4;0.125;67;748;748;0;0;0;0
76848;1;1;533;533;97;2;0.5;267;703;207;3;0.25;133;629;144;4;0.125;67;552;552;0;0;0;0
77814;1;1;533;533;89;2;0.5;267;711;179;3;0.25;133;665;298;4;0.125;67;434;434;0;0;0;0
78814;1;1;533;533;20;2;0.5;267;780;52;3;0.25;133;861;58;4;0.125;67;870;870;0;0;0;0
79827;1;1;533;533;82;2;0.5;267;718;154;3;0.25;133;697;239;4;0.125;67;525;525;0;0;0;0
80833;1;1;533;533;40;2;0.5;267;760;101;3;0.25;133;792;127;4;0.125;67;732;732;0;0;0;0
81840;1;1;533;533;23;2;0.5;267;777;37;3;0.25;133;873;61;4;0.125;67;879;879;0;0;0;0
82843;1;1;533;533;63;2;0.5;267;737;164;3;0.25;133;706;232;4;0.125;67;541;541;0;0;0;0
83853;1;1;533;533;70;2;0.5;267;730;126;3;0.25;133;737;209;4;0.125;67;595;595;0;0;0;0
84850;1;1;533;533;43;2;0.5;267;757;92;3;0.25;133;798;167;4;0.125;67;698;698;0;0;0;0
85860;1;1;533;533;46;2;0.5;267;754;107;3;0.25;133;780;137;4;0.125;67;710;710;0;0;0;0
86865;1;1;533;533;38;2;0.5;267;762;58;3;0.25;133;837;130;4;0.125;67;774;774;0;0;0;0
87875;1;1;533;533;30;2;0.5;267;770;68;3;0.25;133;835;97;4;0.125;67;805;805;0;0;0;0
88889;1;1;533;533;78;2;0.5;267;722;186;3;0.25;133;669;232;4;0.125;67;504;504;0;0;0;0
89888;1;1;533;533;13;2;0.5;267;787;43;3;0.25;133;877;61;4;0.125;67;883;883;0;0;0;0
90902;1;1;533;533;72;2;0.5;267;728;108;3;0.25;133;753;210;4;0.125;67;610;610;0;0;0;0
91916;1;1;533;533;21;2;0.5;267;779;23;3;0.25;133;889;48;4;0.125;67;908;908;0;0;0;0
92922;1;1;533;533;79;2;0.5;267;721;128;3;0.25;133;726;187;4;0.125;67;606;606;0;0;0;0
93932;1;1;533;533;59;2;0.5;267;741;127;3;0.25;133;747;171;4;0.125;67;643;643;0;0;0;0
94932;1;1;533;533;72;2;0.5;267;728;129;3;0.25;133;732;212;4;0.125;67;587;587;0;0;0;0
95947;1;1;533;533;73;2;0.5;267;727;170;3;0.25;133;690;241;4;0.125;67;516;516;0;0;0;0
96961;1;1;533;533;73;2;0.5;267;727;145;3;0.25;133;715;201;4;0.125;67;581;581;0;0;0;0
97968;1;1;533;533;68;2;0.5;267;732;118;3;0.25;133;747;196;4;0.125;67;618;618;0;0;0;0
98984;1;1;533;533;69;2;0.5;267;731;124;3;0.25;133;740;155;4;0.125;67;652;652;0;0;0;0
99984;1;1;533;533;25;2;0.5;267;775;71;3;0.25;133;837;93;4;0.125;67;811;811;0;0;0;0
100996;1;1;533;533;58;2;0.5;267;742;122;3;0.25;133;753;180;4;0.125;67;640;640;0;0;0;0
102013;1;1;533;533;32;2;0.5;267;768;46;3;0.25;133;855;88;4;0.125;67;834;834;0;0;0;0
103025;1;1;533;533;94;2;0.5;267;706;169;3;0.25;133;670;209;4;0.125;67;528;528;0;0;0;0
104042;1;1;533;533;43;2;0.5;267;757;69;3;0.25;133;821;107;4;0.125;67;781;781;0;0;0;0
105048;1;1;533;533;58;2;0.5;267;742;136;3;0.25;133;739;163;4;0.125;67;643;643;0;0;0;0
106060;1;1;533;533;89;2;0.5;267;711;171;3;0.25;133;673;247;4;0.125;67;493;493;0;0;0;0
107073;1;1;533;533;53;2;0.5;267;747;107;3;0.25;133;773;179;4;0.125;67;661;661;0;0;0;0
108089;1;1;533;533;69;2;0.5;267;731;129;3;0.25;133;735;205;4;0.125;67;597;597;0;0;0;0
109102;1;1;533;533;35;2;0.5;267;765;96;3;0.25;133;802;113;4;0.125;67;756;756;0;0;0;0
110101;1;1;533;533;28;2;0.5;267;772;70;3;0.25;133;835;110;4;0.125;67;792;792;0;0;0;0
111102;1;1;533;533;38;2;0.5;267;762;65;3;0.25;133;830;94;4;0.125;67;803;803;0;0;0;0
112110;1;1;533;533;108;2;0.5;267;692;180;3;0.25;133;645;237;4;0.125;67;475;475;0;0;0;0
113123;1;1;533;533;50;2;0.5;267;750;100;3;0.25;133;783;148;4;0.125;67;702;702;0;0;0;0
114122;1;1;533;533;99;2;0.5;267;701;205;3;0.25;133;629;326;4;0.125;67;370;370;0;0;0;0
115134;1;1;533;533;109;2;0.5;267;691;186;3;0.25;133;638;309;4;0.125;67;396;396;0;0;0;0
116137;1;1;533;533;60;2;0.5;267;740;124;3;0.25;133;749;214;4;0.125;67;602;602;0;0;0;0
117152;1;1;533;533;98;2;0.5;267;702;162;3;0.25;133;673;268;4;0.125;67;472;472;0;0;0;0
118160;1;1;533;533;105;2;0.5;267;695;170;3;0.25;133;658;269;4;0.125;67;456;456;0;0;0;0
119161;1;1;533;533;77;2;0.5;267;723;175;3;0.25;133;681;224;4;0.125;67;524;524;0;0;0;0
120173;1;1;533;533;53;2;0.5;267;747;118;3;0.25;133;762;159;4;0.125;67;670;670;0;0;0;0
121176;1;1;533;533;37;2;0.5;267;763;69;3;0.25;133;827;92;4;0.125;67;802;802;0;0;0;0
122186;1;1;533;533;44;2;0.5;267;756;124;3;0.25;133;765;162;4;0.125;67;670;670;0;0;0;0
123196;1;1;533;533;54;2;0.5;267;746;94;3;0.25;133;785;116;4;0.125;67;736;736;0;0;0;0
124200;1;1;533;533;84;2;0.5;267;716;182;3;0.25;133;667;265;4;0.125;67;469;469;0;0;0;0
125211;1;1;533;533;0;2;0.5;267;800;0;3;0.25;133;933;136;4;0.125;67;864;864;0;0;0;0
126229;1;1;533;533;118;2;0.5;267;682;250;3;0.25;133;565;194;4;0.125;67;438;438;0;0;0;0
127243;1;1;533;533;52;2;0.5;267;748;189;3;0.25;133;692;291;4;0.125;67;468;468;0;0;0;0
128250;1;1;533;533;74;2;0.5;267;726;73;3;0.25;133;786;115;4;0.125;67;738;738;0;0;0;0
129263;1;1;533;533;52;2;0.5;267;748;167;3;0.25;133;714;281;4;0.125;67;500;500;0;0;0;0
130276;1;1;533;533;87;2;0.5;267;713;112;3;0.25;133;734;287;4;0.125;67;514;514;0;0;0;0
131288;1;1;533;533;96;2;0.5;267;704;183;3;0.25;133;654;224;4;0.125;67;497;497;0;0;0;0
132305;1;1;533;533;51;2;0.5;267;749;95;3;0.25;133;787;67;4;0.125;67;787;787;0;0;0;0
133317;1;1;533;533;60;2;0.5;267;740;203;3;0.25;133;670;289;4;0.125;67;448;448;0;0;0;0
134385;1;1;533;533;100;2;0.5;267;700;101;3;0.25;133;732;294;4;0.125;67;505;505;0;0;0;0
135340;1;1;533;533;50;2;0.5;267;750;106;3;0.25;133;777;0;4;0.125;67;844;844;0;0;0;0
136346;1;1;533;533;76;2;0.5;267;724;150;3;0.25;133;707;261;4;0.125;67;513;513;0;0;0;0
137354;1;1;533;533;84;2;0.5;267;716;212;3;0.25;133;637;284;4;0.125;67;420;420;0;0;0;0
138395;1;1;533;533;76;2;0.5;267;724;178;3;0.25;133;679;269;4;0.125;67;477;477;0;0;0;0
139367;1;1;533;533;52;2;0.5;267;748;80;3;0.25;133;801;142;4;0.125;67;726;726;0;0;0;0
140381;1;1;533;533;69;2;0.5;267;731;144;3;0.25;133;720;197;4;0.125;67;590;590;0;0;0;0
141382;1;1;533;533;56;2;0.5;267;744;119;3;0.25;133;758;191;4;0.125;67;634;634;0;0;0;0
142381;1;1;533;533;47;2;0.5;267;753;93;3;0.25;133;793;133;4;0.125;67;727;727;0;0;0;0
143395;1;1;533;533;46;2;0.5;267;754;82;3;0.25;133;805;125;4;0.125;67;747;747;0;0;0;0
144395;1;1;533;533;17;2;0.5;267;783;69;3;0.25;133;847;70;4;0.125;67;844;844;0;0;0;0
145412;1;1;533;533;30;2;0.5;267;770;48;3;0.25;133;855;82;4;0.125;67;840;840;0;0;0;0
146423;1;1;533;533;60;2;0.5;267;740;142;3;0.25;133;731;195;4;0.125;67;603;603;0;0;0;0
147433;1;1;533;533;81;2;0.5;267;719;158;3;0.25;133;694;242;4;0.125;67;519;519;0;0;0;0
148436;1;1;533;533;63;2;0.5;267;737;144;3;0.25;133;726;196;4;0.125;67;597;597;0;0;0;0
149497;1;1;533;533;57;2;0.5;267;743;122;3;0.25;133;754;168;4;0.125;67;653;653;0;0;0;0
150494;1;1;533;533;48;2;0.5;267;752;84;3;0.25;133;801;134;4;0.125;67;734;734;0;0;0;0
151460;1;1;533;533;94;2;0.5;267;706;197;3;0.25;133;642;251;4;0.125;67;458;458;0;0;0;0
152474;1;1;533;533;61;2;0.5;267;739;104;3;0.25;133;768;174;4;0.125;67;661;661;0;0;0;0
153511;1;1;533;533;66;2;0.5;267;734;110;3;0.25;133;757;216;4;0.125;67;608;608;0;0;0;0
154496;1;1;533;533;37;2;0.5;267;763;71;3;0.25;133;825;100;4;0.125;67;792;792;0;0;0;0
155496;1;1;533;533;43;2;0.5;267;757;89;3;0.25;133;801;122;4;0.125;67;746;746;0;0;0;0
156562;1;1;533;533;49;2;0.5;267;751;93;3;0.25;133;791;128;4;0.125;67;730;730;0;0;0;0
157512;1;1;533;533;86;2;0.5;267;714;183;3;0.25;133;664;235;4;0.125;67;496;496;0;0;0;0
158529;1;1;533;533;38;2;0.5;267;762;62;3;0.25;133;833;90;4;0.125;67;810;810;0;0;0;0
159521;1;1;533;533;61;2;0.5;267;739;111;3;0.25;133;761;136;4;0.125;67;692;692;0;0;0;0
160535;1;1;533;533;57;2;0.5;267;743;127;3;0.25;133;749;179;4;0.125;67;637;637;0;0;0;0
161552;1;1;533;533;104;2;0.5;267;696;191;3;0.25;133;638;301;4;0.125;67;404;404;0;0;0;0
162561;1;1;533;533;65;2;0.5;267;735;155;3;0.25;133;713;194;4;0.125;67;586;586;0;0;0;0
163568;1;1;533;533;51;2;0.5;267;749;105;3;0.25;133;777;145;4;0.125;67;699;699;0;0;0;0
164562;1;1;533;533;79;2;0.5;267;721;182;3;0.25;133;672;249;4;0.125;67;490;490;0;0;0;0
165572;1;1;533;533;83;2;0.5;267;717;155;3;0.25;133;695;219;4;0.125;67;543;543;0;0;0;0
166584;1;1;533;533;88;2;0.5;267;712;150;3;0.25;133;695;256;4;0.125;67;506;506;0;0;0;0
167613;1;1;533;533;20;2;0.5;267;780;38;3;0.25;133;875;51;4;0.125;67;891;891;0;0;0;0
168603;1;1;533;533;73;2;0.5;267;727;131;3;0.25;133;729;203;4;0.125;67;593;593;0;0;0;0
169634;1;1;533;533;74;2;0.5;267;726;167;3;0.25;133;692;251;4;0.125;67;508;508;0;0;0;0
170632;1;1;533;533;68;2;0.5;267;732;130;3;0.25;133;735;198;4;0.125;67;604;604;0;0;0;0
171650;1;1;533;533;18;2;0.5;267;782;43;3;0.25;133;872;49;4;0.125;67;890;890;0;0;0;0
172655;1;1;533;533;72;2;0.5;267;728;122;3;0.25;133;739;211;4;0.125;67;595;595;0;0;0;0
173658;1;1;533;533;77;2;0.5;267;723;147;3;0.25;133;709;234;4;0.125;67;542;542;0;0;0;0
174666;1;1;533;533;73;2;0.5;267;727;94;3;0.25;133;766;157;4;0.125;67;676;676;0;0;0;0
175680;1;1;533;533;74;2;0.5;267;726;158;3;0.25;133;701;210;4;0.125;67;558;558;0;0;0;0
176705;1;1;533;533;48;2;0.5;267;752;104;3;0.25;133;781;135;4;0.125;67;713;713;0;0;0;0
177714;1;1;533;533;63;2;0.5;267;737;119;3;0.25;133;751;194;4;0.125;67;624;624;0;0;0;0
178724;1;1;533;533;22;2;0.5;267;778;30;3;0.25;133;881;62;4;0.125;67;886;886;0;0;0;0
179745;1;1;533;533;43;2;0.5;267;757;79;3;0.25;133;811;89;4;0.125;67;789;789;0;0;0;0
180751;1;1;533;533;42;2;0.5;267;758;81;3;0.25;133;810;133;4;0.125;67;744;744;0;0;0;0
181758;1;1;533;533;34;2;0.5;267;766;55;3;0.25;133;844;102;4;0.125;67;809;809;0;0;0;0
182763;1;1;533;533;64;2;0.5;267;736;121;3;0.25;133;748;187;4;0.125;67;628;628;0;0;0;0
183764;1;1;533;533;109;2;0.5;267;691;196;3;0.25;133;628;321;4;0.125;67;374;374;0;0;0;0
184806;1;1;533;533;46;2;0.5;267;754;175;3;0.25;133;712;315;4;0.125;67;464;464;0;0;0;0
185785;1;1;533;533;86;2;0.5;267;714;106;3;0.25;133;741;142;4;0.125;67;666;666;0;0;0;0
186797;1;1;533;533;88;2;0.5;267;712;185;3;0.25;133;660;243;4;0.125;67;484;484;0;0;0;0
187803;1;1;533;533;92;2;0.5;267;708;215;3;0.25;133;626;276;4;0.125;67;417;417;0;0;0;0
188825;1;1;533;533;111;2;0.5;267;689;184;3;0.25;133;638;296;4;0.125;67;409;409;0;0;0;0
189835;1;1;533;533;22;2;0.5;267;778;31;3;0.25;133;880;53;4;0.125;67;894;894;0;0;0;0
190846;1;1;533;533;86;2;0.5;267;714;136;3;0.25;133;711;226;4;0.125;67;552;552;0;0;0;0
191852;1;1;533;533;34;2;0.5;267;766;58;3;0.25;133;841;85;4;0.125;67;823;823;0;0;0;0
192868;1;1;533;533;24;2;0.5;267;776;85;3;0.25;133;824;100;4;0.125;67;791;791;0;0;0;0
193879;1;1;533;533;67;2;0.5;267;733;121;3;0.25;133;745;173;4;0.125;67;639;639;0;0;0;0
194889;1;1;533;533;44;2;0.5;267;756;130;3;0.25;133;759;216;4;0.125;67;610;610;0;0;0;0
195900;1;1;533;533;20;2;0.5;267;780;55;3;0.25;133;858;81;4;0.125;67;844;844;0;0;0;0
196913;1;1;533;533;24;2;0.5;267;776;46;3;0.25;133;863;91;4;0.125;67;839;839;0;0;0;0
197925;1;1;533;533;24;2;0.5;267;776;35;3;0.25;133;874;53;4;0.125;67;888;888;0;0;0;0
198936;1;1;533;533;62;2;0.5;267;738;123;3;0.25;133;748;143;4;0.125;67;672;672;0;0;0;0
199949;1;1;533;533;40;2;0.5;267;760;71;3;0.25;133;822;107;4;0.125;67;782;782;0;0;0;0
200965;1;1;533;533;37;2;0.5;267;763;81;3;0.25;133;815;103;4;0.125;67;779;779;0;0;0;0
201974;1;1;533;533;77;2;0.5;267;723;165;3;0.25;133;691;197;4;0.125;67;561;561;0;0;0;0
202984;1;1;533;533;46;2;0.5;267;754;87;3;0.25;133;800;127;4;0.125;67;740;740;0;0;0;0
203996;1;1;533;533;63;2;0.5;267;737;140;3;0.25;133;730;203;4;0.125;67;594;594;0;0;0;0
205007;1;1;533;533;26;2;0.5;267;774;52;3;0.25;133;855;65;4;0.125;67;857;857;0;0;0;0
206019;1;1;533;533;39;2;0.5;267;761;84;3;0.25;133;810;124;4;0.125;67;753;753;0;0;0;0
207020;1;1;533;533;106;2;0.5;267;694;187;3;0.25;133;640;288;4;0.125;67;419;419;0;0;0;0
208031;1;1;533;533;39;2;0.5;267;761;110;3;0.25;133;784;132;4;0.125;67;719;719;0;0;0;0
209051;1;1;533;533;61;2;0.5;267;739;131;3;0.25;133;741;212;4;0.125;67;596;596;0;0;0;0
210059;1;1;533;533;95;2;0.5;267;705;224;3;0.25;133;614;293;4;0.125;67;388;388;0;0;0;0
211072;1;1;533;533;72;2;0.5;267;728;155;3;0.25;133;706;237;4;0.125;67;536;536;0;0;0;0
212076;1;1;533;533;94;2;0.5;267;706;179;3;0.25;133;660;275;4;0.125;67;452;452;0;0;0;0
213088;1;1;533;533;49;2;0.5;267;751;119;3;0.25;133;765;135;4;0.125;67;697;697;0;0;0;0
214102;1;1;533;533;44;2;0.5;267;756;122;3;0.25;133;767;191;4;0.125;67;643;643;0;0;0;0
215116;1;1;533;533;54;2;0.5;267;746;96;3;0.25;133;783;133;4;0.125;67;717;717;0;0;0;0
216128;1;1;533;533;23;2;0.5;267;777;62;3;0.25;133;848;80;4;0.125;67;835;835;0;0;0;0
217138;1;1;533;533;39;2;0.5;267;761;82;3;0.25;133;812;126;4;0.125;67;753;753;0;0;0;0
218152;1;1;533;533;24;2;0.5;267;776;52;3;0.25;133;857;82;4;0.125;67;842;842;0;0;0;0
219166;1;1;533;533;55;2;0.5;267;745;128;3;0.25;133;750;177;4;0.125;67;640;640;0;0;0;0
220181;1;1;533;533;63;2;0.5;267;737;155;3;0.25;133;715;170;4;0.125;67;612;612;0;0;0;0
221193;1;1;533;533;66;2;0.5;267;734;158;3;0.25;133;709;263;4;0.125;67;513;513;0;0;0;0
222192;1;1;533;533;100;2;0.5;267;700;175;3;0.25;133;658;296;4;0.125;67;429;429;0;0;0;0
223197;1;1;533;533;81;2;0.5;267;719;156;3;0.25;133;696;301;4;0.125;67;462;462;0;0;0;0
224196;1;1;533;533;62;2;0.5;267;738;85;3;0.25;133;786;129;4;0.125;67;724;724;0;0;0;0
225212;1;1;533;533;38;2;0.5;267;762;83;3;0.25;133;812;123;4;0.125;67;756;756;0;0;0;0
226224;1;1;533;533;50;2;0.5;267;750;109;3;0.25;133;774;135;4;0.125;67;706;706;0;0;0;0
227236;1;1;533;533;35;2;0.5;267;765;99;3;0.25;133;799;104;4;0.125;67;762;762;0;0;0;0
228234;1;1;533;533;50;2;0.5;267;750;105;3;0.25;133;778;214;4;0.125;67;631;631;0;0;0;0
229246;1;1;533;533;79;2;0.5;267;721;159;3;0.25;133;695;288;4;0.125;67;474;474;0;0;0;0
230260;1;1;533;533;63;2;0.5;267;737;130;3;0.25;133;740;170;4;0.125;67;637;637;0;0;0;0
231274;1;1;533;533;46;2;0.5;267;754;113;3;0.25;133;774;204;4;0.125;67;637;637;0;0;0;0
232286;1;1;533;533;67;2;0.5;267;733;66;3;0.25;133;800;217;4;0.125;67;650;650;0;0;0;0
233297;1;1;533;533;60;2;0.5;267;740;142;3;0.25;133;731;191;4;0.125;67;607;607;0;0;0;0
234313;1;1;533;533;43;2;0.5;267;757;90;3;0.25;133;800;176;4;0.125;67;691;691;0;0;0;0
235325;1;1;533;533;98;2;0.5;267;702;194;3;0.25;133;641;301;4;0.125;67;407;407;0;0;0;0
236337;1;1;533;533;97;2;0.5;267;703;220;3;0.25;133;616;168;4;0.125;67;515;515;0;0;0;0
237349;1;1;533;533;36;2;0.5;267;764;166;3;0.25;133;731;225;4;0.125;67;573;573;0;0;0;0
238359;1;1;533;533;81;2;0.5;267;719;57;3;0.25;133;795;88;4;0.125;67;774;774;0;0;0;0
239371;1;1;533;533;26;2;0.5;267;774;49;3;0.25;133;858;65;4;0.125;67;860;860;0;0;0;0
240386;1;1;533;533;39;2;0.5;267;761;58;3;0.25;133;836;188;4;0.125;67;715;715;0;0;0;0
241393;1;1;533;533;34;2;0.5;267;766;82;3;0.25;133;817;41;4;0.125;67;843;843;0;0;0;0
242407;1;1;533;533;17;2;0.5;267;783;39;3;0.25;133;877;192;4;0.125;67;752;752;0;0;0;0
243420;1;1;533;533;92;2;0.5;267;708;307;3;0.25;133;534;284;4;0.125;67;317;317;0;0;0;0
244434;1;1;533;533;100;2;0.5;267;700;216;3;0.25;133;617;298;4;0.125;67;386;386;0;0;0;0
245446;1;1;533;533;93;2;0.5;267;707;100;3;0.25;133;740;188;4;0.125;67;619;619;0;0;0;0
246459;1;1;533;533;76;2;0.5;267;724;146;3;0.25;133;711;230;4;0.125;67;548;548;0;0;0;0
247469;1;1;533;533;61;2;0.5;267;739;131;3;0.25;133;741;265;4;0.125;67;543;543;0;0;0;0
248466;1;1;533;533;91;2;0.5;267;709;210;3;0.25;133;632;163;4;0.125;67;536;536;0;0;0;0
249478;1;1;533;533;81;2;0.5;267;719;207;3;0.25;133;645;298;4;0.125;67;414;414;0;0;0;0
250498;1;1;533;533;103;2;0.5;267;697;187;3;0.25;133;643;280;4;0.125;67;430;430;0;0;0;0
251508;1;1;533;533;95;2;0.5;267;705;202;3;0.25;133;636;288;4;0.125;67;415;415;0;0;0;0
252517;1;1;533;533;37;2;0.5;267;763;75;3;0.25;133;821;119;4;0.125;67;769;769;0;0;0;0
253529;1;1;533;533;40;2;0.5;267;760;97;3;0.25;133;796;154;4;0.125;67;709;709;0;0;0;0
254539;1;1;533;533;30;2;0.5;267;770;62;3;0.25;133;841;97;4;0.125;67;811;811;0;0;0;0
255547;1;1;533;533;111;2;0.5;267;689;184;3;0.25;133;638;303;4;0.125;67;402;402;0;0;0;0
256561;1;1;533;533;50;2;0.5;267;750;137;3;0.25;133;746;192;4;0.125;67;621;621;0;0;0;0
257576;1;1;533;533;41;2;0.5;267;759;61;3;0.25;133;831;104;4;0.125;67;794;794;0;0;0;0
258587;1;1;533;533;44;2;0.5;267;756;74;3;0.25;133;815;129;4;0.125;67;753;753;0;0;0;0
259597;1;1;533;533;70;2;0.5;267;730;164;3;0.25;133;699;215;4;0.125;67;551;551;0;0;0;0
260616;1;1;533;533;56;2;0.5;267;744;112;3;0.25;133;765;164;4;0.125;67;668;668;0;0;0;0
261625;1;1;533;533;47;2;0.5;267;753;107;3;0.25;133;779;134;4;0.125;67;712;712;0;0;0;0
262643;1;1;533;533;83;2;0.5;267;717;179;3;0.25;133;671;255;4;0.125;67;483;483;0;0;0;0
263652;1;1;533;533;19;2;0.5;267;781;41;3;0.25;133;873;68;4;0.125;67;872;872;0;0;0;0
264661;1;1;533;533;42;2;0.5;267;758;92;3;0.25;133;799;152;4;0.125;67;714;714;0;0;0;0
265677;1;1;533;533;64;2;0.5;267;736;143;3;0.25;133;726;203;4;0.125;67;590;590;0;0;0;0
266690;1;1;533;533;88;2;0.5;267;712;190;3;0.25;133;655;300;4;0.125;67;422;422;0;0;0;0
267700;1;1;533;533;102;2;0.5;267;698;182;3;0.25;133;649;304;4;0.125;67;412;412;0;0;0;0
268695;1;1;533;533;95;2;0.5;267;705;187;3;0.25;133;651;279;4;0.125;67;439;439;0;0;0;0
269696;1;1;533;533;23;2;0.5;267;777;36;3;0.25;133;874;72;4;0.125;67;869;869;0;0;0;0
270705;1;1;533;533;3;2;0.5;267;797;14;3;0.25;133;916;16;4;0.125;67;967;967;0;0;0;0
271707;1;1;533;533;27;2;0.5;267;773;67;3;0.25;133;839;102;4;0.125;67;804;804;0;0;0;0
272710;1;1;533;533;17;2;0.5;267;783;23;3;0.25;133;893;46;4;0.125;67;914;914;0;0;0;0
273719;1;1;533;533;5;2;0.5;267;795;8;3;0.25;133;920;19;4;0.125;67;968;968;0;0;0;0
274726;1;1;533;533;27;2;0.5;267;773;71;3;0.25;133;835;112;4;0.125;67;790;790;0;0;0;0
275736;1;1;533;533;8;2;0.5;267;792;12;3;0.25;133;913;18;4;0.125;67;962;962;0;0;0;0
276741;1;1;533;533;9;2;0.5;267;791;22;3;0.25;133;902;28;4;0.125;67;941;941;0;0;0;0
277750;1;1;533;533;16;2;0.5;267;784;25;3;0.25;133;892;50;4;0.125;67;909;909;0;0;0;0
278759;1;1;533;533;8;2;0.5;267;792;10;3;0.25;133;915;20;4;0.125;67;962;962;0;0;0;0
279776;1;1;533;533;18;2;0.5;267;782;47;3;0.25;133;868;68;4;0.125;67;867;867;0;0;0;0
280786;1;1;533;533;21;2;0.5;267;779;43;3;0.25;133;869;78;4;0.125;67;858;858;0;0;0;0
281802;1;1;533;533;15;2;0.5;267;785;35;3;0.25;133;883;55;4;0.125;67;895;895;0;0;0;0
282812;1;1;533;533;18;2;0.5;267;782;29;3;0.25;133;886;52;4;0.125;67;901;901;0;0;0;0
283826;1;1;533;533;11;2;0.5;267;789;20;3;0.25;133;902;18;4;0.125;67;951;951;0;0;0;0
284827;1;1;533;533;2;2;0.5;267;798;12;3;0.25;133;919;23;4;0.125;67;963;963;0;0;0;0
285834;1;1;533;533;1;2;0.5;267;799;8;3;0.25;133;924;12;4;0.125;67;979;979;0;0;0;0
286831;1;1;533;533;3;2;0.5;267;797;16;3;0.25;133;914;27;4;0.125;67;954;954;0;0;0;0
287846;1;1;533;533;8;2;0.5;267;792;19;3;0.25;133;906;25;4;0.125;67;948;948;0;0;0;0
288854;1;1;533;533;15;2;0.5;267;785;26;3;0.25;133;892;45;4;0.125;67;914;914;0;0;0;0
289868;1;1;533;533;11;2;0.5;267;789;17;3;0.25;133;905;30;4;0.125;67;942;942;0;0;0;0
290871;1;1;533;533;9;2;0.5;267;791;13;3;0.25;133;911;31;4;0.125;67;947;947;0;0;0;0
291886;1;1;533;533;6;2;0.5;267;794;13;3;0.25;133;914;18;4;0.125;67;963;462;NaN
292895;1;1;533;533;14;2;0.5;267;786;25;3;0.25;133;894;50;4;0.125;67;911;168;NaN
293909;1;1;533;533;15;2;0.5;267;785;27;3;0.25;133;891;29;4;0.125;67;929;184;NaN
294912;1;1;533;533;15;2;0.5;267;785;18;3;0.25;133;900;38;4;0.125;67;929;140;NaN
295912;1;1;533;533;7;2;0.5;267;793;21;3;0.25;133;905;16;4;0.125;67;956;114;NaN
296917;1;1;533;533;19;2;0.5;267;781;38;3;0.25;133;876;44;4;0.125;67;899;255;NaN
297931;1;1;533;533;29;2;0.5;267;771;49;3;0.25;133;855;61;4;0.125;67;861;331;NaN
298944;1;1;533;533;10;2;0.5;267;790;25;3;0.25;133;898;33;4;0.125;67;932;165;NaN
299959;1;1;533;533;16;2;0.5;267;784;37;3;0.25;133;880;41;4;0.125;67;906;224;NaN
300961;1;1;533;533;1;2;0.5;267;799;5;3;0.25;133;927;19;4;0.125;67;975;53;NaN
301965;1;1;533;533;11;2;0.5;267;789;20;3;0.25;133;902;27;4;0.125;67;942;159;NaN
302980;1;1;533;533;6;2;0.5;267;794;5;3;0.25;133;922;9;4;0.125;67;980;41;NaN
303978;1;1;533;533;2;2;0.5;267;798;13;3;0.25;133;918;18;4;0.125;67;967;65;NaN
304980;1;1;533;533;15;2;0.5;267;785;20;3;0.25;133;898;37;4;0.125;67;928;163;NaN
305994;1;1;533;533;9;2;0.5;267;791;16;3;0.25;133;908;26;4;0.125;67;949;129;NaN
307006;1;1;533;533;4;2;0.5;267;796;11;3;0.25;133;918;14;4;0.125;67;971;50;NaN
308018;1;1;533;533;24;2;0.5;267;776;51;3;0.25;133;858;68;4;0.125;67;857;305;NaN
309026;1;1;533;533;8;2;0.5;267;792;21;3;0.25;133;904;28;4;0.125;67;943;142;NaN
310044;1;1;533;533;0;2;0.5;267;800;17;3;0.25;133;916;25;4;0.125;67;958;145;NaN
311055;1;1;533;533;11;2;0.5;267;789;0;3;0.25;133;922;22;4;0.125;67;967;125;NaN
312070;1;1;533;533;16;2;0.5;267;784;27;3;0.25;133;890;42;4;0.125;67;915;193;NaN
313082;1;1;533;533;8;2;0.5;267;792;11;3;0.25;133;914;30;4;0.125;67;951;132;NaN
314094;1;1;533;533;29;2;0.5;267;771;60;3;0.25;133;844;42;4;0.125;67;869;222;NaN
315099;1;1;533;533;4;2;0.5;267;796;21;3;0.25;133;908;51;4;0.125;67;924;219;NaN
316102;1;1;533;533;21;2;0.5;267;779;33;3;0.25;133;879;12;4;0.125;67;934;48;NaN
317112;1;1;533;533;5;2;0.5;267;795;5;3;0.25;133;923;17;4;0.125;67;973;67;NaN
318124;1;1;533;533;14;2;0.5;267;786;27;3;0.25;133;892;47;4;0.125;67;912;237;NaN
319135;1;1;533;533;5;2;0.5;267;795;10;3;0.25;133;918;15;4;0.125;67;970;58;NaN
320146;1;1;533;533;9;2;0.5;267;791;19;3;0.25;133;905;28;4;0.125;67;944;118;NaN
321149;1;1;533;533;22;2;0.5;267;778;38;3;0.25;133;873;61;4;0.125;67;879;318;NaN
322165;1;1;533;533;11;2;0.5;267;789;8;3;0.25;133;914;21;4;0.125;67;960;138;NaN
323172;1;1;533;533;13;2;0.5;267;787;20;3;0.25;133;900;29;4;0.125;67;938;151;NaN
324189;1;1;533;533;8;2;0.5;267;792;6;3;0.25;133;919;11;4;0.125;67;975;55;NaN
325205;1;1;533;533;15;2;0.5;267;785;35;3;0.25;133;883;37;4;0.125;67;913;196;NaN
326216;1;1;533;533;14;2;0.5;267;786;24;3;0.25;133;895;61;4;0.125;67;901;237;NaN
327230;1;1;533;533;25;2;0.5;267;775;37;3;0.25;133;871;57;4;0.125;67;881;280;NaN
328234;1;1;533;533;21;2;0.5;267;779;23;3;0.25;133;889;41;4;0.125;67;915;188;NaN
329234;1;1;533;533;6;2;0.5;267;794;29;3;0.25;133;898;32;4;0.125;67;933;169;NaN
330249;1;1;533;533;12;2;0.5;267;788;17;3;0.25;133;904;25;4;0.125;67;946;138;NaN
331258;1;1;533;533;5;2;0.5;267;795;13;3;0.25;133;915;21;4;0.125;67;961;107;NaN
332265;1;1;533;533;9;2;0.5;267;791;24;3;0.25;133;900;23;4;0.125;67;944;140;NaN
333276;1;1;533;533;9;2;0.5;267;791;20;3;0.25;133;904;30;4;0.125;67;941;152;NaN
334289;1;1;533;533;15;2;0.5;267;785;21;3;0.25;133;897;38;4;0.125;67;926;152;NaN
335297;1;1;533;533;4;2;0.5;267;796;12;3;0.25;133;917;23;4;0.125;67;961;60;NaN
336311;1;1;533;533;12;2;0.5;267;788;43;3;0.25;133;878;61;4;0.125;67;884;258;NaN
337320;1;1;533;533;5;2;0.5;267;795;13;3;0.25;133;915;20;4;0.125;67;962;95;NaN
338332;1;1;533;533;24;2;0.5;267;776;47;3;0.25;133;862;63;4;0.125;67;866;326;NaN
339344;1;1;533;533;23;2;0.5;267;777;38;3;0.25;133;872;78;4;0.125;67;861;311;NaN
340355;1;1;533;533;15;2;0.5;267;785;31;3;0.25;133;887;37;4;0.125;67;917;221;NaN
341362;1;1;533;533;8;2;0.5;267;792;20;3;0.25;133;905;23;4;0.125;67;949;122;NaN
342373;1;1;533;533;8;2;0.5;267;792;9;3;0.25;133;916;23;4;0.125;67;960;109;NaN
343377;1;1;533;533;13;2;0.5;267;787;35;3;0.25;133;885;42;4;0.125;67;910;185;NaN
344392;1;1;533;533;12;2;0.5;267;788;32;3;0.25;133;889;41;4;0.125;67;915;177;NaN
345398;1;1;533;533;5;2;0.5;267;795;9;3;0.25;133;919;10;4;0.125;67;976;44;NaN
346407;1;1;533;533;26;2;0.5;267;774;65;3;0.25;133;842;109;4;0.125;67;800;582;NaN
347421;1;1;533;533;5;2;0.5;267;795;9;3;0.25;133;919;15;4;0.125;67;971;120;NaN
348434;1;1;533;533;16;2;0.5;267;784;41;3;0.25;133;876;51;4;0.125;67;892;232;NaN
349451;1;1;533;533;10;2;0.5;267;790;15;3;0.25;133;908;28;4;0.125;67;947;132;NaN
350458;1;1;533;533;32;2;0.5;267;768;62;3;0.25;133;839;86;4;0.125;67;820;453;NaN
351472;1;1;533;533;23;2;0.5;267;777;48;3;0.25;133;862;56;4;0.125;67;873;297;NaN
352474;1;1;533;533;10;2;0.5;267;790;17;3;0.25;133;906;12;4;0.125;67;961;119;NaN
353489;1;1;533;533;13;2;0.5;267;787;26;3;0.25;133;894;37;4;0.125;67;924;182;NaN
354497;1;1;533;533;14;2;0.5;267;786;38;3;0.25;133;881;43;4;0.125;67;905;178;NaN
355511;1;1;533;533;6;2;0.5;267;794;19;3;0.25;133;908;24;4;0.125;67;951;114;NaN
356514;1;1;533;533;6;2;0.5;267;794;7;3;0.25;133;920;21;4;0.125;67;966;114;NaN
357527;1;1;533;533;12;2;0.5;267;788;19;3;0.25;133;902;23;4;0.125;67;946;126;NaN
358529;1;1;533;533;9;2;0.5;267;791;22;3;0.25;133;902;23;4;0.125;67;946;118;NaN
359530;1;1;533;533;18;2;0.5;267;782;53;3;0.25;133;862;79;4;0.125;67;850;327;NaN
360529;1;1;533;533;20;2;0.5;267;780;32;3;0.25;133;881;37;4;0.125;67;911;245;NaN
361537;1;1;533;533;16;2;0.5;267;784;26;3;0.25;133;891;39;4;0.125;67;919;180;NaN
362554;1;1;533;533;15;2;0.5;267;785;29;3;0.25;133;889;44;4;0.125;67;912;199;NaN
363561;1;1;533;533;5;2;0.5;267;795;17;3;0.25;133;911;25;4;0.125;67;953;107;NaN
364572;1;1;533;533;11;2;0.5;267;789;22;3;0.25;133;900;41;4;0.125;67;926;186;NaN
365588;1;1;533;533;5;2;0.5;267;795;18;3;0.25;133;910;25;4;0.125;67;952;95;NaN
366599;1;1;533;533;11;2;0.5;267;789;35;3;0.25;133;887;46;4;0.125;67;908;237;NaN
367603;1;1;533;533;7;2;0.5;267;793;11;3;0.25;133;915;16;4;0.125;67;966;100;NaN
368602;1;1;533;533;9;2;0.5;267;791;15;3;0.25;133;909;38;4;0.125;67;938;129;NaN
369620;1;1;533;533;4;2;0.5;267;796;27;3;0.25;133;902;52;4;0.125;67;917;254;NaN
370630;1;1;533;533;24;2;0.5;267;776;12;3;0.25;133;897;47;4;0.125;67;917;252;NaN
371643;1;1;533;533;30;2;0.5;267;770;48;3;0.25;133;855;77;4;0.125;67;845;303;NaN
372651;1;1;533;533;12;2;0.5;267;788;32;3;0.25;133;889;34;4;0.125;67;922;131;NaN
373664;1;1;533;533;6;2;0.5;267;794;7;3;0.25;133;920;35;4;0.125;67;952;180;NaN
374679;1;1;533;533;12;2;0.5;267;788;35;3;0.25;133;886;53;4;0.125;67;900;254;NaN
375690;1;1;533;533;22;2;0.5;267;778;27;3;0.25;133;884;58;4;0.125;67;893;303;NaN
376700;1;1;533;533;20;2;0.5;267;780;32;3;0.25;133;881;19;4;0.125;67;929;136;NaN
377713;1;1;533;533;6;2;0.5;267;794;30;3;0.25;133;897;25;4;0.125;67;939;99;NaN
378725;1;1;533;533;8;2;0.5;267;792;21;3;0.25;133;904;49;4;0.125;67;922;236;NaN
379743;1;1;533;533;6;2;0.5;267;794;18;3;0.25;133;909;21;4;0.125;67;955;99;NaN
380745;1;1;533;533;12;2;0.5;267;788;37;3;0.25;133;884;52;4;0.125;67;899;267;NaN
381757;1;1;533;533;7;2;0.5;267;793;18;3;0.25;133;908;15;4;0.125;67;960;53;NaN
382768;1;1;533;533;34;2;0.5;267;766;72;3;0.25;133;827;101;4;0.125;67;793;411;NaN
383779;1;1;533;533;3;2;0.5;267;797;6;3;0.25;133;924;18;4;0.125;67;973;103;NaN
384778;1;1;533;533;7;2;0.5;267;793;10;3;0.25;133;916;0;4;0.125;67;983;0;NaN
385784;1;1;533;533;24;2;0.5;267;776;31;3;0.25;133;878;69;4;0.125;67;876;291;NaN
386797;1;1;533;533;2;2;0.5;267;798;11;3;0.25;133;920;5;4;0.125;67;982;44;NaN
387808;1;1;533;533;7;2;0.5;267;793;11;3;0.25;133;915;15;4;0.125;67;967;79;NaN
388825;1;1;533;533;5;2;0.5;267;795;10;3;0.25;133;918;22;4;0.125;67;963;94;NaN
389838;1;1;533;533;7;2;0.5;267;793;16;3;0.25;133;910;26;4;0.125;67;951;129;NaN
390851;1;1;533;533;22;2;0.5;267;778;39;3;0.25;133;872;61;4;0.125;67;878;247;NaN
391864;1;1;533;533;15;2;0.5;267;785;37;3;0.25;133;881;57;4;0.125;67;891;235;NaN
392875;1;1;533;533;9;2;0.5;267;791;15;3;0.25;133;909;17;4;0.125;67;959;112;NaN
393891;1;1;533;533;18;2;0.5;267;782;19;3;0.25;133;896;42;4;0.125;67;921;171;NaN
394891;1;1;533;533;17;2;0.5;267;783;45;3;0.25;133;871;68;4;0.125;67;870;322;NaN
395906;1;1;533;533;8;2;0.5;267;792;11;3;0.25;133;914;16;4;0.125;67;965;122;NaN
396918;1;1;533;533;23;2;0.5;267;777;35;3;0.25;133;875;42;4;0.125;67;900;203;NaN
397930;1;1;533;533;11;2;0.5;267;789;10;3;0.25;133;912;26;4;0.125;67;953;84;NaN
398927;1;1;533;533;13;2;0.5;267;787;20;3;0.25;133;900;28;4;0.125;67;939;149;NaN
399943;1;1;533;533;5;2;0.5;267;795;18;3;0.25;133;910;19;4;0.125;67;958;125;NaN
400950;1;1;533;533;14;2;0.5;267;786;26;3;0.25;133;893;35;4;0.125;67;925;164;NaN
401968;1;1;533;533;16;2;0.5;267;784;21;3;0.25;133;896;52;4;0.125;67;911;155;NaN
402978;1;1;533;533;12;2;0.5;267;788;24;3;0.25;133;897;44;4;0.125;67;920;222;NaN
403993;1;1;533;533;11;2;0.5;267;789;18;3;0.25;133;904;34;4;0.125;67;937;113;NaN
404996;1;1;533;533;5;2;0.5;267;795;19;3;0.25;133;909;18;4;0.125;67;958;123;NaN
406012;1;1;533;533;16;2;0.5;267;784;34;3;0.25;133;883;75;4;0.125;67;875;287;NaN
407025;1;1;533;533;5;2;0.5;267;795;5;3;0.25;133;923;12;4;0.125;67;978;55;NaN
408036;1;1;533;533;14;2;0.5;267;786;20;3;0.25;133;899;46;4;0.125;67;920;164;NaN
409048;1;1;533;533;5;2;0.5;267;795;6;3;0.25;133;922;19;4;0.125;67;970;54;NaN
410060;1;1;533;533;23;2;0.5;267;777;34;3;0.25;133;876;57;4;0.125;67;886;262;NaN
411074;1;1;533;533;4;2;0.5;267;796;5;3;0.25;133;924;14;4;0.125;67;977;70;NaN
412077;1;1;533;533;5;2;0.5;267;795;17;3;0.25;133;911;12;4;0.125;67;966;74;NaN
413091;1;1;533;533;13;2;0.5;267;787;18;3;0.25;133;902;28;4;0.125;67;941;122;NaN
414094;1;1;533;533;2;2;0.5;267;798;7;3;0.25;133;924;9;4;0.125;67;982;52;NaN
415094;1;1;533;533;4;2;0.5;267;796;5;3;0.25;133;924;12;4;0.125;67;979;55;NaN
416108;1;1;533;533;17;2;0.5;267;783;35;3;0.25;133;881;48;4;0.125;67;900;196;NaN
417121;1;1;533;533;19;2;0.5;267;781;31;3;0.25;133;883;35;4;0.125;67;915;235;NaN
418134;1;1;533;533;11;2;0.5;267;789;16;3;0.25;133;906;27;4;0.125;67;946;135;NaN
419146;1;1;533;533;8;2;0.5;267;792;26;3;0.25;133;899;47;4;0.125;67;919;218;NaN
420146;1;1;533;533;6;2;0.5;267;794;13;3;0.25;133;914;15;4;0.125;67;966;57;NaN
421151;1;1;533;533;22;2;0.5;267;778;23;3;0.25;133;888;42;4;0.125;67;913;215;NaN
422161;1;1;533;533;22;2;0.5;267;778;42;3;0.25;133;869;47;4;0.125;67;889;261;NaN
423165;1;1;533;533;9;2;0.5;267;791;16;3;0.25;133;908;32;4;0.125;67;943;121;NaN
424163;1;1;533;533;5;2;0.5;267;795;15;3;0.25;133;913;16;4;0.125;67;964;121;NaN
425174;1;1;533;533;11;2;0.5;267;789;30;3;0.25;133;892;46;4;0.125;67;913;223;NaN
426183;1;1;533;533;15;2;0.5;267;785;28;3;0.25;133;890;47;4;0.125;67;910;202;NaN
427200;1;1;533;533;6;2;0.5;267;794;30;3;0.25;133;897;43;4;0.125;67;921;201;NaN
428200;1;1;533;533;11;2;0.5;267;789;19;3;0.25;133;903;39;4;0.125;67;931;134;NaN
429213;1;1;533;533;5;2;0.5;267;795;13;3;0.25;133;915;30;4;0.125;67;952;161;NaN
430227;1;1;533;533;3;2;0.5;267;797;10;3;0.25;133;920;9;4;0.125;67;978;91;NaN
431235;1;1;533;533;13;2;0.5;267;787;42;3;0.25;133;878;52;4;0.125;67;893;185;NaN
432247;1;1;533;533;21;2;0.5;267;779;31;3;0.25;133;881;45;4;0.125;67;903;229;NaN
433262;1;1;533;533;8;2;0.5;267;792;11;3;0.25;133;914;52;4;0.125;67;929;225;NaN
434274;1;1;533;533;5;2;0.5;267;795;5;3;0.25;133;923;20;4;0.125;67;970;124;NaN
435284;1;1;533;533;8;2;0.5;267;792;37;3;0.25;133;888;36;4;0.125;67;919;123;NaN
436297;1;1;533;533;16;2;0.5;267;784;8;3;0.25;133;909;50;4;0.125;67;926;188;NaN
437310;1;1;533;533;9;2;0.5;267;791;18;3;0.25;133;906;54;4;0.125;67;919;196;NaN
438322;1;1;533;533;29;2;0.5;267;771;38;3;0.25;133;866;34;4;0.125;67;899;151;NaN
439329;1;1;533;533;13;2;0.5;267;787;23;3;0.25;133;897;18;4;0.125;67;946;60;NaN
440345;1;1;533;533;12;2;0.5;267;788;21;3;0.25;133;900;33;4;0.125;67;934;179;NaN
441348;1;1;533;533;2;2;0.5;267;798;36;3;0.25;133;895;26;4;0.125;67;936;150;NaN
442354;1;1;533;533;20;2;0.5;267;780;40;3;0.25;133;873;68;4;0.125;67;872;311;NaN
443365;1;1;533;533;14;2;0.5;267;786;6;3;0.25;133;913;61;4;0.125;67;919;302;NaN
444375;1;1;533;533;22;2;0.5;267;778;44;3;0.25;133;867;9;4;0.125;67;925;50;NaN
445389;1;1;533;533;5;2;0.5;267;795;13;3;0.25;133;915;33;4;0.125;67;949;163;NaN
446401;1;1;533;533;4;2;0.5;267;796;11;3;0.25;133;918;35;4;0.125;67;950;155;NaN
447413;1;1;533;533;13;2;0.5;267;787;16;3;0.25;133;904;30;4;0.125;67;941;112;NaN
448422;1;1;533;533;17;2;0.5;267;783;32;3;0.25;133;884;34;4;0.125;67;917;185;NaN
449439;1;1;533;533;8;2;0.5;267;792;34;3;0.25;133;891;30;4;0.125;67;928;142;NaN
450440;1;1;533;533;17;2;0.5;267;783;28;3;0.25;133;888;38;4;0.125;67;917;191;NaN
451447;1;1;533;533;7;2;0.5;267;793;27;3;0.25;133;899;21;4;0.125;67;945;347;NaN
452450;1;1;533;533;15;2;0.5;267;785;39;3;0.25;133;879;47;4;0.125;67;899;0;NaN
453464;1;1;533;533;1;2;0.5;267;799;7;3;0.25;133;925;17;4;0.125;67;975;66;NaN
454476;1;1;533;533;22;2;0.5;267;778;37;3;0.25;133;874;53;4;0.125;67;888;253;NaN
455490;1;1;533;533;15;2;0.5;267;785;35;3;0.25;133;883;49;4;0.125;67;901;218;NaN
456503;1;1;533;533;29;2;0.5;267;771;39;3;0.25;133;865;63;4;0.125;67;869;285;NaN
457514;1;1;533;533;5;2;0.5;267;795;10;3;0.25;133;918;11;4;0.125;67;974;91;NaN
458528;1;1;533;533;13;2;0.5;267;787;31;3;0.25;133;889;49;4;0.125;67;907;204;NaN
459540;1;1;533;533;17;2;0.5;267;783;38;3;0.25;133;878;44;4;0.125;67;901;276;NaN
460541;1;1;533;533;10;2;0.5;267;790;17;3;0.25;133;906;25;4;0.125;67;948;94;NaN
461545;1;1;533;533;21;2;0.5;267;779;30;3;0.25;133;882;46;4;0.125;67;903;261;NaN
462545;1;1;533;533;5;2;0.5;267;795;5;3;0.25;133;923;14;4;0.125;67;976;39;NaN
463553;1;1;533;533;7;2;0.5;267;793;14;3;0.25;133;912;20;4;0.125;67;959;85;NaN
464566;1;1;533;533;17;2;0.5;267;783;26;3;0.25;133;890;33;4;0.125;67;924;197;NaN
465572;1;1;533;533;9;2;0.5;267;791;13;3;0.25;133;911;18;4;0.125;67;960;106;NaN
466585;1;1;533;533;14;2;0.5;267;786;19;3;0.25;133;900;28;4;0.125;67;939;177;NaN
467597;1;1;533;533;8;2;0.5;267;792;7;3;0.25;133;918;19;4;0.125;67;966;55;NaN
468611;1;1;533;533;6;2;0.5;267;794;18;3;0.25;133;909;33;4;0.125;67;943;152;NaN
469622;1;1;533;533;11;2;0.5;267;789;27;3;0.25;133;895;39;4;0.125;67;923;183;NaN
470622;1;1;533;533;7;2;0.5;267;793;7;3;0.25;133;919;20;4;0.125;67;966;89;NaN
471625;1;1;533;533;2;2;0.5;267;798;4;3;0.25;133;927;8;4;0.125;67;986;60;NaN
472624;1;1;533;533;9;2;0.5;267;791;17;3;0.25;133;907;21;4;0.125;67;953;107;NaN
473641;1;1;533;533;4;2;0.5;267;796;10;3;0.25;133;919;8;4;0.125;67;978;69;NaN
474649;1;1;533;533;14;2;0.5;267;786;26;3;0.25;133;893;45;4;0.125;67;915;177;NaN
475664;1;1;533;533;19;2;0.5;267;781;44;3;0.25;133;870;54;4;0.125;67;883;223;NaN
476676;1;1;533;533;17;2;0.5;267;783;23;3;0.25;133;893;56;4;0.125;67;904;181;NaN
477687;1;1;533;533;17;2;0.5;267;783;25;3;0.25;133;891;32;4;0.125;67;926;178;NaN
478680;1;1;533;533;3;2;0.5;267;797;8;3;0.25;133;922;11;4;0.125;67;978;61;NaN
479693;1;1;533;533;12;2;0.5;267;788;22;3;0.25;133;899;50;4;0.125;67;916;200;NaN
480707;1;1;533;533;17;2;0.5;267;783;31;3;0.25;133;885;66;4;0.125;67;886;257;NaN
481707;1;1;533;533;9;2;0.5;267;791;15;3;0.25;133;909;21;4;0.125;67;955;121;NaN
482709;1;1;533;533;4;2;0.5;267;796;23;3;0.25;133;906;30;4;0.125;67;943;123;NaN
483711;1;1;533;533;12;2;0.5;267;788;38;3;0.25;133;883;35;4;0.125;67;915;219;NaN
484732;1;1;533;533;8;2;0.5;267;792;14;3;0.25;133;911;20;4;0.125;67;958;118;NaN
485740;1;1;533;533;5;2;0.5;267;795;14;3;0.25;133;914;16;4;0.125;67;965;69;NaN
486752;1;1;533;533;20;2;0.5;267;780;36;3;0.25;133;877;50;4;0.125;67;894;325;NaN
487765;1;1;533;533;7;2;0.5;267;793;7;3;0.25;133;919;35;4;0.125;67;951;147;NaN
488781;1;1;533;533;33;2;0.5;267;767;81;3;0.25;133;819;115;4;0.125;67;771;500;NaN
489795;1;1;533;533;4;2;0.5;267;796;16;3;0.25;133;913;23;4;0.125;67;957;134;NaN
490810;1;1;533;533;23;2;0.5;267;777;40;3;0.25;133;870;45;4;0.125;67;892;208;NaN
491824;1;1;533;533;8;2;0.5;267;792;24;3;0.25;133;901;33;4;0.125;67;935;147;NaN
492835;1;1;533;533;12;2;0.5;267;788;19;3;0.25;133;902;25;4;0.125;67;944;122;NaN
493848;1;1;533;533;47;2;0.5;267;753;59;3;0.25;133;827;128;4;0.125;67;766;500;NaN
494861;1;1;533;533;2;2;0.5;267;798;16;3;0.25;133;915;11;4;0.125;67;971;52;NaN
495867;1;1;533;533;6;2;0.5;267;794;8;3;0.25;133;919;14;4;0.125;67;972;61;NaN
496880;1;1;533;533;10;2;0.5;267;790;24;3;0.25;133;899;27;4;0.125;67;939;143;NaN
497894;1;1;533;533;4;2;0.5;267;796;14;3;0.25;133;915;27;4;0.125;67;955;76;NaN
498908;1;1;533;533;27;2;0.5;267;773;49;3;0.25;133;857;95;4;0.125;67;829;346;NaN
499918;1;1;533;533;20;2;0.5;267;780;32;3;0.25;133;881;71;4;0.125;67;877;311;NaN
500919;1;1;533;533;7;2;0.5;267;793;16;3;0.25;133;910;26;4;0.125;67;951;134;NaN
501934;1;1;533;533;17;2;0.5;267;783;36;3;0.25;133;880;46;4;0.125;67;901;321;NaN
502941;1;1;533;533;3;2;0.5;267;797;10;3;0.25;133;920;18;4;0.125;67;969;98;NaN
503958;1;1;533;533;8;2;0.5;267;792;19;3;0.25;133;906;39;4;0.125;67;934;159;NaN
504964;1;1;533;533;8;2;0.5;267;792;20;3;0.25;133;905;16;4;0.125;67;956;68;NaN
505965;1;1;533;533;14;2;0.5;267;786;37;3;0.25;133;882;35;4;0.125;67;914;232;NaN
506980;1;1;533;533;15;2;0.5;267;785;29;3;0.25;133;889;45;4;0.125;67;911;188;NaN
507983;1;1;533;533;16;2;0.5;267;784;24;3;0.25;133;893;39;4;0.125;67;921;177;NaN
508997;1;1;533;533;4;2;0.5;267;796;6;3;0.25;133;923;12;4;0.125;67;978;49;NaN
510006;1;1;533;533;10;2;0.5;267;790;18;3;0.25;133;905;36;4;0.125;67;936;145;NaN
511008;1;1;533;533;6;2;0.5;267;794;10;3;0.25;133;917;14;4;0.125;67;970;63;NaN
512026;1;1;533;533;3;2;0.5;267;797;14;3;0.25;133;916;21;4;0.125;67;962;100;NaN
513039;1;1;533;533;3;2;0.5;267;797;7;3;0.25;133;923;2;4;0.125;67;988;49;NaN
514048;1;1;533;533;3;2;0.5;267;797;6;3;0.25;133;924;16;4;0.125;67;975;53;NaN
515060;1;1;533;533;9;2;0.5;267;791;16;3;0.25;133;908;50;4;0.125;67;925;253;NaN
516073;1;1;533;533;16;2;0.5;267;784;39;3;0.25;133;878;55;4;0.125;67;890;322;NaN
517069;1;1;533;533;19;2;0.5;267;781;34;3;0.25;133;880;0;4;0.125;67;947;0;NaN
518085;1;1;533;533;11;2;0.5;267;789;16;3;0.25;133;906;23;4;0.125;67;950;97;NaN
519094;1;1;533;533;7;2;0.5;267;793;20;3;0.25;133;906;35;4;0.125;67;938;200;NaN
520110;1;1;533;533;18;2;0.5;267;782;26;3;0.25;133;889;43;4;0.125;67;913;202;NaN
521124;1;1;533;533;9;2;0.5;267;791;14;3;0.25;133;910;22;4;0.125;67;955;114;NaN
522136;1;1;533;533;6;2;0.5;267;794;10;3;0.25;133;917;18;4;0.125;67;966;63;NaN
523149;1;1;533;533;22;2;0.5;267;778;52;3;0.25;133;859;59;4;0.125;67;867;358;NaN
524152;1;1;533;533;11;2;0.5;267;789;23;3;0.25;133;899;40;4;0.125;67;926;159;NaN
525152;1;1;533;533;12;2;0.5;267;788;15;3;0.25;133;906;31;4;0.125;67;942;119;NaN
526164;1;1;533;533;9;2;0.5;267;791;18;3;0.25;133;906;27;4;0.125;67;946;117;NaN
527176;1;1;533;533;15;2;0.5;267;785;17;3;0.25;133;901;36;4;0.125;67;932;144;NaN
528190;1;1;533;533;9;2;0.5;267;791;28;3;0.25;133;896;27;4;0.125;67;936;125;NaN
529199;1;1;533;533;5;2;0.5;267;795;9;3;0.25;133;919;4;4;0.125;67;982;43;NaN
530211;1;1;533;533;18;2;0.5;267;782;30;3;0.25;133;885;48;4;0.125;67;904;197;NaN
531225;1;1;533;533;9;2;0.5;267;791;39;3;0.25;133;885;69;4;0.125;67;883;277;NaN
532237;1;1;533;533;19;2;0.5;267;781;30;3;0.25;133;884;40;4;0.125;67;911;186;NaN
533252;1;1;533;533;20;2;0.5;267;780;39;3;0.25;133;874;65;4;0.125;67;876;294;NaN
534258;1;1;533;533;16;2;0.5;267;784;31;3;0.25;133;886;50;4;0.125;67;903;244;NaN
535263;1;1;533;533;31;2;0.5;267;769;59;3;0.25;133;843;95;4;0.125;67;815;455;NaN
536265;1;1;533;533;90;2;0.5;267;710;148;3;0.25;133;695;300;4;0.125;67;462;462;0;0;0;0
537268;1;1;533;533;56;2;0.5;267;744;93;3;0.25;133;784;170;4;0.125;67;681;681;0;0;0;0
538276;1;1;533;533;62;2;0.5;267;738;103;3;0.25;133;768;210;4;0.125;67;625;625;0;0;0;0
539281;1;1;533;533;17;2;0.5;267;783;28;3;0.25;133;888;64;4;0.125;67;891;891;0;0;0;0
540291;1;1;533;533;24;2;0.5;267;776;41;3;0.25;133;868;86;4;0.125;67;849;753;NaN
541296;1;1;533;533;62;2;0.5;267;738;142;3;0.25;133;729;211;4;0.125;67;585;585;0;0;0;0
542300;1;1;533;533;44;2;0.5;267;756;86;3;0.25;133;803;137;4;0.125;67;733;733;0;0;0;0
543305;1;1;533;533;48;2;0.5;267;752;88;3;0.25;133;797;146;4;0.125;67;718;718;0;0;0;0
544318;1;1;533;533;87;2;0.5;267;713;198;3;0.25;133;648;302;4;0.125;67;413;413;0;0;0;0
545331;1;1;533;533;71;2;0.5;267;729;164;3;0.25;133;698;205;4;0.125;67;560;560;0;0;0;0
546344;1;1;533;533;50;2;0.5;267;750;117;3;0.25;133;766;179;4;0.125;67;654;654;0;0;0;0
547359;1;1;533;533;24;2;0.5;267;776;39;3;0.25;133;870;50;4;0.125;67;887;887;0;0;0;0
548371;1;1;533;533;77;2;0.5;267;723;188;3;0.25;133;668;272;4;0.125;67;463;463;0;0;0;0
549384;1;1;533;533;84;2;0.5;267;716;134;3;0.25;133;715;201;4;0.125;67;581;581;0;0;0;0
550402;1;1;533;533;47;2;0.5;267;753;66;3;0.25;133;820;105;4;0.125;67;782;782;0;0;0;0
551399;1;1;533;533;60;2;0.5;267;740;107;3;0.25;133;766;165;4;0.125;67;668;668;0;0;0;0
552411;1;1;533;533;29;2;0.5;267;771;68;3;0.25;133;836;92;4;0.125;67;811;811;0;0;0;0
553421;1;1;533;533;66;2;0.5;267;734;159;3;0.25;133;708;235;4;0.125;67;540;540;0;0;0;0
554432;1;1;533;533;43;2;0.5;267;757;77;3;0.25;133;813;138;4;0.125;67;742;742;0;0;0;0
555442;1;1;533;533;51;2;0.5;267;749;97;3;0.25;133;785;149;4;0.125;67;703;703;0;0;0;0
556459;1;1;533;533;35;2;0.5;267;765;67;3;0.25;133;831;106;4;0.125;67;792;792;0;0;0;0
557474;1;1;533;533;63;2;0.5;267;737;131;3;0.25;133;739;227;4;0.125;67;579;579;0;0;0;0
558485;1;1;533;533;48;2;0.5;267;752;108;3;0.25;133;777;162;4;0.125;67;682;682;0;0;0;0
559496;1;1;533;533;27;2;0.5;267;773;46;3;0.25;133;860;73;4;0.125;67;854;854;0;0;0;0
560510;1;1;533;533;71;2;0.5;267;729;164;3;0.25;133;698;215;4;0.125;67;550;550;0;0;0;0
561522;1;1;533;533;18;2;0.5;267;782;41;3;0.25;133;874;60;4;0.125;67;881;881;0;0;0;0
562536;1;1;533;533;21;2;0.5;267;779;61;3;0.25;133;851;62;4;0.125;67;856;856;0;0;0;0
563547;1;1;533;533;64;2;0.5;267;736;138;3;0.25;133;731;206;4;0.125;67;592;592;0;0;0;0
564558;1;1;533;533;62;2;0.5;267;738;130;3;0.25;133;741;207;4;0.125;67;601;601;0;0;0;0
565569;1;1;533;533;58;2;0.5;267;742;96;3;0.25;133;779;157;4;0.125;67;689;689;0;0;0;0
566569;1;1;533;533;77;2;0.5;267;723;124;3;0.25;133;732;209;4;0.125;67;590;590;0;0;0;0
567578;1;1;533;533;48;2;0.5;267;752;119;3;0.25;133;766;161;4;0.125;67;672;672;0;0;0;0
568586;1;1;533;533;41;2;0.5;267;759;93;3;0.25;133;799;172;4;0.125;67;694;694;0;0;0;0
569596;1;1;533;533;51;2;0.5;267;749;100;3;0.25;133;782;156;4;0.125;67;693;693;0;0;0;0
570609;1;1;533;533;82;2;0.5;267;718;183;3;0.25;133;668;222;4;0.125;67;513;513;0;0;0;0
571620;1;1;533;533;79;2;0.5;267;721;157;3;0.25;133;697;220;4;0.125;67;544;544;0;0;0;0
572633;1;1;533;533;56;2;0.5;267;744;115;3;0.25;133;762;187;4;0.125;67;642;642;0;0;0;0
573646;1;1;533;533;102;2;0.5;267;698;182;3;0.25;133;649;307;4;0.125;67;409;409;0;0;0;0
574656;1;1;533;533;90;2;0.5;267;710;193;3;0.25;133;650;301;4;0.125;67;416;416;0;0;0;0
575662;1;1;533;533;96;2;0.5;267;704;172;3;0.25;133;665;318;4;0.125;67;414;414;0;0;0;0
576681;1;1;533;533;92;2;0.5;267;708;207;3;0.25;133;634;295;4;0.125;67;406;406;0;0;0;0
577691;1;1;533;533;89;2;0.5;267;711;157;3;0.25;133;687;250;4;0.125;67;504;504;0;0;0;0
578698;1;1;533;533;66;2;0.5;267;734;139;3;0.25;133;728;194;4;0.125;67;601;601;0;0;0;0
579712;1;1;533;533;106;2;0.5;267;694;181;3;0.25;133;646;303;4;0.125;67;410;410;0;0;0;0
580724;1;1;533;533;46;2;0.5;267;754;92;3;0.25;133;795;112;4;0.125;67;750;750;0;0;0;0
581729;1;1;533;533;101;2;0.5;267;699;170;3;0.25;133;662;243;4;0.125;67;486;486;0;0;0;0
582731;1;1;533;533;91;2;0.5;267;709;187;3;0.25;133;655;295;4;0.125;67;427;427;0;0;0;0
583744;1;1;533;533;45;2;0.5;267;755;185;3;0.25;133;703;294;4;0.125;67;476;476;0;0;0;0
584750;1;1;533;533;111;2;0.5;267;689;132;3;0.25;133;690;230;4;0.125;67;527;527;0;0;0;0
585748;1;1;533;533;46;2;0.5;267;754;45;3;0.25;133;842;68;4;0.125;67;841;841;0;0;0;0
586762;1;1;533;533;91;2;0.5;267;709;187;3;0.25;133;655;370;4;0.125;67;352;352;0;0;0;0
587778;1;1;533;533;31;2;0.5;267;769;71;3;0.25;133;831;107;4;0.125;67;791;791;0;0;0;0
588788;1;1;533;533;73;2;0.5;267;727;142;3;0.25;133;718;144;4;0.125;67;641;641;0;0;0;0
589798;1;1;533;533;71;2;0.5;267;729;145;3;0.25;133;717;319;4;0.125;67;465;465;0;0;0;0
590799;1;1;533;533;44;2;0.5;267;756;109;3;0.25;133;780;36;4;0.125;67;811;811;0;0;0;0
591811;1;1;533;533;84;2;0.5;267;716;170;3;0.25;133;679;221;4;0.125;67;525;525;0;0;0;0
592825;1;1;533;533;65;2;0.5;267;735;123;3;0.25;133;745;198;4;0.125;67;614;614;0;0;0;0
593828;1;1;533;533;86;2;0.5;267;714;145;3;0.25;133;702;233;4;0.125;67;536;536;0;0;0;0
594842;1;1;533;533;106;2;0.5;267;694;184;3;0.25;133;643;311;4;0.125;67;399;399;0;0;0;0
595853;1;1;533;533;63;2;0.5;267;737;148;3;0.25;133;722;230;4;0.125;67;559;559;0;0;0;0
596866;1;1;533;533;36;2;0.5;267;764;44;3;0.25;133;853;81;4;0.125;67;839;839;0;0;0;0
597876;1;1;533;533;74;2;0.5;267;726;118;3;0.25;133;741;176;4;0.125;67;632;632;0;0;0;0
598893;1;1;533;533;40;2;0.5;267;760;78;3;0.25;133;815;103;4;0.125;67;779;779;0;0;0;0
599907;1;1;533;533;56;2;0.5;267;744;149;3;0.25;133;728;170;4;0.125;67;625;625;0;0;0;0
600917;1;1;533;533;49;2;0.5;267;751;77;3;0.25;133;807;114;4;0.125;67;760;760;0;0;0;0
601931;1;1;533;533;83;2;0.5;267;717;180;3;0.25;133;670;266;4;0.125;67;471;471;0;0;0;0
602946;1;1;533;533;98;2;0.5;267;702;179;3;0.25;133;656;256;4;0.125;67;467;467;0;0;0;0
603955;1;1;533;533;35;2;0.5;267;765;88;3;0.25;133;810;92;4;0.125;67;785;785;0;0;0;0
604967;1;1;533;533;21;2;0.5;267;779;52;3;0.25;133;860;80;4;0.125;67;847;847;0;0;0;0
605979;1;1;533;533;50;2;0.5;267;750;88;3;0.25;133;795;111;4;0.125;67;751;751;0;0;0;0
606981;1;1;533;533;108;2;0.5;267;692;185;3;0.25;133;640;308;4;0.125;67;399;399;0;0;0;0
607994;1;1;533;533;98;2;0.5;267;702;185;3;0.25;133;650;303;4;0.125;67;414;414;0;0;0;0
608993;1;1;533;533;78;2;0.5;267;722;176;3;0.25;133;679;305;4;0.125;67;441;441;0;0;0;0
609998;1;1;533;533;47;2;0.5;267;753;98;3;0.25;133;788;157;4;0.125;67;698;698;0;0;0;0
611015;1;1;533;533;86;2;0.5;267;714;162;3;0.25;133;685;231;4;0.125;67;521;521;0;0;0;0
612024;1;1;533;533;74;2;0.5;267;726;157;3;0.25;133;702;208;4;0.125;67;561;561;0;0;0;0
613034;1;1;533;533;65;2;0.5;267;735;111;3;0.25;133;757;191;4;0.125;67;633;633;0;0;0;0
614035;1;1;533;533;60;2;0.5;267;740;133;3;0.25;133;740;182;4;0.125;67;625;625;0;0;0;0
615048;1;1;533;533;53;2;0.5;267;747;139;3;0.25;133;741;189;4;0.125;67;619;619;0;0;0;0
616060;1;1;533;533;47;2;0.5;267;753;104;3;0.25;133;782;150;4;0.125;67;699;699;0;0;0;0
617064;1;1;533;533;63;2;0.5;267;737;118;3;0.25;133;752;186;4;0.125;67;633;633;0;0;0;0
618080;1;1;533;533;93;2;0.5;267;707;185;3;0.25;133;655;269;4;0.125;67;453;453;0;0;0;0
619088;1;1;533;533;21;2;0.5;267;779;67;3;0.25;133;845;76;4;0.125;67;836;836;0;0;0;0
620092;1;1;533;533;67;2;0.5;267;733;158;3;0.25;133;708;202;4;0.125;67;573;573;0;0;0;0
621096;1;1;533;533;20;2;0.5;267;780;41;3;0.25;133;872;68;4;0.125;67;871;871;0;0;0;0
622106;1;1;533;533;73;2;0.5;267;727;152;3;0.25;133;708;218;4;0.125;67;557;557;0;0;0;0
623117;1;1;533;533;96;2;0.5;267;704;177;3;0.25;133;660;253;4;0.125;67;474;474;0;0;0;0
624132;1;1;533;533;37;2;0.5;267;763;70;3;0.25;133;826;124;4;0.125;67;769;769;0;0;0;0
625134;1;1;533;533;31;2;0.5;267;769;66;3;0.25;133;836;79;4;0.125;67;824;824;0;0;0;0
626139;1;1;533;533;78;2;0.5;267;722;181;3;0.25;133;674;230;4;0.125;67;511;511;0;0;0;0
627148;1;1;533;533;72;2;0.5;267;728;130;3;0.25;133;731;223;4;0.125;67;575;575;0;0;0;0
628163;1;1;533;533;76;2;0.5;267;724;173;3;0.25;133;684;246;4;0.125;67;505;505;0;0;0;0
629167;1;1;533;533;62;2;0.5;267;738;136;3;0.25;133;735;194;4;0.125;67;608;608;0;0;0;0
630182;1;1;533;533;36;2;0.5;267;764;66;3;0.25;133;831;94;4;0.125;67;804;804;0;0;0;0
631195;1;1;533;533;54;2;0.5;267;746;101;3;0.25;133;778;143;4;0.125;67;702;702;0;0;0;0
632198;1;1;533;533;47;2;0.5;267;753;163;3;0.25;133;723;252;4;0.125;67;538;538;0;0;0;0
633211;1;1;533;533;61;2;0.5;267;739;35;3;0.25;133;837;50;4;0.125;67;854;854;0;0;0;0
634221;1;1;533;533;42;2;0.5;267;758;72;3;0.25;133;819;97;4;0.125;67;789;789;0;0;0;0
635231;1;1;533;533;34;2;0.5;267;766;92;3;0.25;133;807;252;4;0.125;67;622;622;0;0;0;0
636236;1;1;533;533;98;2;0.5;267;702;195;3;0.25;133;640;150;4;0.125;67;557;557;0;0;0;0
637247;1;1;533;533;78;2;0.5;267;722;121;3;0.25;133;734;209;4;0.125;67;592;592;0;0;0;0
638260;1;1;533;533;47;2;0.5;267;753;79;3;0.25;133;807;112;4;0.125;67;762;762;0;0;0;0
639261;1;1;533;533;16;2;0.5;267;784;44;3;0.25;133;873;70;4;0.125;67;870;870;0;0;0;0
640276;1;1;533;533;20;2;0.5;267;780;51;3;0.25;133;862;91;4;0.125;67;838;838;0;0;0;0
641282;1;1;533;533;67;2;0.5;267;733;136;3;0.25;133;730;217;4;0.125;67;580;580;0;0;0;0
642297;1;1;533;533;66;2;0.5;267;734;142;3;0.25;133;725;205;4;0.125;67;587;587;0;0;0;0
643308;1;1;533;533;99;2;0.5;267;701;179;3;0.25;133;655;274;4;0.125;67;448;448;0;0;0;0
644310;1;1;533;533;70;2;0.5;267;730;147;3;0.25;133;716;224;4;0.125;67;559;559;0;0;0;0
645314;1;1;533;533;61;2;0.5;267;739;154;3;0.25;133;718;225;4;0.125;67;560;560;0;0;0;0
646324;1;1;533;533;76;2;0.5;267;724;145;3;0.25;133;712;238;4;0.125;67;541;541;0;0;0;0
647340;1;1;533;533;69;2;0.5;267;731;145;3;0.25;133;719;218;4;0.125;67;568;568;0;0;0;0
648346;1;1;533;533;58;2;0.5;267;742;141;3;0.25;133;734;204;4;0.125;67;597;597;0;0;0;0
649349;1;1;533;533;72;2;0.5;267;728;164;3;0.25;133;697;258;4;0.125;67;506;506;0;0;0;0
650365;1;1;533;533;33;2;0.5;267;767;53;3;0.25;133;847;80;4;0.125;67;834;834;0;0;0;0
651381;1;1;533;533;43;2;0.5;267;757;108;3;0.25;133;782;145;4;0.125;67;704;704;0;0;0;0
652392;1;1;533;533;98;2;0.5;267;702;186;3;0.25;133;649;293;4;0.125;67;423;423;0;0;0;0
653398;1;1;533;533;95;2;0.5;267;705;172;3;0.25;133;666;298;4;0.125;67;435;435;0;0;0;0
654401;1;1;533;533;52;2;0.5;267;748;76;3;0.25;133;805;139;4;0.125;67;733;733;0;0;0;0
655402;1;1;533;533;89;2;0.5;267;711;154;3;0.25;133;690;239;4;0.125;67;518;518;0;0;0;0
656416;1;1;533;533;64;2;0.5;267;736;134;3;0.25;133;735;201;4;0.125;67;601;601;0;0;0;0
657422;1;1;533;533;52;2;0.5;267;748;98;3;0.25;133;783;146;4;0.125;67;704;704;0;0;0;0
658440;1;1;533;533;24;2;0.5;267;776;62;3;0.25;133;847;98;4;0.125;67;816;816;0;0;0;0
659436;1;1;533;533;33;2;0.5;267;767;44;3;0.25;133;856;82;4;0.125;67;841;841;0;0;0;0
660439;1;1;533;533;101;2;0.5;267;699;202;3;0.25;133;630;303;4;0.125;67;394;394;0;0;0;0
661453;1;1;533;533;46;2;0.5;267;754;86;3;0.25;133;801;112;4;0.125;67;756;756;0;0;0;0
662449;1;1;533;533;84;2;0.5;267;716;163;3;0.25;133;686;253;4;0.125;67;500;500;0;0;0;0
663461;1;1;533;533;82;2;0.5;267;718;120;3;0.25;133;731;208;4;0.125;67;590;590;0;0;0;0
664475;1;1;533;533;68;2;0.5;267;732;115;3;0.25;133;750;188;4;0.125;67;629;629;0;0;0;0
665477;1;1;533;533;76;2;0.5;267;724;151;3;0.25;133;706;264;4;0.125;67;509;509;0;0;0;0
666479;1;1;533;533;17;2;0.5;267;783;39;3;0.25;133;877;67;4;0.125;67;877;877;0;0;0;0
667484;1;1;533;533;51;2;0.5;267;749;61;3;0.25;133;821;107;4;0.125;67;781;781;0;0;0;0
668484;1;1;533;533;45;2;0.5;267;755;76;3;0.25;133;812;121;4;0.125;67;758;758;0;0;0;0
669500;1;1;533;533;43;2;0.5;267;757;88;3;0.25;133;802;136;4;0.125;67;733;733;0;0;0;0
670510;1;1;533;533;85;2;0.5;267;715;174;3;0.25;133;674;263;4;0.125;67;478;478;0;0;0;0
671530;1;1;533;533;51;2;0.5;267;749;124;3;0.25;133;758;161;4;0.125;67;664;664;0;0;0;0
672537;1;1;533;533;66;2;0.5;267;734;141;3;0.25;133;726;215;4;0.125;67;578;578;0;0;0;0
673549;1;1;533;533;31;2;0.5;267;769;39;3;0.25;133;863;70;4;0.125;67;860;860;0;0;0;0
674562;1;1;533;533;91;2;0.5;267;709;199;3;0.25;133;643;278;4;0.125;67;432;432;0;0;0;0
675572;1;1;533;533;52;2;0.5;267;748;135;3;0.25;133;746;143;4;0.125;67;670;670;0;0;0;0
676573;1;1;533;533;34;2;0.5;267;766;96;3;0.25;133;803;126;4;0.125;67;744;744;0;0;0;0
677583;1;1;533;533;20;2;0.5;267;780;44;3;0.25;133;869;59;4;0.125;67;877;877;0;0;0;0
678594;1;1;533;533;93;2;0.5;267;707;174;3;0.25;133;666;276;4;0.125;67;457;457;0;0;0;0
679609;1;1;533;533;69;2;0.5;267;731;137;3;0.25;133;727;238;4;0.125;67;556;556;0;0;0;0
680623;1;1;533;533;86;2;0.5;267;714;180;3;0.25;133;667;261;4;0.125;67;473;473;0;0;0;0
681637;1;1;533;533;48;2;0.5;267;752;83;3;0.25;133;802;138;4;0.125;67;731;731;0;0;0;0
682644;1;1;533;533;29;2;0.5;267;771;54;3;0.25;133;850;98;4;0.125;67;819;819;0;0;0;0
683646;1;1;533;533;52;2;0.5;267;748;109;3;0.25;133;772;151;4;0.125;67;688;688;0;0;0;0
684652;1;1;533;533;60;2;0.5;267;740;99;3;0.25;133;774;133;4;0.125;67;708;708;0;0;0;0
685662;1;1;533;533;50;2;0.5;267;750;97;3;0.25;133;786;167;4;0.125;67;686;686;0;0;0;0
686676;1;1;533;533;60;2;0.5;267;740;98;3;0.25;133;775;177;4;0.125;67;665;665;0;0;0;0
687684;1;1;533;533;66;2;0.5;267;734;138;3;0.25;133;729;192;4;0.125;67;604;604;0;0;0;0
688684;1;1;533;533;46;2;0.5;267;754;101;3;0.25;133;786;137;4;0.125;67;716;716;0;0;0;0
689692;1;1;533;533;100;2;0.5;267;700;191;3;0.25;133;642;294;4;0.125;67;415;415;0;0;0;0
690706;1;1;533;533;66;2;0.5;267;734;134;3;0.25;133;733;198;4;0.125;67;602;602;0;0;0;0
691718;1;1;533;533;66;2;0.5;267;734;103;3;0.25;133;764;147;4;0.125;67;684;684;0;0;0;0
692729;1;1;533;533;110;2;0.5;267;690;200;3;0.25;133;623;300;4;0.125;67;390;390;0;0;0;0
693746;1;1;533;533;48;2;0.5;267;752;100;3;0.25;133;785;163;4;0.125;67;689;689;0;0;0;0
694761;1;1;533;533;57;2;0.5;267;743;122;3;0.25;133;754;185;4;0.125;67;636;636;0;0;0;0
695771;1;1;533;533;28;2;0.5;267;772;95;3;0.25;133;810;133;4;0.125;67;744;744;0;0;0;0
696784;1;1;533;533;55;2;0.5;267;745;93;3;0.25;133;785;141;4;0.125;67;711;711;0;0;0;0
697800;1;1;533;533;109;2;0.5;267;691;192;3;0.25;133;632;289;4;0.125;67;410;410;0;0;0;0
698818;1;1;533;533;49;2;0.5;267;751;94;3;0.25;133;790;135;4;0.125;67;722;722;0;0;0;0
699827;1;1;533;533;21;2;0.5;267;779;35;3;0.25;133;877;52;4;0.125;67;892;892;0;0;0;0
700826;1;1;533;533;79;2;0.5;267;721;158;3;0.25;133;696;260;4;0.125;67;503;503;0;0;0;0
701834;1;1;533;533;92;2;0.5;267;708;212;3;0.25;133;629;285;4;0.125;67;411;411;0;0;0;0
702848;1;1;533;533;74;2;0.5;267;726;155;3;0.25;133;704;236;4;0.125;67;535;535;0;0;0;0
703861;1;1;533;533;50;2;0.5;267;750;195;3;0.25;133;688;292;4;0.125;67;463;463;0;0;0;0
704870;1;1;533;533;99;2;0.5;267;701;95;3;0.25;133;739;156;4;0.125;67;650;650;0;0;0;0
705873;1;1;533;533;118;2;0.5;267;682;187;3;0.25;133;628;450;4;0.125;67;245;245;0;0;0;0
706887;1;1;533;533;40;2;0.5;267;760;176;3;0.25;133;717;150;4;0.125;67;634;634;0;0;0;0
707895;1;1;533;533;104;2;0.5;267;696;98;3;0.25;133;731;207;4;0.125;67;591;591;0;0;0;0
708895;1;1;533;533;24;2;0.5;267;776;49;3;0.25;133;860;0;4;0.125;67;927;927;0;0;0;0
709910;1;1;533;533;95;2;0.5;267;705;178;3;0.25;133;660;306;4;0.125;67;421;421;0;0;0;0
710909;1;1;533;533;56;2;0.5;267;744;117;3;0.25;133;760;188;4;0.125;67;639;639;0;0;0;0
711919;1;1;533;533;50;2;0.5;267;750;76;3;0.25;133;807;129;4;0.125;67;745;745;0;0;0;0
712918;1;1;533;533;14;2;0.5;267;786;39;3;0.25;133;880;59;4;0.125;67;888;888;0;0;0;0
713933;1;1;533;533;69;2;0.5;267;731;160;3;0.25;133;704;196;4;0.125;67;575;575;0;0;0;0
714952;1;1;533;533;29;2;0.5;267;771;54;3;0.25;133;850;71;4;0.125;67;846;846;0;0;0;0
715965;1;1;533;533;52;2;0.5;267;748;93;3;0.25;133;788;143;4;0.125;67;712;712;0;0;0;0
716975;1;1;533;533;71;2;0.5;267;729;146;3;0.25;133;716;219;4;0.125;67;564;564;0;0;0;0
717990;1;1;533;533;35;2;0.5;267;765;71;3;0.25;133;827;92;4;0.125;67;802;802;0;0;0;0
718990;1;1;533;533;49;2;0.5;267;751;105;3;0.25;133;779;135;4;0.125;67;711;711;0;0;0;0
719997;1;1;533;533;86;2;0.5;267;714;161;3;0.25;133;686;242;4;0.125;67;511;511;0;0;0;0
721012;1;1;533;533;49;2;0.5;267;751;128;3;0.25;133;756;174;4;0.125;67;649;649;0;0;0;0
722025;1;1;533;533;41;2;0.5;267;759;66;3;0.25;133;826;96;4;0.125;67;797;797;0;0;0;0
723028;1;1;533;533;108;2;0.5;267;692;184;3;0.25;133;641;262;4;0.125;67;446;446;0;0;0;0
724035;1;1;533;533;36;2;0.5;267;764;85;3;0.25;133;812;141;4;0.125;67;738;738;0;0;0;0
725040;1;1;533;533;54;2;0.5;267;746;97;3;0.25;133;782;147;4;0.125;67;702;702;0;0;0;0
726050;1;1;533;533;71;2;0.5;267;729;167;3;0.25;133;695;196;4;0.125;67;566;566;0;0;0;0
727064;1;1;533;533;65;2;0.5;267;735;105;3;0.25;133;763;159;4;0.125;67;671;671;0;0;0;0
728075;1;1;533;533;93;2;0.5;267;707;205;3;0.25;133;635;331;4;0.125;67;371;371;0;0;0;0
729087;1;1;533;533;92;2;0.5;267;708;183;3;0.25;133;658;291;4;0.125;67;434;434;0;0;0;0
730100;1;1;533;533;81;2;0.5;267;719;177;3;0.25;133;675;260;4;0.125;67;482;482;0;0;0;0
731117;1;1;533;533;68;2;0.5;267;732;144;3;0.25;133;721;220;4;0.125;67;568;568;0;0;0;0
732126;1;1;533;533;79;2;0.5;267;721;162;3;0.25;133;692;238;4;0.125;67;521;521;0;0;0;0
733136;1;1;533;533;75;2;0.5;267;725;153;3;0.25;133;705;200;4;0.125;67;572;572;0;0;0;0
734144;1;1;533;533;82;2;0.5;267;718;156;3;0.25;133;695;262;4;0.125;67;500;500;0;0;0;0
735155;1;1;533;533;37;2;0.5;267;763;64;3;0.25;133;832;107;4;0.125;67;792;792;0;0;0;0
736165;1;1;533;533;76;2;0.5;267;724;130;3;0.25;133;727;228;4;0.125;67;566;566;0;0;0;0
737178;1;1;533;533;51;2;0.5;267;749;112;3;0.25;133;770;129;4;0.125;67;708;708;0;0;0;0
738180;1;1;533;533;87;2;0.5;267;713;182;3;0.25;133;664;262;4;0.125;67;469;469;0;0;0;0
739192;1;1;533;533;12;2;0.5;267;788;48;3;0.25;133;873;45;4;0.125;67;895;895;0;0;0;0
740196;1;1;533;533;41;2;0.5;267;759;140;3;0.25;133;752;175;4;0.125;67;644;644;0;0;0;0
741204;1;1;533;533;28;2;0.5;267;772;83;3;0.25;133;822;121;4;0.125;67;768;768;0;0;0;0
742220;1;1;533;533;15;2;0.5;267;785;30;3;0.25;133;888;49;4;0.125;67;906;906;0;0;0;0
743229;1;1;533;533;77;2;0.5;267;723;117;3;0.25;133;739;189;4;0.125;67;617;617;0;0;0;0
744240;1;1;533;533;44;2;0.5;267;756;105;3;0.25;133;784;141;4;0.125;67;710;710;0;0;0;0
745257;1;1;533;533;63;2;0.5;267;737;127;3;0.25;133;743;204;4;0.125;67;606;606;0;0;0;0
746264;1;1;533;533;71;2;0.5;267;729;135;3;0.25;133;727;200;4;0.125;67;594;594;0;0;0;0
747286;1;1;533;533;76;2;0.5;267;724;162;3;0.25;133;695;199;4;0.125;67;563;563;0;0;0;0
748299;1;1;533;533;91;2;0.5;267;709;173;3;0.25;133;669;243;4;0.125;67;493;493;0;0;0;0
749307;1;1;533;533;73;2;0.5;267;727;192;3;0.25;133;668;295;4;0.125;67;440;440;0;0;0;0
750323;1;1;533;533;106;2;0.5;267;694;229;3;0.25;133;598;311;4;0.125;67;354;354;0;0;0;0
751332;1;1;533;533;83;2;0.5;267;717;218;3;0.25;133;632;306;4;0.125;67;393;393;0;0;0;0
752337;1;1;533;533;109;2;0.5;267;691;185;3;0.25;133;639;285;4;0.125;67;421;421;0;0;0;0
753347;1;1;533;533;101;2;0.5;267;699;209;3;0.25;133;623;309;4;0.125;67;381;381;0;0;0;0
754358;1;1;533;533;104;2;0.5;267;696;188;3;0.25;133;641;303;4;0.125;67;405;405;0;0;0;0
755369;1;1;533;533;85;2;0.5;267;715;210;3;0.25;133;638;278;4;0.125;67;427;427;0;0;0;0
756378;1;1;533;533;108;2;0.5;267;692;191;3;0.25;133;634;295;4;0.125;67;406;406;0;0;0;0
757395;1;1;533;533;27;2;0.5;267;773;89;3;0.25;133;817;175;4;0.125;67;709;709;0;0;0;0
758403;1;1;533;533;33;2;0.5;267;767;0;3;0.25;133;900;0;4;0.125;67;967;967;0;0;0;0
759417;1;1;533;533;96;2;0.5;267;704;214;3;0.25;133;623;435;4;0.125;67;255;255;0;0;0;0
760417;1;1;533;533;92;2;0.5;267;708;188;3;0.25;133;653;144;4;0.125;67;576;576;0;0;0;0
761430;1;1;533;533;46;2;0.5;267;754;111;3;0.25;133;776;161;4;0.125;67;682;682;0;0;0;0
762438;1;1;533;533;81;2;0.5;267;719;126;3;0.25;133;726;202;4;0.125;67;591;591;0;0;0;0
763454;1;1;533;533;54;2;0.5;267;746;114;3;0.25;133;765;157;4;0.125;67;675;675;0;0;0;0
764458;1;1;533;533;36;2;0.5;267;764;65;3;0.25;133;832;127;4;0.125;67;772;772;0;0;0;0
765460;1;1;533;533;21;2;0.5;267;779;64;3;0.25;133;848;83;4;0.125;67;832;832;0;0;0;0
766469;1;1;533;533;22;2;0.5;267;778;38;3;0.25;133;873;75;4;0.125;67;865;865;0;0;0;0
767480;1;1;533;533;75;2;0.5;267;725;179;3;0.25;133;679;243;4;0.125;67;503;503;0;0;0;0
768479;1;1;533;533;31;2;0.5;267;769;51;3;0.25;133;851;90;4;0.125;67;828;828;0;0;0;0
769492;1;1;533;533;52;2;0.5;267;748;104;3;0.25;133;777;150;4;0.125;67;694;694;0;0;0;0
770506;1;1;533;533;34;2;0.5;267;766;70;3;0.25;133;829;119;4;0.125;67;777;777;0;0;0;0
771521;1;1;533;533;102;2;0.5;267;698;194;3;0.25;133;637;294;4;0.125;67;410;410;0;0;0;0
772524;1;1;533;533;105;2;0.5;267;695;137;3;0.25;133;691;258;4;0.125;67;500;500;0;0;0;0
773538;1;1;533;533;38;2;0.5;267;762;79;3;0.25;133;816;113;4;0.125;67;770;770;0;0;0;0
774545;1;1;533;533;101;2;0.5;267;699;187;3;0.25;133;645;300;4;0.125;67;412;412;0;0;0;0
775559;1;1;533;533;94;2;0.5;267;706;214;3;0.25;133;625;270;4;0.125;67;422;422;0;0;0;0
776563;1;1;533;533;54;2;0.5;267;746;126;3;0.25;133;753;193;4;0.125;67;627;627;0;0;0;0
777574;1;1;533;533;89;2;0.5;267;711;200;3;0.25;133;644;306;4;0.125;67;405;405;0;0;0;0
778585;1;1;533;533;74;2;0.5;267;726;123;3;0.25;133;736;213;4;0.125;67;590;590;0;0;0;0
779597;1;1;533;533;35;2;0.5;267;765;86;3;0.25;133;812;150;4;0.125;67;729;729;0;0;0;0
780609;1;1;533;533;77;2;0.5;267;723;143;3;0.25;133;713;207;4;0.125;67;573;573;0;0;0;0
781624;1;1;533;533;47;2;0.5;267;753;82;3;0.25;133;804;126;4;0.125;67;745;745;0;0;0;0
782638;1;1;533;533;61;2;0.5;267;739;151;3;0.25;133;721;227;4;0.125;67;561;561;0;0;0;0
783637;1;1;533;533;35;2;0.5;267;765;59;3;0.25;133;839;87;4;0.125;67;819;819;0;0;0;0
784652;1;1;533;533;103;2;0.5;267;697;188;3;0.25;133;642;294;4;0.125;67;415;415;0;0;0;0
785663;1;1;533;533;55;2;0.5;267;745;83;3;0.25;133;795;145;4;0.125;67;717;717;0;0;0;0
786673;1;1;533;533;99;2;0.5;267;701;208;3;0.25;133;626;278;4;0.125;67;415;415;0;0;0;0
787689;1;1;533;533;118;2;0.5;267;682;193;3;0.25;133;622;308;4;0.125;67;381;381;0;0;0;0
788701;1;1;533;533;101;2;0.5;267;699;215;3;0.25;133;617;305;4;0.125;67;379;379;0;0;0;0
789711;1;1;533;533;124;2;0.5;267;676;179;3;0.25;133;630;287;4;0.125;67;410;410;0;0;0;0
790724;1;1;533;533;93;2;0.5;267;707;178;3;0.25;133;662;317;4;0.125;67;412;412;0;0;0;0
791729;1;1;533;533;73;2;0.5;267;727;141;3;0.25;133;719;219;4;0.125;67;567;567;0;0;0;0
792742;1;1;533;533;25;2;0.5;267;775;39;3;0.25;133;869;60;4;0.125;67;876;876;0;0;0;0
793750;1;1;533;533;20;2;0.5;267;780;46;3;0.25;133;867;80;4;0.125;67;854;854;0;0;0;0
794763;1;1;533;533;4;2;0.5;267;796;9;3;0.25;133;920;6;4;0.125;67;981;981;0;0;0;0
795763;1;1;533;533;22;2;0.5;267;778;57;3;0.25;133;854;89;4;0.125;67;832;832;0;0;0;0
796779;1;1;533;533;32;2;0.5;267;768;40;3;0.25;133;861;69;4;0.125;67;859;859;0;0;0;0
797790;1;1;533;533;5;2;0.5;267;795;10;3;0.25;133;918;21;4;0.125;67;964;964;0;0;0;0
798792;1;1;533;533;13;2;0.5;267;787;21;3;0.25;133;899;22;4;0.125;67;944;944;0;0;0;0
799807;1;1;533;533;10;2;0.5;267;790;16;3;0.25;133;907;27;4;0.125;67;947;947;0;0;0;0
800805;1;1;533;533;15;2;0.5;267;785;21;3;0.25;133;897;39;4;0.125;67;925;925;0;0;0;0
801810;1;1;533;533;20;2;0.5;267;780;45;3;0.25;133;868;61;4;0.125;67;874;874;0;0;0;0
802825;1;1;533;533;3;2;0.5;267;797;13;3;0.25;133;917;10;4;0.125;67;974;974;0;0;0;0
803838;1;1;533;533;16;2;0.5;267;784;28;3;0.25;133;889;47;4;0.125;67;909;909;0;0;0;0
804844;1;1;533;533;20;2;0.5;267;780;40;3;0.25;133;873;38;4;0.125;67;902;902;0;0;0;0
805856;1;1;533;533;11;2;0.5;267;789;18;3;0.25;133;904;26;4;0.125;67;945;945;0;0;0;0
806866;1;1;533;533;13;2;0.5;267;787;36;3;0.25;133;884;55;4;0.125;67;896;896;0;0;0;0
807882;1;1;533;533;6;2;0.5;267;794;19;3;0.25;133;908;24;4;0.125;67;951;951;0;0;0;0
808894;1;1;533;533;8;2;0.5;267;792;34;3;0.25;133;891;39;4;0.125;67;919;919;0;0;0;0
809898;1;1;533;533;3;2;0.5;267;797;12;3;0.25;133;918;23;4;0.125;67;962;962;0;0;0;0
810906;1;1;533;533;8;2;0.5;267;792;23;3;0.25;133;902;42;4;0.125;67;927;927;0;0;0;0
811921;1;1;533;533;19;2;0.5;267;781;24;3;0.25;133;890;56;4;0.125;67;901;901;0;0;0;0
812936;1;1;533;533;3;2;0.5;267;797;7;3;0.25;133;923;11;4;0.125;67;979;979;0;0;0;0
813953;1;1;533;533;7;2;0.5;267;793;9;3;0.25;133;917;21;4;0.125;67;963;957;NaN
814957;1;1;533;533;5;2;0.5;267;795;7;3;0.25;133;921;9;4;0.125;67;979;76;NaN
815971;1;1;533;533;33;2;0.5;267;767;51;3;0.25;133;849;91;4;0.125;67;825;341;NaN
816983;1;1;533;533;15;2;0.5;267;785;22;3;0.25;133;896;43;4;0.125;67;920;189;NaN
817991;1;1;533;533;18;2;0.5;267;782;19;3;0.25;133;896;44;4;0.125;67;919;201;NaN
819001;1;1;533;533;23;2;0.5;267;777;44;3;0.25;133;866;53;4;0.125;67;880;236;NaN
820010;1;1;533;533;21;2;0.5;267;779;29;3;0.25;133;883;66;4;0.125;67;884;263;NaN
821020;1;1;533;533;6;2;0.5;267;794;17;3;0.25;133;910;13;4;0.125;67;964;88;NaN
822020;1;1;533;533;5;2;0.5;267;795;14;3;0.25;133;914;16;4;0.125;67;965;65;NaN
823034;1;1;533;533;8;2;0.5;267;792;32;3;0.25;133;893;41;4;0.125;67;919;217;NaN
824049;1;1;533;533;6;2;0.5;267;794;27;3;0.25;133;900;35;4;0.125;67;932;173;NaN
825057;1;1;533;533;12;2;0.5;267;788;24;3;0.25;133;897;48;4;0.125;67;916;166;NaN
826070;1;1;533;533;20;2;0.5;267;780;29;3;0.25;133;884;47;4;0.125;67;904;183;NaN
827075;1;1;533;533;12;2;0.5;267;788;28;3;0.25;133;893;52;4;0.125;67;908;180;NaN
828086;1;1;533;533;10;2;0.5;267;790;21;3;0.25;133;902;69;4;0.125;67;900;365;NaN
829094;1;1;533;533;30;2;0.5;267;770;35;3;0.25;133;868;0;4;0.125;67;935;0;NaN
830093;1;1;533;533;11;2;0.5;267;789;18;3;0.25;133;904;41;4;0.125;67;930;122;NaN
831096;1;1;533;533;18;2;0.5;267;782;31;3;0.25;133;884;41;4;0.125;67;910;175;NaN
832104;1;1;533;533;4;2;0.5;267;796;16;3;0.25;133;913;15;4;0.125;67;965;69;NaN
833113;1;1;533;533;17;2;0.5;267;783;33;3;0.25;133;883;53;4;0.125;67;897;245;NaN
834123;1;1;533;533;13;2;0.5;267;787;28;3;0.25;133;892;54;4;0.125;67;905;216;NaN
835132;1;1;533;533;21;2;0.5;267;779;40;3;0.25;133;872;64;4;0.125;67;875;269;NaN
836137;1;1;533;533;6;2;0.5;267;794;14;3;0.25;133;913;29;4;0.125;67;951;96;NaN
837147;1;1;533;533;10;2;0.5;267;790;24;3;0.25;133;899;49;4;0.125;67;917;200;NaN
838158;1;1;533;533;8;2;0.5;267;792;20;3;0.25;133;905;51;4;0.125;67;921;232;NaN
839160;1;1;533;533;17;2;0.5;267;783;22;3;0.25;133;894;45;4;0.125;67;916;188;NaN
840178;1;1;533;533;5;2;0.5;267;795;0;3;0.25;133;928;58;4;0.125;67;937;233;NaN
841191;1;1;533;533;32;2;0.5;267;768;62;3;0.25;133;839;46;4;0.125;67;860;303;NaN
842200;1;1;533;533;8;2;0.5;267;792;0;3;0.25;133;925;24;4;0.125;67;968;90;NaN
843204;1;1;533;533;7;2;0.5;267;793;8;3;0.25;133;918;0;4;0.125;67;985;0;NaN
844213;1;1;533;533;11;2;0.5;267;789;18;3;0.25;133;904;26;4;0.125;67;945;101;NaN
845229;1;1;533;533;10;2;0.5;267;790;8;3;0.25;133;915;9;4;0.125;67;973;66;NaN
846233;1;1;533;533;17;2;0.5;267;783;37;3;0.25;133;879;59;4;0.125;67;887;253;NaN
847230;1;1;533;533;19;2;0.5;267;781;37;3;0.25;133;877;50;4;0.125;67;894;233;NaN
848234;1;1;533;533;15;2;0.5;267;785;20;3;0.25;133;898;32;4;0.125;67;933;124;NaN
849247;1;1;533;533;15;2;0.5;267;785;46;3;0.25;133;872;75;4;0.125;67;864;360;NaN
850257;1;1;533;533;13;2;0.5;267;787;19;3;0.25;133;901;43;4;0.125;67;925;184;NaN
851263;1;1;533;533;15;2;0.5;267;785;36;3;0.25;133;882;52;4;0.125;67;897;217;NaN
852275;1;1;533;533;11;2;0.5;267;789;28;3;0.25;133;894;62;4;0.125;67;899;194;NaN
853282;1;1;533;533;16;2;0.5;267;784;28;3;0.25;133;889;43;4;0.125;67;913;184;NaN
854290;1;1;533;533;34;2;0.5;267;766;71;3;0.25;133;828;99;4;0.125;67;796;448;NaN
855303;1;1;533;533;5;2;0.5;267;795;18;3;0.25;133;910;16;4;0.125;67;961;83;NaN
856306;1;1;533;533;12;2;0.5;267;788;19;3;0.25;133;902;26;4;0.125;67;943;139;NaN
857318;1;1;533;533;34;2;0.5;267;766;79;3;0.25;133;820;106;4;0.125;67;781;516;NaN
858318;1;1;533;533;7;2;0.5;267;793;14;3;0.25;133;912;19;4;0.125;67;960;80;NaN
859317;1;1;533;533;25;2;0.5;267;775;38;3;0.25;133;870;62;4;0.125;67;875;321;NaN
860333;1;1;533;533;33;2;0.5;267;767;67;3;0.25;133;833;106;4;0.125;67;794;465;NaN
861346;1;1;533;533;7;2;0.5;267;793;14;3;0.25;133;912;30;4;0.125;67;949;116;NaN
862355;1;1;533;533;13;2;0.5;267;787;15;3;0.25;133;905;32;4;0.125;67;940;118;NaN
863389;1;1;533;533;2;2;0.5;267;798;14;3;0.25;133;917;9;4;0.125;67;975;66;NaN
864380;1;1;533;533;17;2;0.5;267;783;34;3;0.25;133;882;38;4;0.125;67;911;225;NaN
865395;1;1;533;533;12;2;0.5;267;788;39;3;0.25;133;882;63;4;0.125;67;886;252;NaN
866412;1;1;533;533;9;2;0.5;267;791;23;3;0.25;133;901;35;4;0.125;67;933;193;NaN
867419;1;1;533;533;2;2;0.5;267;798;16;3;0.25;133;915;24;4;0.125;67;958;108;NaN
868424;1;1;533;533;15;2;0.5;267;785;30;3;0.25;133;888;36;4;0.125;67;919;162;NaN
869434;1;1;533;533;20;2;0.5;267;780;30;3;0.25;133;883;47;4;0.125;67;903;212;NaN
870437;1;1;533;533;7;2;0.5;267;793;16;3;0.25;133;910;23;4;0.125;67;954;119;NaN
871441;1;1;533;533;9;2;0.5;267;791;22;3;0.25;133;902;25;4;0.125;67;944;131;NaN
872447;1;1;533;533;14;2;0.5;267;786;30;3;0.25;133;889;48;4;0.125;67;908;176;NaN
873454;1;1;533;533;19;2;0.5;267;781;30;3;0.25;133;884;50;4;0.125;67;901;216;NaN
874456;1;1;533;533;4;2;0.5;267;796;8;3;0.25;133;921;22;4;0.125;67;966;76;NaN
875464;1;1;533;533;13;2;0.5;267;787;23;3;0.25;133;897;42;4;0.125;67;922;174;NaN
876475;1;1;533;533;8;2;0.5;267;792;9;3;0.25;133;916;14;4;0.125;67;969;51;NaN
877482;1;1;533;533;16;2;0.5;267;784;21;3;0.25;133;896;30;4;0.125;67;933;178;NaN
878493;1;1;533;533;5;2;0.5;267;795;10;3;0.25;133;918;13;4;0.125;67;972;53;NaN
879497;1;1;533;533;22;2;0.5;267;778;33;3;0.25;133;878;54;4;0.125;67;891;217;NaN
880498;1;1;533;533;17;2;0.5;267;783;23;3;0.25;133;893;40;4;0.125;67;920;174;NaN
881508;1;1;533;533;11;2;0.5;267;789;22;3;0.25;133;900;45;4;0.125;67;922;212;NaN
882519;1;1;533;533;7;2;0.5;267;793;21;3;0.25;133;905;36;4;0.125;67;936;174;NaN
883537;1;1;533;533;6;2;0.5;267;794;9;3;0.25;133;918;9;4;0.125;67;976;53;NaN
884534;1;1;533;533;16;2;0.5;267;784;24;3;0.25;133;893;48;4;0.125;67;912;203;NaN
885531;1;1;533;533;17;2;0.5;267;783;33;3;0.25;133;883;56;4;0.125;67;894;268;NaN
886544;1;1;533;533;16;2;0.5;267;784;29;3;0.25;133;888;44;4;0.125;67;911;217;NaN
887558;1;1;533;533;15;2;0.5;267;785;29;3;0.25;133;889;33;4;0.125;67;923;167;NaN
888571;1;1;533;533;22;2;0.5;267;778;40;3;0.25;133;871;74;4;0.125;67;864;351;NaN
889585;1;1;533;533;12;2;0.5;267;788;26;3;0.25;133;895;40;4;0.125;67;922;175;NaN
890599;1;1;533;533;9;2;0.5;267;791;9;3;0.25;133;915;16;4;0.125;67;966;92;NaN
891613;1;1;533;533;4;2;0.5;267;796;5;3;0.25;133;924;25;4;0.125;67;966;78;NaN
892622;1;1;533;533;9;2;0.5;267;791;24;3;0.25;133;900;33;4;0.125;67;934;139;NaN
893621;1;1;533;533;23;2;0.5;267;777;62;3;0.25;133;848;81;4;0.125;67;834;332;NaN
894639;1;1;533;533;6;2;0.5;267;794;11;3;0.25;133;916;24;4;0.125;67;959;103;NaN
895649;1;1;533;533;12;2;0.5;267;788;39;3;0.25;133;882;71;4;0.125;67;878;316;NaN
896664;1;1;533;533;10;2;0.5;267;790;17;3;0.25;133;906;38;4;0.125;67;935;116;NaN
897677;1;1;533;533;22;2;0.5;267;778;47;3;0.25;133;864;60;4;0.125;67;871;338;NaN
898690;1;1;533;533;9;2;0.5;267;791;15;3;0.25;133;909;15;4;0.125;67;961;86;NaN
899692;1;1;533;533;23;2;0.5;267;777;28;3;0.25;133;882;49;4;0.125;67;900;219;NaN
900703;1;1;533;533;11;2;0.5;267;789;25;3;0.25;133;897;37;4;0.125;67;927;180;NaN
901710;1;1;533;533;14;2;0.5;267;786;21;3;0.25;133;898;33;4;0.125;67;932;121;NaN
902725;1;1;533;533;15;2;0.5;267;785;41;3;0.25;133;877;70;4;0.125;67;874;282;NaN
903739;1;1;533;533;12;2;0.5;267;788;20;3;0.25;133;901;34;4;0.125;67;934;157;NaN
904752;1;1;533;533;7;2;0.5;267;793;13;3;0.25;133;913;25;4;0.125;67;955;107;NaN
905764;1;1;533;533;3;2;0.5;267;797;9;3;0.25;133;921;14;4;0.125;67;974;69;NaN
906775;1;1;533;533;10;2;0.5;267;790;30;3;0.25;133;893;42;4;0.125;67;918;210;NaN
907784;1;1;533;533;8;2;0.5;267;792;16;3;0.25;133;909;21;4;0.125;67;955;87;NaN
908787;1;1;533;533;11;2;0.5;267;789;12;3;0.25;133;910;29;4;0.125;67;948;135;NaN
909806;1;1;533;533;2;2;0.5;267;798;7;3;0.25;133;924;3;4;0.125;67;988;49;NaN
910813;1;1;533;533;5;2;0.5;267;795;9;3;0.25;133;919;10;4;0.125;67;976;76;NaN
911829;1;1;533;533;22;2;0.5;267;778;30;3;0.25;133;881;40;4;0.125;67;908;168;NaN
912841;1;1;533;533;5;2;0.5;267;795;13;3;0.25;133;915;25;4;0.125;67;957;102;NaN
913854;1;1;533;533;4;2;0.5;267;796;13;3;0.25;133;916;32;4;0.125;67;951;145;NaN
914866;1;1;533;533;6;2;0.5;267;794;15;3;0.25;133;912;10;4;0.125;67;969;81;NaN
915877;1;1;533;533;5;2;0.5;267;795;8;3;0.25;133;920;23;4;0.125;67;964;92;NaN
916877;1;1;533;533;15;2;0.5;267;785;15;3;0.25;133;903;40;4;0.125;67;930;146;NaN
917884;1;1;533;533;11;2;0.5;267;789;34;3;0.25;133;888;53;4;0.125;67;902;257;NaN
918897;1;1;533;533;23;2;0.5;267;777;52;3;0.25;133;858;47;4;0.125;67;878;264;NaN
919914;1;1;533;533;8;2;0.5;267;792;31;3;0.25;133;894;49;4;0.125;67;912;229;NaN
920915;1;1;533;533;4;2;0.5;267;796;8;3;0.25;133;921;9;4;0.125;67;979;52;NaN
921927;1;1;533;533;7;2;0.5;267;793;21;3;0.25;133;905;25;4;0.125;67;947;125;NaN
922942;1;1;533;533;5;2;0.5;267;795;12;3;0.25;133;916;14;4;0.125;67;969;84;NaN
923953;1;1;533;533;18;2;0.5;267;782;35;3;0.25;133;880;58;4;0.125;67;889;296;NaN
924964;1;1;533;533;18;2;0.5;267;782;32;3;0.25;133;883;56;4;0.125;67;894;232;NaN
925980;1;1;533;533;6;2;0.5;267;794;23;3;0.25;133;904;52;4;0.125;67;919;205;NaN
926997;1;1;533;533;14;2;0.5;267;786;53;3;0.25;133;866;65;4;0.125;67;868;339;NaN
928003;1;1;533;533;16;2;0.5;267;784;38;3;0.25;133;879;41;4;0.125;67;905;254;NaN
929017;1;1;533;533;13;2;0.5;267;787;17;3;0.25;133;903;41;4;0.125;67;929;176;NaN
930025;1;1;533;533;6;2;0.5;267;794;9;3;0.25;133;918;18;4;0.125;67;967;100;NaN
931038;1;1;533;533;26;2;0.5;267;774;72;3;0.25;133;835;130;4;0.125;67;772;551;NaN
932054;1;1;533;533;3;2;0.5;267;797;10;3;0.25;133;920;13;4;0.125;67;974;75;NaN
933063;1;1;533;533;11;2;0.5;267;789;32;3;0.25;133;890;39;4;0.125;67;918;194;NaN
934075;1;1;533;533;13;2;0.5;267;787;30;3;0.25;133;890;65;4;0.125;67;892;238;NaN
935087;1;1;533;533;9;2;0.5;267;791;17;3;0.25;133;907;26;4;0.125;67;948;116;NaN
936101;1;1;533;533;28;2;0.5;267;772;52;3;0.25;133;853;103;4;0.125;67;817;431;NaN
937113;1;1;533;533;4;2;0.5;267;796;18;3;0.25;133;911;19;4;0.125;67;959;82;NaN
938112;1;1;533;533;0;2;0.5;267;800;8;3;0.25;133;925;10;4;0.125;67;982;57;NaN
939126;1;1;533;533;27;2;0.5;267;773;56;3;0.25;133;850;76;4;0.125;67;841;326;NaN
940141;1;1;533;533;16;2;0.5;267;784;34;3;0.25;133;883;48;4;0.125;67;902;228;NaN
941151;1;1;533;533;13;2;0.5;267;787;37;3;0.25;133;883;36;4;0.125;67;914;177;NaN
942160;1;1;533;533;13;2;0.5;267;787;23;3;0.25;133;897;41;4;0.125;67;923;220;NaN
943162;1;1;533;533;7;2;0.5;267;793;24;3;0.25;133;902;17;4;0.125;67;952;125;NaN
944168;1;1;533;533;21;2;0.5;267;779;37;3;0.25;133;875;58;4;0.125;67;884;306;NaN
945172;1;1;533;533;15;2;0.5;267;785;22;3;0.25;133;896;33;4;0.125;67;930;153;NaN
946182;1;1;533;533;9;2;0.5;267;791;24;3;0.25;133;900;35;4;0.125;67;932;122;NaN
947192;1;1;533;533;24;2;0.5;267;776;30;3;0.25;133;879;49;4;0.125;67;897;284;NaN
948208;1;1;533;533;4;2;0.5;267;796;21;3;0.25;133;908;30;4;0.125;67;945;132;NaN
949218;1;1;533;533;9;2;0.5;267;791;28;3;0.25;133;896;42;4;0.125;67;921;164;NaN
950224;1;1;533;533;17;2;0.5;267;783;35;3;0.25;133;881;57;4;0.125;67;891;298;NaN
951226;1;1;533;533;9;2;0.5;267;791;14;3;0.25;133;910;27;4;0.125;67;950;107;NaN
952230;1;1;533;533;17;2;0.5;267;783;26;3;0.25;133;890;35;4;0.125;67;922;178;NaN
953231;1;1;533;533;18;2;0.5;267;782;23;3;0.25;133;892;46;4;0.125;67;913;184;NaN
954230;1;1;533;533;1;2;0.5;267;799;6;3;0.25;133;926;11;4;0.125;67;982;44;NaN
955244;1;1;533;533;12;2;0.5;267;788;25;3;0.25;133;896;33;4;0.125;67;930;155;NaN
956256;1;1;533;533;5;2;0.5;267;795;31;3;0.25;133;897;50;4;0.125;67;914;238;NaN
957269;1;1;533;533;5;2;0.5;267;795;12;3;0.25;133;916;33;4;0.125;67;950;127;NaN
958285;1;1;533;533;11;2;0.5;267;789;22;3;0.25;133;900;36;4;0.125;67;931;195;NaN
959294;1;1;533;533;10;2;0.5;267;790;12;3;0.25;133;911;19;4;0.125;67;959;110;NaN
960306;1;1;533;533;10;2;0.5;267;790;12;3;0.25;133;911;23;4;0.125;67;955;77;NaN
961315;1;1;533;533;11;2;0.5;267;789;23;3;0.25;133;899;33;4;0.125;67;933;119;NaN
962329;1;1;533;533;8;2;0.5;267;792;17;3;0.25;133;908;26;4;0.125;67;949;104;NaN
963336;1;1;533;533;10;2;0.5;267;790;20;3;0.25;133;903;32;4;0.125;67;938;157;NaN
964347;1;1;533;533;6;2;0.5;267;794;14;3;0.25;133;913;27;4;0.125;67;953;109;NaN
965359;1;1;533;533;8;2;0.5;267;792;6;3;0.25;133;919;5;4;0.125;67;981;42;NaN
966367;1;1;533;533;3;2;0.5;267;797;11;3;0.25;133;919;13;4;0.125;67;973;69;NaN
967380;1;1;533;533;8;2;0.5;267;792;13;3;0.25;133;912;22;4;0.125;67;957;109;NaN
968396;1;1;533;533;30;2;0.5;267;770;35;3;0.25;133;868;82;4;0.125;67;853;301;NaN
969403;1;1;533;533;4;2;0.5;267;796;13;3;0.25;133;916;22;4;0.125;67;961;93;NaN
970411;1;1;533;533;11;2;0.5;267;789;30;3;0.25;133;892;49;4;0.125;67;910;248;NaN
971422;1;1;533;533;11;2;0.5;267;789;12;3;0.25;133;910;22;4;0.125;67;955;113;NaN
972438;1;1;533;533;11;2;0.5;267;789;47;3;0.25;133;875;51;4;0.125;67;891;231;NaN
973450;1;1;533;533;2;2;0.5;267;798;9;3;0.25;133;922;16;4;0.125;67;973;77;NaN
974457;1;1;533;533;5;2;0.5;267;795;34;3;0.25;133;894;54;4;0.125;67;907;231;NaN
975465;1;1;533;533;13;2;0.5;267;787;12;3;0.25;133;908;18;4;0.125;67;957;94;NaN
976468;1;1;533;533;12;2;0.5;267;788;27;3;0.25;133;894;54;4;0.125;67;907;219;NaN
977472;1;1;533;533;11;2;0.5;267;789;19;3;0.25;133;903;36;4;0.125;67;934;182;NaN
978475;1;1;533;533;14;2;0.5;267;786;13;3;0.25;133;906;17;4;0.125;67;956;101;NaN
979477;1;1;533;533;24;2;0.5;267;776;30;3;0.25;133;879;60;4;0.125;67;886;328;NaN
980491;1;1;533;533;15;2;0.5;267;785;33;3;0.25;133;885;39;4;0.125;67;913;232;NaN
981496;1;1;533;533;5;2;0.5;267;795;14;3;0.25;133;914;12;4;0.125;67;969;67;NaN
982510;1;1;533;533;8;2;0.5;267;792;35;3;0.25;133;890;36;4;0.125;67;921;185;NaN
983513;1;1;533;533;14;2;0.5;267;786;34;3;0.25;133;885;46;4;0.125;67;906;252;NaN
984522;1;1;533;533;19;2;0.5;267;781;39;3;0.25;133;875;37;4;0.125;67;905;236;NaN
985523;1;1;533;533;19;2;0.5;267;781;47;3;0.25;133;867;59;4;0.125;67;875;322;NaN
986535;1;1;533;533;20;2;0.5;267;780;50;3;0.25;133;863;70;4;0.125;67;860;288;NaN
987546;1;1;533;533;18;2;0.5;267;782;31;3;0.25;133;884;54;4;0.125;67;897;205;NaN
988548;1;1;533;533;2;2;0.5;267;798;7;3;0.25;133;924;16;4;0.125;67;975;49;NaN
989553;1;1;533;533;5;2;0.5;267;795;20;3;0.25;133;908;37;4;0.125;67;938;111;NaN
990567;1;1;533;533;8;2;0.5;267;792;15;3;0.25;133;910;27;4;0.125;67;950;123;NaN
991566;1;1;533;533;10;2;0.5;267;790;13;3;0.25;133;910;34;4;0.125;67;943;141;NaN
992580;1;1;533;533;3;2;0.5;267;797;9;3;0.25;133;921;7;4;0.125;67;981;68;NaN
993581;1;1;533;533;18;2;0.5;267;782;40;3;0.25;133;875;68;4;0.125;67;874;315;NaN
994595;1;1;533;533;15;2;0.5;267;785;20;3;0.25;133;898;30;4;0.125;67;935;164;NaN
995610;1;1;533;533;5;2;0.5;267;795;15;3;0.25;133;913;15;4;0.125;67;965;75;NaN
996629;1;1;533;533;8;2;0.5;267;792;34;3;0.25;133;891;46;4;0.125;67;912;184;NaN
997628;1;1;533;533;17;2;0.5;267;783;27;3;0.25;133;889;39;4;0.125;67;917;192;NaN
998642;1;1;533;533;28;2;0.5;267;772;40;3;0.25;133;865;72;4;0.125;67;860;282;NaN
999644;1;1;533;533;16;2;0.5;267;784;25;3;0.25;133;892;33;4;0.125;67;926;159;NaN
1000659;1;1;533;533;7;2;0.5;267;793;17;3;0.25;133;909;19;4;0.125;67;957;100;NaN
1001670;1;1;533;533;19;2;0.5;267;781;33;3;0.25;133;881;71;4;0.125;67;877;299;NaN
1002682;1;1;533;533;19;2;0.5;267;781;36;3;0.25;133;878;59;4;0.125;67;886;210;NaN
1003694;1;1;533;533;8;2;0.5;267;792;14;3;0.25;133;911;20;4;0.125;67;958;96;NaN
1004694;1;1;533;533;4;2;0.5;267;796;8;3;0.25;133;921;15;4;0.125;67;973;65;NaN
1005695;1;1;533;533;29;2;0.5;267;771;42;3;0.25;133;862;77;4;0.125;67;852;376;NaN
1006697;1;1;533;533;3;2;0.5;267;797;7;3;0.25;133;923;18;4;0.125;67;972;73;NaN
1007710;1;1;533;533;12;2;0.5;267;788;21;3;0.25;133;900;30;4;0.125;67;937;121;NaN
1008710;1;1;533;533;16;2;0.5;267;784;48;3;0.25;133;869;72;4;0.125;67;864;303;NaN
1009724;1;1;533;533;7;2;0.5;267;793;15;3;0.25;133;911;22;4;0.125;67;956;108;NaN
1010736;1;1;533;533;16;2;0.5;267;784;39;3;0.25;133;878;43;4;0.125;67;902;203;NaN
1011736;1;1;533;533;7;2;0.5;267;793;22;3;0.25;133;904;26;4;0.125;67;945;135;NaN
1012746;1;1;533;533;13;2;0.5;267;787;44;3;0.25;133;876;68;4;0.125;67;875;311;NaN
1013761;1;1;533;533;24;2;0.5;267;776;42;3;0.25;133;867;61;4;0.125;67;873;264;NaN
1014777;1;1;533;533;5;2;0.5;267;795;6;3;0.25;133;922;13;4;0.125;67;976;58;NaN
1015779;1;1;533;533;8;2;0.5;267;792;20;3;0.25;133;905;15;4;0.125;67;957;97;NaN
1016792;1;1;533;533;8;2;0.5;267;792;30;3;0.25;133;895;38;4;0.125;67;924;189;NaN
1017798;1;1;533;533;10;2;0.5;267;790;30;3;0.25;133;893;61;4;0.125;67;899;211;NaN
1018805;1;1;533;533;13;2;0.5;267;787;14;3;0.25;133;906;26;4;0.125;67;947;109;NaN
1019814;1;1;533;533;14;2;0.5;267;786;40;3;0.25;133;879;37;4;0.125;67;909;198;NaN
1020829;1;1;533;533;13;2;0.5;267;787;32;3;0.25;133;888;42;4;0.125;67;913;183;NaN
1021844;1;1;533;533;20;2;0.5;267;780;35;3;0.25;133;878;38;4;0.125;67;907;215;NaN
1022860;1;1;533;533;9;2;0.5;267;791;17;3;0.25;133;907;30;4;0.125;67;944;118;NaN
1023874;1;1;533;533;13;2;0.5;267;787;30;3;0.25;133;890;49;4;0.125;67;908;221;NaN
1024885;1;1;533;533;10;2;0.5;267;790;16;3;0.25;133;907;22;4;0.125;67;952;94;NaN
1025897;1;1;533;533;5;2;0.5;267;795;13;3;0.25;133;915;24;4;0.125;67;958;100;NaN
1026912;1;1;533;533;13;2;0.5;267;787;28;3;0.25;133;892;14;4;0.125;67;945;138;NaN
1027924;1;1;533;533;6;2;0.5;267;794;12;3;0.25;133;915;18;4;0.125;67;964;91;NaN
1028926;1;1;533;533;16;2;0.5;267;784;40;3;0.25;133;877;42;4;0.125;67;902;193;NaN
1029939;1;1;533;533;7;2;0.5;267;793;7;3;0.25;133;919;14;4;0.125;67;972;83;NaN
1030949;1;1;533;533;20;2;0.5;267;780;38;3;0.25;133;875;71;4;0.125;67;871;319;NaN
1031970;1;1;533;533;15;2;0.5;267;785;29;3;0.25;133;889;36;4;0.125;67;920;153;NaN
1032978;1;1;533;533;27;2;0.5;267;773;40;3;0.25;133;866;76;4;0.125;67;857;321;NaN
1033989;1;1;533;533;15;2;0.5;267;785;51;3;0.25;133;867;53;4;0.125;67;881;292;NaN
1035001;1;1;533;533;31;2;0.5;267;769;62;3;0.25;133;840;117;4;0.125;67;790;484;NaN
1036014;1;1;533;533;13;2;0.5;267;787;18;3;0.25;133;902;24;4;0.125;67;945;130;NaN
1037028;1;1;533;533;10;2;0.5;267;790;30;3;0.25;133;893;61;4;0.125;67;899;316;NaN
1038037;1;1;533;533;11;2;0.5;267;789;31;3;0.25;133;891;29;4;0.125;67;929;118;NaN
1039051;1;1;533;533;5;2;0.5;267;795;12;3;0.25;133;916;39;4;0.125;67;944;208;NaN
1040064;1;1;533;533;16;2;0.5;267;784;29;3;0.25;133;888;25;4;0.125;67;930;74;NaN
1041080;1;1;533;533;20;2;0.5;267;780;30;3;0.25;133;883;41;4;0.125;67;909;247;NaN
1042096;1;1;533;533;4;2;0.5;267;796;32;3;0.25;133;897;43;4;0.125;67;921;196;NaN
1043097;1;1;533;533;10;2;0.5;267;790;6;3;0.25;133;917;10;4;0.125;67;974;53;NaN
1044110;1;1;533;533;9;2;0.5;267;791;16;3;0.25;133;908;81;4;0.125;67;894;312;NaN
1045127;1;1;533;533;24;2;0.5;267;776;41;3;0.25;133;868;47;4;0.125;67;888;247;NaN
1046133;1;1;533;533;16;2;0.5;267;784;45;3;0.25;133;872;21;4;0.125;67;918;111;NaN
1047147;1;1;533;533;8;2;0.5;267;792;22;3;0.25;133;903;28;4;0.125;67;942;129;NaN
1048165;1;1;533;533;7;2;0.5;267;793;29;3;0.25;133;897;56;4;0.125;67;908;324;NaN
1049178;1;1;533;533;16;2;0.5;267;784;30;3;0.25;133;887;112;4;0.125;67;842;298;NaN
1050193;1;1;533;533;44;2;0.5;267;756;78;3;0.25;133;811;82;4;0.125;67;796;468;NaN
1051203;1;1;533;533;54;2;0.5;267;746;92;3;0.25;133;787;287;4;0.125;67;567;567;0;0;0;0
1052200;1;1;533;533;81;2;0.5;267;719;192;3;0.25;133;660;94;4;0.125;67;633;633;0;0;0;0
1053216;1;1;533;533;39;2;0.5;267;761;83;3;0.25;133;811;125;4;0.125;67;753;753;0;0;0;0
1054216;1;1;533;533;47;2;0.5;267;753;96;3;0.25;133;790;158;4;0.125;67;699;699;0;0;0;0
1055229;1;1;533;533;109;2;0.5;267;691;200;3;0.25;133;624;303;4;0.125;67;388;388;0;0;0;0
1056242;1;1;533;533;87;2;0.5;267;713;171;3;0.25;133;675;271;4;0.125;67;471;471;0;0;0;0
1057255;1;1;533;533;84;2;0.5;267;716;162;3;0.25;133;687;280;4;0.125;67;474;474;0;0;0;0
1058263;1;1;533;533;36;2;0.5;267;764;70;3;0.25;133;827;122;4;0.125;67;772;772;0;0;0;0
1059266;1;1;533;533;53;2;0.5;267;747;126;3;0.25;133;754;192;4;0.125;67;629;629;0;0;0;0
1060277;1;1;533;533;41;2;0.5;267;759;39;3;0.25;133;853;80;4;0.125;67;840;840;0;0;0;0
1061292;1;1;533;533;66;2;0.5;267;734;112;3;0.25;133;755;166;4;0.125;67;656;656;0;0;0;0
1062303;1;1;533;533;29;2;0.5;267;771;87;3;0.25;133;817;105;4;0.125;67;779;779;0;0;0;0
1063316;1;1;533;533;102;2;0.5;267;698;214;3;0.25;133;617;281;4;0.125;67;403;403;0;0;0;0
1064330;1;1;533;533;64;2;0.5;267;736;123;3;0.25;133;746;144;4;0.125;67;669;669;0;0;0;0
1065344;1;1;533;533;59;2;0.5;267;741;86;3;0.25;133;788;161;4;0.125;67;694;694;0;0;0;0
1066349;1;1;533;533;81;2;0.5;267;719;147;3;0.25;133;705;248;4;0.125;67;524;524;0;0;0;0
1067350;1;1;533;533;90;2;0.5;267;710;189;3;0.25;133;654;311;4;0.125;67;410;410;0;0;0;0
1068362;1;1;533;533;34;2;0.5;267;766;52;3;0.25;133;847;79;4;0.125;67;835;835;0;0;0;0
1069362;1;1;533;533;50;2;0.5;267;750;103;3;0.25;133;780;144;4;0.125;67;703;703;0;0;0;0
1070375;1;1;533;533;30;2;0.5;267;770;71;3;0.25;133;832;104;4;0.125;67;795;795;0;0;0;0
1071389;1;1;533;533;48;2;0.5;267;752;129;3;0.25;133;756;207;4;0.125;67;616;616;0;0;0;0
1072403;1;1;533;533;42;2;0.5;267;758;66;3;0.25;133;825;105;4;0.125;67;787;787;0;0;0;0
1073415;1;1;533;533;30;2;0.5;267;770;63;3;0.25;133;840;94;4;0.125;67;813;813;0;0;0;0
1074415;1;1;533;533;93;2;0.5;267;707;216;3;0.25;133;624;300;4;0.125;67;391;391;0;0;0;0
1075426;1;1;533;533;73;2;0.5;267;727;122;3;0.25;133;738;218;4;0.125;67;587;587;0;0;0;0
1076428;1;1;533;533;64;2;0.5;267;736;135;3;0.25;133;734;192;4;0.125;67;609;609;0;0;0;0
1077441;1;1;533;533;46;2;0.5;267;754;76;3;0.25;133;811;133;4;0.125;67;745;745;0;0;0;0
1078441;1;1;533;533;62;2;0.5;267;738;144;3;0.25;133;727;211;4;0.125;67;583;583;0;0;0;0
1079448;1;1;533;533;46;2;0.5;267;754;75;3;0.25;133;812;119;4;0.125;67;760;760;0;0;0;0
1080465;1;1;533;533;102;2;0.5;267;698;197;3;0.25;133;634;316;4;0.125;67;385;385;0;0;0;0
1081481;1;1;533;533;82;2;0.5;267;718;178;3;0.25;133;673;244;4;0.125;67;496;496;0;0;0;0
1082494;1;1;533;533;75;2;0.5;267;725;142;3;0.25;133;716;203;4;0.125;67;580;580;0;0;0;0
1083502;1;1;533;533;63;2;0.5;267;737;116;3;0.25;133;754;251;4;0.125;67;570;570;0;0;0;0
1084517;1;1;533;533;35;2;0.5;267;765;69;3;0.25;133;829;112;4;0.125;67;784;784;0;0;0;0
1085528;1;1;533;533;66;2;0.5;267;734;112;3;0.25;133;755;137;4;0.125;67;685;685;0;0;0;0
1086538;1;1;533;533;97;2;0.5;267;703;213;3;0.25;133;623;287;4;0.125;67;403;403;0;0;0;0
1087550;1;1;533;533;59;2;0.5;267;741;140;3;0.25;133;734;201;4;0.125;67;600;600;0;0;0;0
1088564;1;1;533;533;22;2;0.5;267;778;37;3;0.25;133;874;58;4;0.125;67;883;883;0;0;0;0
1089562;1;1;533;533;54;2;0.5;267;746;126;3;0.25;133;753;188;4;0.125;67;632;632;0;0;0;0
1090565;1;1;533;533;49;2;0.5;267;751;101;3;0.25;133;783;163;4;0.125;67;687;687;0;0;0;0
1091566;1;1;533;533;35;2;0.5;267;765;87;3;0.25;133;811;118;4;0.125;67;760;760;0;0;0;0
1092566;1;1;533;533;50;2;0.5;267;750;76;3;0.25;133;807;158;4;0.125;67;716;716;0;0;0;0
1093582;1;1;533;533;73;2;0.5;267;727;128;3;0.25;133;732;184;4;0.125;67;615;615;0;0;0;0
1094591;1;1;533;533;54;2;0.5;267;746;118;3;0.25;133;761;147;4;0.125;67;681;681;0;0;0;0
1095606;1;1;533;533;67;2;0.5;267;733;115;3;0.25;133;751;199;4;0.125;67;619;619;0;0;0;0
1096618;1;1;533;533;96;2;0.5;267;704;166;3;0.25;133;671;270;4;0.125;67;468;468;0;0;0;0
1097627;1;1;533;533;112;2;0.5;267;688;198;3;0.25;133;623;299;4;0.125;67;391;391;0;0;0;0
1098642;1;1;533;533;79;2;0.5;267;721;164;3;0.25;133;690;228;4;0.125;67;529;529;0;0;0;0
1099643;1;1;533;533;46;2;0.5;267;754;105;3;0.25;133;782;163;4;0.125;67;686;686;0;0;0;0
1100645;1;1;533;533;48;2;0.5;267;752;95;3;0.25;133;790;120;4;0.125;67;737;737;0;0;0;0
1101662;1;1;533;533;45;2;0.5;267;755;169;3;0.25;133;719;214;4;0.125;67;572;572;0;0;0;0
1102678;1;1;533;533;81;2;0.5;267;719;42;3;0.25;133;810;205;4;0.125;67;672;672;0;0;0;0
1103696;1;1;533;533;25;2;0.5;267;775;88;3;0.25;133;820;46;4;0.125;67;841;841;0;0;0;0
1104692;1;1;533;533;19;2;0.5;267;781;65;3;0.25;133;849;89;4;0.125;67;827;827;0;0;0;0
1105711;1;1;533;533;70;2;0.5;267;730;82;3;0.25;133;781;127;4;0.125;67;721;721;0;0;0;0
1106715;1;1;533;533;39;2;0.5;267;761;55;3;0.25;133;839;107;4;0.125;67;799;799;0;0;0;0
1107717;1;1;533;533;23;2;0.5;267;777;48;3;0.25;133;862;61;4;0.125;67;868;868;0;0;0;0
1108730;1;1;533;533;68;2;0.5;267;732;134;3;0.25;133;731;213;4;0.125;67;585;585;0;0;0;0
1109735;1;1;533;533;63;2;0.5;267;737;129;3;0.25;133;741;188;4;0.125;67;620;620;0;0;0;0
1110737;1;1;533;533;32;2;0.5;267;768;48;3;0.25;133;853;85;4;0.125;67;835;835;0;0;0;0
1111740;1;1;533;533;77;2;0.5;267;723;159;3;0.25;133;697;216;4;0.125;67;548;548;0;0;0;0
1112741;1;1;533;533;78;2;0.5;267;722;146;3;0.25;133;709;228;4;0.125;67;548;548;0;0;0;0
1113751;1;1;533;533;54;2;0.5;267;746;127;3;0.25;133;752;183;4;0.125;67;636;636;0;0;0;0
1114752;1;1;533;533;58;2;0.5;267;742;114;3;0.25;133;761;169;4;0.125;67;659;659;0;0;0;0
1115764;1;1;533;533;38;2;0.5;267;762;84;3;0.25;133;811;116;4;0.125;67;762;762;0;0;0;0
1116779;1;1;533;533;108;2;0.5;267;692;214;3;0.25;133;611;288;4;0.125;67;390;390;0;0;0;0
1117790;1;1;533;533;41;2;0.5;267;759;83;3;0.25;133;809;121;4;0.125;67;755;755;0;0;0;0
1118805;1;1;533;533;72;2;0.5;267;728;138;3;0.25;133;723;225;4;0.125;67;565;565;0;0;0;0
1119818;1;1;533;533;102;2;0.5;267;698;192;3;0.25;133;639;290;4;0.125;67;416;416;0;0;0;0
1120831;1;1;533;533;43;2;0.5;267;757;97;3;0.25;133;793;143;4;0.125;67;717;717;0;0;0;0
1121844;1;1;533;533;53;2;0.5;267;747;101;3;0.25;133;779;196;4;0.125;67;650;650;0;0;0;0
1122861;1;1;533;533;72;2;0.5;267;728;142;3;0.25;133;719;228;4;0.125;67;558;558;0;0;0;0
1123866;1;1;533;533;43;2;0.5;267;757;113;3;0.25;133;777;146;4;0.125;67;698;698;0;0;0;0
1124870;1;1;533;533;69;2;0.5;267;731;140;3;0.25;133;724;201;4;0.125;67;590;590;0;0;0;0
1125873;1;1;533;533;32;2;0.5;267;768;82;3;0.25;133;819;147;4;0.125;67;739;739;0;0;0;0
1126910;1;1;533;533;50;2;0.5;267;750;79;3;0.25;133;804;141;4;0.125;67;730;730;0;0;0;0
1127897;1;1;533;533;58;2;0.5;267;742;102;3;0.25;133;773;137;4;0.125;67;703;703;0;0;0;0
1128907;1;1;533;533;97;2;0.5;267;703;187;3;0.25;133;649;238;4;0.125;67;478;478;0;0;0;0
1129918;1;1;533;533;54;2;0.5;267;746;105;3;0.25;133;774;142;4;0.125;67;699;699;0;0;0;0
1130920;1;1;533;533;99;2;0.5;267;701;200;3;0.25;133;634;268;4;0.125;67;433;433;0;0;0;0
1131922;1;1;533;533;44;2;0.5;267;756;93;3;0.25;133;796;134;4;0.125;67;729;729;0;0;0;0
1132946;1;1;533;533;40;2;0.5;267;760;109;3;0.25;133;784;145;4;0.125;67;706;706;0;0;0;0
1133933;1;1;533;533;101;2;0.5;267;699;175;3;0.25;133;657;302;4;0.125;67;422;422;0;0;0;0
1134945;1;1;533;533;95;2;0.5;267;705;214;3;0.25;133;624;267;4;0.125;67;424;424;0;0;0;0
1135961;1;1;533;533;46;2;0.5;267;754;108;3;0.25;133;779;162;4;0.125;67;684;684;0;0;0;0
1136962;1;1;533;533;60;2;0.5;267;740;111;3;0.25;133;762;210;4;0.125;67;619;619;0;0;0;0
1137989;1;1;533;533;23;2;0.5;267;777;65;3;0.25;133;845;91;4;0.125;67;821;821;0;0;0;0
1138964;1;1;533;533;74;2;0.5;267;726;148;3;0.25;133;711;222;4;0.125;67;556;556;0;0;0;0
1139980;1;1;533;533;36;2;0.5;267;764;84;3;0.25;133;813;123;4;0.125;67;757;757;0;0;0;0
1140979;1;1;533;533;92;2;0.5;267;708;178;3;0.25;133;663;308;4;0.125;67;422;422;0;0;0;0
1141984;1;1;533;533;68;2;0.5;267;732;165;3;0.25;133;700;250;4;0.125;67;517;517;0;0;0;0
1142994;1;1;533;533;44;2;0.5;267;756;92;3;0.25;133;797;159;4;0.125;67;705;705;0;0;0;0
1144000;1;1;533;533;60;2;0.5;267;740;161;3;0.25;133;712;209;4;0.125;67;570;570;0;0;0;0
1145012;1;1;533;533;107;2;0.5;267;693;202;3;0.25;133;624;311;4;0.125;67;380;380;0;0;0;0
1146011;1;1;533;533;62;2;0.5;267;738;109;3;0.25;133;762;178;4;0.125;67;651;651;0;0;0;0
1147017;1;1;533;533;46;2;0.5;267;754;98;3;0.25;133;789;144;4;0.125;67;712;712;0;0;0;0
1148019;1;1;533;533;104;2;0.5;267;696;223;3;0.25;133;606;305;4;0.125;67;368;368;0;0;0;0
1149025;1;1;533;533;107;2;0.5;267;693;169;3;0.25;133;657;258;4;0.125;67;466;466;0;0;0;0
1150029;1;1;533;533;80;2;0.5;267;720;153;3;0.25;133;700;209;4;0.125;67;558;558;0;0;0;0
1151044;1;1;533;533;68;2;0.5;267;732;109;3;0.25;133;756;184;4;0.125;67;639;639;0;0;0;0
1152060;1;1;533;533;73;2;0.5;267;727;121;3;0.25;133;739;203;4;0.125;67;603;603;0;0;0;0
1153070;1;1;533;533;97;2;0.5;267;703;211;3;0.25;133;625;294;4;0.125;67;398;398;0;0;0;0
1154072;1;1;533;533;106;2;0.5;267;694;210;3;0.25;133;617;298;4;0.125;67;386;386;0;0;0;0
1155075;1;1;533;533;65;2;0.5;267;735;118;3;0.25;133;750;258;4;0.125;67;559;559;0;0;0;0
1156090;1;1;533;533;93;2;0.5;267;707;170;3;0.25;133;670;267;4;0.125;67;470;470;0;0;0;0
1157091;1;1;533;533;96;2;0.5;267;704;169;3;0.25;133;668;259;4;0.125;67;476;476;0;0;0;0
1158107;1;1;533;533;17;2;0.5;267;783;30;3;0.25;133;886;46;4;0.125;67;907;907;0;0;0;0
1159108;1;1;533;533;33;2;0.5;267;767;60;3;0.25;133;840;89;4;0.125;67;818;818;0;0;0;0
1160115;1;1;533;533;54;2;0.5;267;746;117;3;0.25;133;762;208;4;0.125;67;621;621;0;0;0;0
1161145;1;1;533;533;58;2;0.5;267;742;135;3;0.25;133;740;222;4;0.125;67;585;585;0;0;0;0
1162124;1;1;533;533;15;2;0.5;267;785;46;3;0.25;133;872;74;4;0.125;67;865;865;0;0;0;0
1163125;1;1;533;533;75;2;0.5;267;725;170;3;0.25;133;688;217;4;0.125;67;538;538;0;0;0;0
1164130;1;1;533;533;76;2;0.5;267;724;174;3;0.25;133;683;260;4;0.125;67;490;490;0;0;0;0
1165141;1;1;533;533;41;2;0.5;267;759;89;3;0.25;133;803;132;4;0.125;67;738;738;0;0;0;0
1166153;1;1;533;533;25;2;0.5;267;775;97;3;0.25;133;811;146;4;0.125;67;732;732;0;0;0;0
1167156;1;1;533;533;88;2;0.5;267;712;197;3;0.25;133;648;309;4;0.125;67;406;406;0;0;0;0
1168157;1;1;533;533;109;2;0.5;267;691;224;3;0.25;133;600;314;4;0.125;67;353;353;0;0;0;0
1169159;1;1;533;533;40;2;0.5;267;760;142;3;0.25;133;751;196;4;0.125;67;622;622;0;0;0;0
1170174;1;1;533;533;53;2;0.5;267;747;102;3;0.25;133;778;141;4;0.125;67;704;704;0;0;0;0
1171181;1;1;533;533;60;2;0.5;267;740;138;3;0.25;133;735;191;4;0.125;67;611;611;0;0;0;0
1172176;1;1;533;533;61;2;0.5;267;739;101;3;0.25;133;771;160;4;0.125;67;678;678;0;0;0;0
1173191;1;1;533;533;104;2;0.5;267;696;211;3;0.25;133;618;293;4;0.125;67;392;392;0;0;0;0
1174199;1;1;533;533;75;2;0.5;267;725;141;3;0.25;133;717;203;4;0.125;67;581;581;0;0;0;0
1175198;1;1;533;533;96;2;0.5;267;704;189;3;0.25;133;648;301;4;0.125;67;414;414;0;0;0;0
1176212;1;1;533;533;13;2;0.5;267;787;72;3;0.25;133;848;118;4;0.125;67;797;797;0;0;0;0
1177216;1;1;533;533;32;2;0.5;267;768;55;3;0.25;133;846;78;4;0.125;67;835;835;0;0;0;0
1178222;1;1;533;533;22;2;0.5;267;778;32;3;0.25;133;879;132;4;0.125;67;814;814;0;0;0;0
1179225;1;1;533;533;75;2;0.5;267;725;117;3;0.25;133;741;94;4;0.125;67;714;714;0;0;0;0
1180240;1;1;533;533;28;2;0.5;267;772;64;3;0.25;133;841;80;4;0.125;67;828;828;0;0;0;0
1181247;1;1;533;533;30;2;0.5;267;770;79;3;0.25;133;824;115;4;0.125;67;776;776;0;0;0;0
1182262;1;1;533;533;19;2;0.5;267;781;36;3;0.25;133;878;67;4;0.125;67;878;878;0;0;0;0
1183268;1;1;533;533;54;2;0.5;267;746;118;3;0.25;133;761;172;4;0.125;67;656;656;0;0;0;0
1184294;1;1;533;533;26;2;0.5;267;774;61;3;0.25;133;846;79;4;0.125;67;834;834;0;0;0;0
1185304;1;1;533;533;20;2;0.5;267;780;53;3;0.25;133;860;49;4;0.125;67;878;878;0;0;0;0
1186289;1;1;533;533;74;2;0.5;267;726;144;3;0.25;133;715;215;4;0.125;67;567;567;0;0;0;0
1187315;1;1;533;533;58;2;0.5;267;742;139;3;0.25;133;736;216;4;0.125;67;587;587;0;0;0;0
1188320;1;1;533;533;26;2;0.5;267;774;53;3;0.25;133;854;72;4;0.125;67;849;849;0;0;0;0
1189323;1;1;533;533;78;2;0.5;267;722;159;3;0.25;133;696;232;4;0.125;67;531;531;0;0;0;0
1190326;1;1;533;533;25;2;0.5;267;775;55;3;0.25;133;853;79;4;0.125;67;841;841;0;0;0;0
1191316;1;1;533;533;75;2;0.5;267;725;191;3;0.25;133;667;221;4;0.125;67;513;513;0;0;0;0
1192320;1;1;533;533;73;2;0.5;267;727;129;3;0.25;133;731;197;4;0.125;67;601;601;0;0;0;0
1193323;1;1;533;533;93;2;0.5;267;707;201;3;0.25;133;639;288;4;0.125;67;418;418;0;0;0;0
1194325;1;1;533;533;74;2;0.5;267;726;122;3;0.25;133;737;233;4;0.125;67;571;571;0;0;0;0
1195331;1;1;533;533;100;2;0.5;267;700;197;3;0.25;133;636;274;4;0.125;67;429;429;0;0;0;0
1196339;1;1;533;533;20;2;0.5;267;780;49;3;0.25;133;864;79;4;0.125;67;852;852;0;0;0;0
1197349;1;1;533;533;88;2;0.5;267;712;191;3;0.25;133;654;271;4;0.125;67;450;450;0;0;0;0
1198356;1;1;533;533;74;2;0.5;267;726;140;3;0.25;133;719;234;4;0.125;67;552;552;0;0;0;0
1199361;1;1;533;533;58;2;0.5;267;742;77;3;0.25;133;798;152;4;0.125;67;713;713;0;0;0;0
1200366;1;1;533;533;73;2;0.5;267;727;176;3;0.25;133;684;256;4;0.125;67;495;495;0;0;0;0
1201382;1;1;533;533;44;2;0.5;267;756;90;3;0.25;133;799;141;4;0.125;67;725;725;0;0;0;0
1202386;1;1;533;533;67;2;0.5;267;733;110;3;0.25;133;756;164;4;0.125;67;659;659;0;0;0;0
1203390;1;1;533;533;19;2;0.5;267;781;51;3;0.25;133;863;72;4;0.125;67;858;858;0;0;0;0
1204403;1;1;533;533;96;2;0.5;267;704;193;3;0.25;133;644;286;4;0.125;67;425;425;0;0;0;0
1205405;1;1;533;533;39;2;0.5;267;761;112;3;0.25;133;782;134;4;0.125;67;715;715;0;0;0;0
1206443;1;1;533;533;37;2;0.5;267;763;65;3;0.25;133;831;121;4;0.125;67;777;777;0;0;0;0
1207433;1;1;533;533;90;2;0.5;267;710;159;3;0.25;133;684;258;4;0.125;67;493;493;0;0;0;0
1208441;1;1;533;533;63;2;0.5;267;737;96;3;0.25;133;774;157;4;0.125;67;684;684;0;0;0;0
1209441;1;1;533;533;34;2;0.5;267;766;67;3;0.25;133;832;99;4;0.125;67;800;800;0;0;0;0
1210468;1;1;533;533;17;2;0.5;267;783;66;3;0.25;133;850;91;4;0.125;67;826;826;0;0;0;0
1211447;1;1;533;533;55;2;0.5;267;745;129;3;0.25;133;749;188;4;0.125;67;628;628;0;0;0;0
1212455;1;1;533;533;33;2;0.5;267;767;61;3;0.25;133;839;95;4;0.125;67;811;811;0;0;0;0
1213464;1;1;533;533;93;2;0.5;267;707;174;3;0.25;133;666;285;4;0.125;67;448;448;0;0;0;0
1214466;1;1;533;533;71;2;0.5;267;729;149;3;0.25;133;713;235;4;0.125;67;545;545;0;0;0;0
1215491;1;1;533;533;65;2;0.5;267;735;173;3;0.25;133;695;234;4;0.125;67;528;528;0;0;0;0
1216481;1;1;533;533;106;2;0.5;267;694;210;3;0.25;133;617;293;4;0.125;67;391;391;0;0;0;0
1217497;1;1;533;533;94;2;0.5;267;706;194;3;0.25;133;645;318;4;0.125;67;394;394;0;0;0;0
1218506;1;1;533;533;87;2;0.5;267;713;197;3;0.25;133;649;298;4;0.125;67;418;418;0;0;0;0
1219510;1;1;533;533;71;2;0.5;267;729;113;3;0.25;133;749;177;4;0.125;67;639;639;0;0;0;0
1220521;1;1;533;533;100;2;0.5;267;700;176;3;0.25;133;657;333;4;0.125;67;391;391;0;0;0;0
1221529;1;1;533;533;100;2;0.5;267;700;202;3;0.25;133;631;300;4;0.125;67;398;398;0;0;0;0
1222533;1;1;533;533;119;2;0.5;267;681;219;3;0.25;133;595;313;4;0.125;67;349;349;0;0;0;0
1223541;1;1;533;533;97;2;0.5;267;703;196;3;0.25;133;640;276;4;0.125;67;431;431;0;0;0;0
1224545;1;1;533;533;79;2;0.5;267;721;189;3;0.25;133;665;240;4;0.125;67;492;492;0;0;0;0
1225556;1;1;533;533;0;2;0.5;267;800;0;3;0.25;133;933;0;4;0.125;67;1000;1000;0;0;0;0
1226558;1;1;533;533;0;2;0.5;267;800;0;3;0.25;133;933;0;4;0.125;67;1000;1000;0;0;0;0
1227570;1;1;533;533;0;2;0.5;267;800;0;3;0.25;133;933;0;4;0.125;67;1000;1000;0;0;0;0
1228580;1;1;533;533;0;2;0.5;267;800;0;3;0.25;133;933;0;4;0.125;67;1000;1000;0;0;0;0
1229595;1;1;533;533;0;2;0.5;267;800;0;3;0.25;133;933;0;4;0.125;67;1000;1000;0;0;0;0
1230607;1;1;533;533;0;2;0.5;267;800;0;3;0.25;133;933;0;4;0.125;67;1000;1000;0;0;0;0
1231607;1;1;533;533;0;2;0.5;267;800;0;3;0.25;133;933;0;4;0.125;67;1000;1000;0;0;0;0
1232619;1;1;533;533;0;2;0.5;267;800;0;3;0.25;133;933;0;4;0.125;67;1000;1000;0;0;0;0
1233636;1;1;533;533;0;2;0.5;267;800;0;3;0.25;133;933;0;4;0.125;67;1000;1000;0;0;0;0
1234645;1;1;533;533;0;2;0.5;267;800;0;3;0.25;133;933;0;4;0.125;67;1000;1000;0;0;0;0
1235655;1;1;533;533;0;2;0.5;267;800;0;3;0.25;133;933;0;4;0.125;67;1000;1000;0;0;0;0
1236669;1;1;533;533;0;2;0.5;267;800;0;3;0.25;133;933;0;4;0.125;67;1000;1000;0;0;0;0
1237670;1;1;533;533;0;2;0.5;267;800;0;3;0.25;133;933;0;4;0.125;67;1000;1000;0;0;0;0
1238687;1;1;533;533;0;2;0.5;267;800;0;3;0.25;133;933;0;4;0.125;67;1000;1000;0;0;0;0
1239701;1;1;533;533;0;2;0.5;267;800;0;3;0.25;133;933;0;4;0.125;67;1000;1000;0;0;0;0
1240709;1;1;533;533;0;2;0.5;267;800;0;3;0.25;133;933;0;4;0.125;67;1000;1000;0;0;0;0
1241723;1;1;533;533;0;2;0.5;267;800;0;3;0.25;133;933;0;4;0.125;67;1000;1000;0;0;0;0
1242724;1;1;533;533;0;2;0.5;267;800;0;3;0.25;133;933;0;4;0.125;67;1000;1000;0;0;0;0
1243737;1;1;533;533;0;2;0.5;267;800;0;3;0.25;133;933;0;4;0.125;67;1000;441;NaN
1244743;1;1;533;533;0;2;0.5;267;800;0;3;0.25;133;933;0;4;0.125;67;1000;0;NaN
1245747;1;1;533;533;0;2;0.5;267;800;0;3;0.25;133;933;0;4;0.125;67;1000;0;NaN
1246762;1;1;533;533;0;2;0.5;267;800;0;3;0.25;133;933;0;4;0.125;67;1000;0;NaN
1247773;1;1;533;533;0;2;0.5;267;800;0;3;0.25;133;933;0;4;0.125;67;1000;0;NaN
1248787;1;1;533;533;0;2;0.5;267;800;0;3;0.25;133;933;0;4;0.125;67;1000;0;NaN
1249795;1;1;533;533;0;2;0.5;267;800;0;3;0.25;133;933;0;4;0.125;67;1000;0;NaN
1250810;1;1;533;533;0;2;0.5;267;800;0;3;0.25;133;933;0;4;0.125;67;1000;0;NaN
1251808;1;1;533;533;0;2;0.5;267;800;0;3;0.25;133;933;0;4;0.125;67;1000;0;NaN
1252823;1;1;533;533;0;2;0.5;267;800;0;3;0.25;133;933;0;4;0.125;67;1000;0;NaN
1253840;1;1;533;533;0;2;0.5;267;800;0;3;0.25;133;933;0;4;0.125;67;1000;0;NaN
1254853;1;1;533;533;0;2;0.5;267;800;0;3;0.25;133;933;0;4;0.125;67;1000;0;NaN
1255866;1;1;533;533;0;2;0.5;267;800;0;3;0.25;133;933;0;4;0.125;67;1000;0;NaN
1256876;1;1;533;533;0;2;0.5;267;800;0;3;0.25;133;933;0;4;0.125;67;1000;0;NaN
1257876;1;1;533;533;0;2;0.5;267;800;0;3;0.25;133;933;0;4;0.125;67;1000;0;NaN
1258894;1;1;533;533;0;2;0.5;267;800;0;3;0.25;133;933;0;4;0.125;67;1000;0;NaN
1259908;1;1;533;533;0;2;0.5;267;800;0;3;0.25;133;933;0;4;0.125;67;1000;0;NaN
1260922;1;1;533;533;0;2;0.5;267;800;0;3;0.25;133;933;0;4;0.125;67;1000;0;NaN
1261921;1;1;533;533;0;2;0.5;267;800;0;3;0.25;133;933;0;4;0.125;67;1000;0;NaN
1262932;1;1;533;533;0;2;0.5;267;800;0;3;0.25;133;933;0;4;0.125;67;1000;0;NaN
1263943;1;1;533;533;0;2;0.5;267;800;0;3;0.25;133;933;0;4;0.125;67;1000;0;NaN
1264954;1;1;533;533;0;2;0.5;267;800;0;3;0.25;133;933;0;4;0.125;67;1000;0;NaN
1265976;1;1;533;533;0;2;0.5;267;800;0;3;0.25;133;933;0;4;0.125;67;1000;0;NaN
1266980;1;1;533;533;0;2;0.5;267;800;0;3;0.25;133;933;0;4;0.125;67;1000;0;NaN
1267995;1;1;533;533;0;2;0.5;267;800;0;3;0.25;133;933;0;4;0.125;67;1000;0;NaN
1268994;1;1;533;533;0;2;0.5;267;800;0;3;0.25;133;933;0;4;0.125;67;1000;0;NaN
1270004;1;1;533;533;0;2;0.5;267;800;0;3;0.25;133;933;0;4;0.125;67;1000;0;NaN
1271013;1;1;533;533;0;2;0.5;267;800;0;3;0.25;133;933;0;4;0.125;67;1000;0;NaN
1272011;1;1;533;533;0;2;0.5;267;800;0;3;0.25;133;933;0;4;0.125;67;1000;0;NaN
1273021;1;1;533;533;0;2;0.5;267;800;0;3;0.25;133;933;0;4;0.125;67;1000;0;NaN
1274035;1;1;533;533;0;2;0.5;267;800;0;3;0.25;133;933;0;4;0.125;67;1000;0;NaN
1275045;1;1;533;533;0;2;0.5;267;800;0;3;0.25;133;933;0;4;0.125;67;1000;0;NaN
