Timestamp; Pedidos por  Dispatcher; Leidos por Dispatcher; Cola Leida; Quedan Cola P1; Quedan Cola P2; Quedan Cola P3; Quedan Cola P4, Quedan Cola Expirados
1629;533;161;1;0;303;441;2095;0
1637;639;303;2;0;0;441;2095;0
1640;469;441;3;0;0;0;2095;0
1643;95;95;4;0;0;0;2000;0
2603;533;51;1;0;106;129;2743;0
2606;749;106;2;0;0;129;2743;0
2609;776;129;3;0;0;0;2743;0
2612;714;714;4;0;0;0;2029;0
3603;533;41;1;0;91;128;2677;0
3606;759;91;2;0;0;128;2677;0
3611;740;740;4;0;0;0;1937;0
3609;801;128;3;0;0;0;2677;0
4615;533;42;1;0;87;150;2555;0
4618;758;87;2;0;0;150;2555;0
4620;804;150;3;0;0;0;2555;0
4621;721;721;4;0;0;0;1834;0
5622;533;33;1;0;75;114;2299;0
5624;767;75;2;0;0;114;2299;0
5626;825;114;3;0;0;0;2299;0
5627;778;778;4;0;0;0;1521;0
6636;533;79;1;0;209;290;2943;0
6638;721;209;2;0;0;290;2943;0
6641;645;290;3;0;0;0;2943;0
6643;422;422;4;0;0;0;2521;0
7640;533;58;1;0;88;164;3211;0
7643;742;124;2;13;0;221;3459;0
7646;751;221;3;13;0;0;3459;0
7648;597;597;4;13;0;0;2862;0
8642;533;37;1;0;41;54;3168;0
8646;763;76;2;27;0;98;3424;0
8647;820;98;3;27;0;0;3424;0
8649;789;789;4;27;0;0;2635;0
9647;533;27;1;0;0;0;2635;0
9651;773;105;2;43;0;145;3342;0
9653;801;145;3;43;0;0;3342;0
9655;723;723;4;43;0;0;2619;0
10651;533;90;1;0;95;157;3320;0
10655;710;95;2;0;0;157;3320;0
10659;748;275;3;34;75;0;3753;0
10662;540;540;4;34;75;0;3213;0
11653;533;91;1;0;159;133;3849;0
11656;709;159;2;0;0;133;3849;0
11659;683;133;3;0;0;0;3849;0
11661;617;617;4;0;0;0;3232;0
12664;533;95;1;0;189;277;4541;0
12666;705;189;2;0;0;277;4541;0
12667;649;277;3;0;0;0;4541;0
12670;439;439;4;0;0;0;4102;0
13670;533;91;1;0;199;290;5443;0
13672;709;199;2;0;0;290;5443;0
13675;643;290;3;0;0;0;5443;0
13676;420;420;4;0;0;0;5023;0
14678;533;60;1;0;127;161;5851;0
14681;740;127;2;0;0;161;5851;0
14684;746;161;3;0;0;0;5851;0
14688;652;652;4;0;0;0;5199;0
15692;533;44;1;0;76;161;5806;0
15694;756;76;2;0;0;161;5806;0
15696;813;161;3;0;0;0;5806;0
15698;719;719;4;0;0;0;5087;0
16699;533;52;1;0;115;150;5770;0
16701;748;115;2;0;0;150;5770;0
16703;766;150;3;0;0;0;5770;0
16705;683;683;4;0;0;0;5087;0
17715;533;98;1;0;188;298;6503;0
17718;702;188;2;0;0;298;6503;0
17720;647;298;3;0;0;0;6503;0
17722;416;416;4;0;0;0;6087;0
18727;533;81;1;0;191;263;7276;0
18730;719;191;2;0;0;263;7276;0
18732;661;263;3;0;0;0;7276;0
18736;465;465;4;0;0;0;6811;0
19738;533;14;1;0;36;59;7082;0
19741;786;36;2;0;0;59;7082;0
19744;883;59;3;0;0;0;7082;0
19747;891;891;4;0;0;0;6191;0
20748;533;51;1;0;100;164;6876;0
20751;749;100;2;0;0;164;6876;0
20754;782;164;3;0;0;0;6876;0
20755;685;685;4;0;0;0;6191;0
21762;533;104;1;0;171;226;7348;0
21765;696;171;2;0;0;226;7348;0
21767;658;226;3;0;0;0;7348;0
21769;499;499;4;0;0;0;6849;0
22777;533;21;1;0;37;60;7143;0
22780;779;37;2;0;0;60;7143;0
22783;875;60;3;0;0;0;7143;0
22785;882;882;4;0;0;0;6261;0
23785;533;81;1;0;157;259;7367;0
23787;719;157;2;0;0;259;7367;0
23789;695;259;3;0;0;0;7367;0
23791;503;503;4;0;0;0;6864;0
24799;533;67;1;0;160;177;7784;0
24802;733;160;2;0;0;177;7784;0
24804;706;177;3;0;0;0;7784;0
24806;596;596;4;0;0;0;7188;0
25800;533;94;1;0;194;319;8581;0
25803;706;194;2;0;0;319;8581;0
25806;645;319;3;0;0;0;8581;0
25809;393;393;4;0;0;0;8188;0
26811;533;57;1;0;143;181;9049;0
26813;743;143;2;0;0;181;9049;0
26815;733;181;3;0;0;0;9049;0
26817;619;619;4;0;0;0;8430;0
27825;533;39;1;0;97;142;9097;0
27829;761;97;2;0;0;142;9097;0
27831;797;142;3;0;0;0;9097;0
27833;722;722;4;0;0;0;8375;0
28839;533;38;1;0;83;103;8943;0
28842;762;83;2;0;0;103;8943;0
28843;812;103;3;0;0;0;8943;0
28846;776;776;4;0;0;0;8167;0
29840;533;23;1;0;39;72;8518;0
29842;777;39;2;0;0;72;8518;0
29844;871;72;3;0;0;0;8518;0
29846;866;866;4;0;0;0;7652;0
30844;533;21;1;0;50;100;8007;0
30847;779;50;2;0;0;100;8007;0
30849;862;100;3;0;0;0;8007;0
30851;829;829;4;0;0;0;7178;0
31857;533;46;1;0;75;82;7654;0
31860;754;75;2;0;0;82;7654;0
31863;812;82;3;0;0;0;7654;0
31865;797;797;4;0;0;0;6857;0
32862;533;24;1;0;55;65;7195;0
32865;776;55;2;0;0;65;7195;0
32867;854;65;3;0;0;0;7195;0
32869;856;856;4;0;0;0;6339;0
33873;533;41;1;0;95;146;7013;0
33875;759;95;2;0;0;146;7013;0
33878;797;146;3;0;0;0;7013;0
33881;718;718;4;0;0;0;6295;0
34882;533;48;1;0;98;173;7025;0
34884;752;98;2;0;0;173;7025;0
34887;787;173;3;0;0;0;7025;0
34889;681;681;4;0;0;0;6344;0
35893;533;56;1;0;116;172;7197;0
35896;744;116;2;0;0;172;7197;0
35899;761;172;3;0;0;0;7197;0
35900;656;656;4;0;0;0;6541;0
36906;533;50;1;0;125;172;7413;0
36909;750;125;2;0;0;172;7413;0
36912;758;172;3;0;0;0;7413;0
36914;653;653;4;0;0;0;6760;0
37910;533;86;1;0;179;296;8076;0
37914;714;179;2;0;0;296;8076;0
37916;668;296;3;0;0;0;8076;0
37919;439;439;4;0;0;0;7637;0
38917;533;63;1;0;134;215;8558;0
38919;737;134;2;0;0;215;8558;0
38923;588;588;4;0;0;0;7970;0
38921;736;215;3;0;0;0;8558;0
39918;533;65;1;0;164;220;9134;0
39921;735;164;2;0;0;220;9134;0
39924;704;220;3;0;0;0;9134;0
39925;551;551;4;0;0;0;8583;0
40933;533;80;1;0;194;263;9856;0
40934;720;194;2;0;0;263;9856;0
40936;659;263;3;0;0;0;9856;0
40938;463;463;4;0;0;0;9393;0
41937;533;83;1;0;176;284;10642;0
41940;717;176;2;0;0;284;10642;0
41943;674;284;3;0;0;0;10642;0
41945;457;457;4;0;0;0;10185;0
42938;533;64;1;0;154;212;11170;0
42941;736;154;2;0;0;212;11170;0
42944;715;212;3;0;0;0;11170;0
42947;570;570;4;0;0;0;10600;0
43940;533;79;1;0;118;203;11544;0
43943;721;118;2;0;0;203;11544;0
43946;736;203;3;0;0;0;11544;0
43948;600;600;4;0;0;0;10944;0
44955;533;38;1;0;96;131;11591;0
44958;762;96;2;0;0;131;11591;0
44961;799;131;3;0;0;0;11591;0
44963;735;735;4;0;0;0;10856;0
45959;533;68;1;0;141;187;11747;0
45962;732;141;2;0;0;187;11747;0
45965;724;187;3;0;0;0;11747;0
45967;604;604;4;0;0;0;11143;0
46964;533;28;1;0;41;63;11438;0
46966;772;41;2;0;0;63;11438;0
46968;864;63;3;0;0;0;11438;0
46969;868;868;4;0;0;0;10570;0
47977;533;28;1;0;41;77;10895;0
47979;772;41;2;0;0;77;10895;0
47981;864;77;3;0;0;0;10895;0
47982;854;854;4;0;0;0;10041;0
48980;533;77;1;0;145;213;11097;0
48982;723;145;2;0;0;213;11097;0
48984;711;213;3;0;0;0;11097;0
48986;565;565;4;0;0;0;10532;0
49980;533;73;1;0;163;269;11678;0
49983;727;163;2;0;0;269;11678;0
49985;697;269;3;0;0;0;11678;0
49986;495;495;4;0;0;0;11183;0
50988;533;107;1;0;194;295;12587;0
50990;693;194;2;0;0;295;12587;0
50992;632;295;3;0;0;0;12587;0
50995;404;404;4;0;0;0;12183;0
51993;533;119;1;0;206;292;13566;0
51995;681;206;2;0;0;292;13566;0
51998;608;292;3;0;0;0;13566;0
52000;383;383;4;0;0;0;13183;0
53007;533;71;1;0;125;180;14017;0
53009;729;125;2;0;0;180;14017;0
53011;737;180;3;0;0;0;14017;0
53013;624;624;4;0;0;0;13393;0
54017;533;72;1;0;124;179;14256;0
54020;728;124;2;0;0;179;14256;0
54021;737;179;3;0;0;0;14256;0
54023;625;625;4;0;0;0;13631;0
55027;533;51;1;0;109;146;14325;0
55030;749;109;2;0;0;146;14325;0
55032;773;146;3;0;0;0;14325;0
55034;694;694;4;0;0;0;13631;0
56038;533;58;1;0;147;216;14523;0
56040;742;147;2;0;0;216;14523;0
56042;728;216;3;0;0;0;14523;0
56044;579;579;4;0;0;0;13944;0
57040;533;21;1;0;51;74;14310;0
57042;779;51;2;0;0;74;14310;0
57044;861;74;3;0;0;0;14310;0
57046;854;854;4;0;0;0;13456;0
58047;533;46;1;0;88;119;14056;0
58049;754;88;2;0;0;119;14056;0
58051;799;119;3;0;0;0;14056;0
58054;747;747;4;0;0;0;13309;0
59057;533;102;1;0;184;260;14585;0
59059;698;184;2;0;0;260;14585;0
59061;647;260;3;0;0;0;14585;0
59063;454;454;4;0;0;0;14131;0
60068;533;34;1;0;82;118;14718;0
60071;766;82;2;0;0;118;14718;0
60073;817;118;3;0;0;0;14718;0
60075;766;766;4;0;0;0;13952;0
61079;533;42;1;0;76;123;14558;0
61081;758;76;2;0;0;123;14558;0
61083;815;123;3;0;0;0;14558;0
61085;759;759;4;0;0;0;13799;0
62088;533;22;1;0;32;51;14113;0
62090;778;32;2;0;0;51;14113;0
62092;879;51;3;0;0;0;14113;0
62095;895;895;4;0;0;0;13218;0
63089;533;25;1;0;33;79;13540;0
63091;775;33;2;0;0;79;13540;0
63094;875;79;3;0;0;0;13540;0
63097;863;863;4;0;0;0;12677;0
64090;533;47;1;0;88;151;13424;0
64093;753;88;2;0;0;151;13424;0
64095;798;151;3;0;0;0;13424;0
64097;714;714;4;0;0;0;12710;0
65099;533;78;1;0;172;265;13874;0
65101;722;172;2;0;0;265;13874;0
65103;683;265;3;0;0;0;13874;0
65105;485;485;4;0;0;0;13389;0
66107;533;33;1;0;50;63;13705;0
66109;767;50;2;0;0;63;13705;0
66111;850;63;3;0;0;0;13705;0
66113;854;854;4;0;0;0;12851;0
67115;533;30;1;0;78;136;13444;0
67117;770;78;2;0;0;136;13444;0
67121;756;756;4;0;0;0;12688;0
67119;825;136;3;0;0;0;13444;0
68124;533;48;1;0;98;144;13316;0
68126;752;98;2;0;0;144;13316;0
68128;787;144;3;0;0;0;13316;0
68130;710;710;4;0;0;0;12606;0
69125;533;96;1;0;202;279;14029;0
69128;704;202;2;0;0;279;14029;0
69131;635;279;3;0;0;0;14029;0
69132;423;423;4;0;0;0;13606;0
70137;533;106;1;0;215;319;14966;0
70139;694;215;2;0;0;319;14966;0
70141;612;319;3;0;0;0;14966;0
70144;360;360;4;0;0;0;14606;0
71140;533;59;1;0;156;205;15614;0
71144;741;156;2;0;0;205;15614;0
71145;718;205;3;0;0;0;15614;0
71147;580;580;4;0;0;0;15034;0
72143;533;36;1;0;77;139;15336;309
72145;764;77;2;0;0;139;15336;309
72148;820;139;3;0;0;0;15336;309
72149;748;748;4;0;0;0;14588;309
73145;533;47;1;0;112;149;15139;527
73147;753;112;2;0;0;149;15139;527
73149;774;149;3;0;0;0;15139;527
73151;692;692;4;0;0;0;14447;527
74154;533;113;1;0;183;307;15673;698
74156;687;183;2;0;0;307;15673;698
74159;637;307;3;0;0;0;15673;698
74160;397;397;4;0;0;0;15276;698
75160;533;41;1;0;84;105;15350;1210
75162;759;84;2;0;0;105;15350;1210
75164;808;105;3;0;0;0;15350;1210
75165;770;770;4;0;0;0;14580;1210
76164;533;76;1;0;140;233;15578;1210
76166;724;140;2;0;0;233;15578;1210
76168;717;233;3;0;0;0;15578;1210
76169;551;551;4;0;0;0;15027;1210
77176;533;45;1;0;67;92;15589;1210
77178;755;67;2;0;0;92;15589;1210
77180;821;92;3;0;0;0;15589;1210
77181;796;796;4;0;0;0;14793;1210
78178;533;43;1;0;57;98;15199;1210
78180;757;57;2;0;0;98;15199;1210
78182;833;98;3;0;0;0;15199;1210
78184;802;802;4;0;0;0;14397;1210
79191;533;39;1;0;79;133;14944;1210
79194;761;79;2;0;0;133;14944;1210
79197;815;133;3;0;0;0;14944;1210
79198;749;749;4;0;0;0;14195;1210
80201;533;78;1;0;135;206;15254;1210
80204;722;135;2;0;0;206;15254;1210
80206;720;206;3;0;0;0;15254;1210
80208;581;581;4;0;0;0;14673;1210
81216;533;91;1;0;198;299;16085;1210
81219;709;198;2;0;0;299;16085;1210
81222;644;299;3;0;0;0;16085;1210
81225;412;412;4;0;0;0;15673;1210
82222;533;100;1;0;188;294;17091;1210
82225;700;188;2;0;0;294;17091;1210
82227;645;294;3;0;0;0;17091;1210
82229;418;418;4;0;0;0;16673;1210
83235;533;64;1;0;109;146;17476;1210
83238;736;109;2;0;0;146;17476;1210
83240;760;146;3;0;0;0;17476;1210
83242;681;681;4;0;0;0;16795;1210
84246;533;68;1;0;112;204;17671;1210
84249;732;112;2;0;0;204;17671;1210
84250;753;204;3;0;0;0;17671;1210
84252;616;616;4;0;0;0;17055;1210
85251;533;39;1;0;96;135;17324;1493
85254;761;96;2;0;0;135;17324;1493
85257;798;135;3;0;0;0;17324;1493
85260;730;730;4;0;0;0;16594;1493
86258;533;29;1;0;48;93;16989;1493
86261;771;48;2;0;0;93;16989;1493
86262;856;93;3;0;0;0;16989;1493
86264;830;830;4;0;0;0;16159;1493
87262;533;53;1;0;81;140;16838;1493
87265;747;81;2;0;0;140;16838;1493
87267;799;140;3;0;0;0;16838;1493
87269;726;726;4;0;0;0;16112;1493
88271;533;29;1;0;54;92;16568;1493
88273;771;54;2;0;0;92;16568;1493
88276;850;92;3;0;0;0;16568;1493
88277;825;825;4;0;0;0;15743;1493
89278;533;63;1;0;141;241;16119;2078
89281;737;141;2;0;0;241;16119;2078
89283;729;241;3;0;0;0;16119;2078
89286;555;555;4;0;0;0;15564;2078
90288;533;79;1;0;184;242;16249;2603
90291;721;184;2;0;0;242;16249;2603
90294;670;242;3;0;0;0;16249;2603
90296;495;495;4;0;0;0;15754;2603
91297;533;29;1;0;76;93;16160;2660
91300;771;76;2;0;0;93;16160;2660
91302;828;93;3;0;0;0;16160;2660
91304;802;802;4;0;0;0;15358;2660
92298;533;39;1;0;71;119;15812;2660
92299;761;71;2;0;0;119;15812;2660
92301;823;119;3;0;0;0;15812;2660
92303;771;771;4;0;0;0;15041;2660
93301;533;86;1;0;171;283;16199;2660
93304;714;171;2;0;0;283;16199;2660
93306;676;283;3;0;0;0;16199;2660
93308;460;460;4;0;0;0;15739;2660
94313;533;26;1;0;44;84;15618;3168
94314;774;44;2;0;0;84;15618;3168
94316;863;84;3;0;0;0;15618;3168
94318;846;846;4;0;0;0;14772;3168
95318;533;84;1;0;152;199;15649;3168
95322;716;152;2;0;0;199;15649;3168
95324;697;199;3;0;0;0;15649;3168
95327;565;565;4;0;0;0;15084;3168
96326;533;40;1;0;77;121;15404;3357
96329;760;77;2;0;0;121;15404;3357
96331;816;121;3;0;0;0;15404;3357
96333;762;762;4;0;0;0;14642;3357
97330;533;89;1;0;199;281;16013;3377
97333;711;199;2;0;0;281;16013;3377
97335;645;281;3;0;0;0;16013;3377
97338;431;431;4;0;0;0;15582;3377
98337;533;86;1;0;194;265;16933;3377
98339;714;194;2;0;0;265;16933;3377
98342;653;265;3;0;0;0;16933;3377
98344;455;455;4;0;0;0;16478;3377
99347;533;100;1;0;198;287;17744;3444
99351;700;198;2;0;0;287;17744;3444
99354;635;287;3;0;0;0;17744;3444
99356;415;415;4;0;0;0;17329;3444
100359;533;39;1;0;86;124;17843;3444
100361;761;86;2;0;0;124;17843;3444
100363;808;124;3;0;0;0;17843;3444
100365;751;751;4;0;0;0;17092;3444
101372;533;29;1;0;40;72;15530;5376
101375;771;40;2;0;0;72;15530;5376
101378;864;72;3;0;0;0;15530;5376
101379;859;859;4;0;0;0;14671;5376
102377;533;115;1;0;165;265;15896;5376
102380;685;165;2;0;0;265;15896;5376
102381;653;265;3;0;0;0;15896;5376
102383;455;455;4;0;0;0;15441;5376
103380;533;95;1;0;210;292;16844;5376
103383;705;210;2;0;0;292;16844;5376
103386;628;292;3;0;0;0;16844;5376
103388;403;403;4;0;0;0;16441;5376
104393;533;17;1;0;63;79;16480;5761
104396;783;63;2;0;0;79;16480;5761
104397;853;79;3;0;0;0;16480;5761
104400;841;841;4;0;0;0;15639;5761
105399;533;44;1;0;87;148;16190;5840
105400;756;87;2;0;0;148;16190;5840
105402;802;148;3;0;0;0;16190;5840
105404;721;721;4;0;0;0;15469;5840
106404;533;83;1;0;175;226;16617;5840
106406;717;175;2;0;0;226;16617;5840
106408;675;226;3;0;0;0;16617;5840
106410;516;516;4;0;0;0;16101;5840
107418;533;89;1;0;137;235;17182;5840
107422;707;235;3;0;0;0;17182;5840
107421;711;137;2;0;0;235;17182;5840
107424;539;539;4;0;0;0;16643;5840
108428;533;50;1;0;109;144;17324;5840
108433;774;144;3;0;0;0;17324;5840
108431;750;109;2;0;0;144;17324;5840
108435;697;697;4;0;0;0;16627;5840
109429;533;106;1;0;176;262;17851;5858
109432;694;176;2;0;0;262;17851;5858
109435;651;262;3;0;0;0;17851;5858
109438;456;456;4;0;0;0;17395;5858
110432;533;81;1;0;173;271;17821;6612
110434;719;173;2;0;0;271;17821;6612
110437;679;271;3;0;0;0;17821;6612
110439;475;475;4;0;0;0;17346;6612
111440;533;91;1;0;179;230;18419;6612
111442;709;179;2;0;0;230;18419;6612
111443;663;230;3;0;0;0;18419;6612
111445;500;500;4;0;0;0;17919;6612
112445;533;35;1;0;78;105;18441;6612
112447;765;78;2;0;0;105;18441;6612
112449;820;105;3;0;0;0;18441;6612
112451;782;782;4;0;0;0;17659;6612
113455;533;110;1;0;196;310;18995;6660
113458;690;196;2;0;0;310;18995;6660
113462;627;310;3;0;0;0;18995;6660
113464;384;384;4;0;0;0;18611;6660
114470;533;43;1;0;77;144;19246;6660
114471;757;77;2;0;0;144;19246;6660
114473;813;144;3;0;0;0;19246;6660
114474;736;736;4;0;0;0;18510;6660
115477;533;98;1;0;207;286;19794;6660
115479;702;207;2;0;0;286;19794;6660
115481;628;286;3;0;0;0;19794;6660
115483;409;409;4;0;0;0;19385;6660
116484;533;46;1;0;62;107;19370;7174
116486;754;62;2;0;0;107;19370;7174
116487;825;107;3;0;0;0;19370;7174
116489;785;785;4;0;0;0;18585;7174
117496;533;57;1;0;100;152;18916;7534
117499;743;131;2;8;0;184;19062;7534
117501;745;184;3;8;0;0;19062;7534
117503;628;628;4;8;0;0;18434;7534
118511;533;65;1;0;83;116;18457;8161
118515;735;185;2;47;0;245;19166;8161
118517;683;245;3;47;0;0;19166;8161
118519;505;505;4;47;0;0;18661;8161
119513;533;75;1;0;33;38;18130;8920
119517;725;33;2;0;0;38;18130;8920
119520;825;38;3;0;0;0;18130;8920
119522;854;854;4;0;0;0;17276;8920
120513;533;52;1;0;102;138;17982;8920
120516;748;102;2;0;0;138;17982;8920
120517;779;138;3;0;0;0;17982;8920
120520;708;708;4;0;0;0;17274;8920
121521;533;47;1;0;105;138;17984;8920
121524;753;105;2;0;0;138;17984;8920
121527;781;138;3;0;0;0;17984;8920
121529;710;710;4;0;0;0;17274;8920
122534;533;67;1;0;143;193;18204;8920
122537;733;143;2;0;0;193;18204;8920
122541;723;266;3;19;60;0;18593;8920
122543;524;524;4;19;60;0;18069;8920
123534;533;45;1;0;105;75;17194;10123
123536;755;105;2;0;0;75;17194;10123
123538;783;75;3;0;0;0;17194;10123
123540;775;775;4;0;0;0;16419;10123
124539;533;60;1;0;154;181;17298;10123
124541;740;154;2;0;0;181;17298;10123
124543;719;181;3;0;0;0;17298;10123
124545;605;605;4;0;0;0;16693;10123
125552;533;61;1;0;176;237;17807;10123
125554;739;176;2;0;0;237;17807;10123
125556;696;237;3;0;0;0;17807;10123
125559;526;526;4;0;0;0;17281;10123
126553;533;79;1;0;172;233;18382;10123
126555;721;172;2;0;0;233;18382;10123
126558;682;233;3;0;0;0;18382;10123
126559;516;516;4;0;0;0;17866;10123
127566;533;55;1;0;102;154;18068;10558
127569;745;102;2;0;0;154;18068;10558
127574;689;689;4;0;0;0;17379;10558
127571;776;154;3;0;0;0;18068;10558
128566;533;59;1;0;92;156;18052;10558
128571;741;92;2;0;0;156;18052;10558
128572;782;156;3;0;0;0;18052;10558
128574;693;693;4;0;0;0;17359;10558
129573;533;47;1;0;85;125;17583;10917
129576;753;85;2;0;0;125;17583;10917
129577;801;125;3;0;0;0;17583;10917
129579;743;743;4;0;0;0;16840;10917
130587;533;35;1;0;86;114;16891;11384
130590;765;86;2;0;0;114;16891;11384
130592;812;114;3;0;0;0;16891;11384
130594;765;765;4;0;0;0;16126;11384
131600;533;79;1;0;134;222;16286;12194
131603;721;134;2;0;0;222;16286;12194
131605;720;222;3;0;0;0;16286;12194
131606;565;565;4;0;0;0;15721;12194
132614;533;69;1;0;165;213;16730;12194
132617;731;165;2;0;0;213;16730;12194
132618;699;213;3;0;0;0;16730;12194
132620;553;553;4;0;0;0;16177;12194
133617;533;44;1;0;87;137;16149;12845
133619;756;87;2;0;0;137;16149;12845
133621;802;137;3;0;0;0;16149;12845
133623;732;732;4;0;0;0;15417;12845
134621;533;70;1;0;164;215;16386;12885
134623;730;164;2;0;0;215;16386;12885
134625;699;215;3;0;0;0;16386;12885
134627;551;551;4;0;0;0;15835;12885
135630;533;84;1;0;167;263;16374;13618
135633;716;167;2;0;0;263;16374;13618
135636;682;263;3;0;0;0;16374;13618
135638;486;486;4;0;0;0;15888;13618
136631;533;64;1;0;160;229;16862;13631
136633;736;160;2;0;0;229;16862;13631
136634;709;229;3;0;0;0;16862;13631
136636;547;547;4;0;0;0;16315;13631
137636;533;29;1;0;51;71;16605;13696
137639;771;51;2;0;0;71;16605;13696
137640;853;71;3;0;0;0;16605;13696
137642;849;849;4;0;0;0;15756;13696
138641;533;76;1;0;159;204;16823;13722
138645;724;159;2;0;0;204;16823;13722
138647;698;204;3;0;0;0;16823;13722
138649;561;561;4;0;0;0;16262;13722
139653;533;16;1;0;47;85;16290;14098
139656;784;47;2;0;0;85;16290;14098
139658;870;85;3;0;0;0;16290;14098
139660;852;852;4;0;0;0;15438;14098
140666;533;70;1;0;169;216;16422;14098
140669;730;169;2;0;0;216;16422;14098
140672;694;216;3;0;0;0;16422;14098
140674;545;545;4;0;0;0;15877;14098
141679;533;62;1;0;147;221;16589;14416
141682;738;147;2;0;0;221;16589;14416
141683;724;221;3;0;0;0;16589;14416
141685;570;570;4;0;0;0;16019;14416
142686;533;66;1;0;134;203;16916;14477
142688;734;134;2;0;0;203;16916;14477
142690;733;203;3;0;0;0;16916;14477
142691;597;597;4;0;0;0;16319;14477
143699;533;58;1;0;121;189;17080;14597
143701;742;121;2;0;0;189;17080;14597
143703;754;189;3;0;0;0;17080;14597
143705;632;632;4;0;0;0;16448;14597
144713;533;116;1;0;177;303;17605;14844
144715;684;177;2;0;0;303;17605;14844
144717;640;303;3;0;0;0;17605;14844
144719;404;404;4;0;0;0;17201;14844
145722;533;77;1;0;135;201;17540;15554
145725;723;135;2;0;0;201;17540;15554
145728;721;201;3;0;0;0;17540;15554
145730;587;587;4;0;0;0;16953;15554
146733;533;84;1;0;186;224;17655;16068
146736;716;186;2;0;0;224;17655;16068
146739;663;224;3;0;0;0;17655;16068
146741;506;506;4;0;0;0;17149;16068
147749;533;38;1;0;67;96;17521;16199
147752;762;67;2;0;0;96;17521;16199
147755;828;96;3;0;0;0;17521;16199
147756;799;799;4;0;0;0;16722;16199
148756;533;90;1;0;182;258;17973;16199
148758;710;182;2;0;0;258;17973;16199
148759;661;258;3;0;0;0;17973;16199
148761;470;470;4;0;0;0;17503;16199
149768;533;108;1;0;175;342;18878;16199
149771;692;175;2;0;0;342;18878;16199
149773;650;342;3;0;0;0;18878;16199
149775;375;375;4;0;0;0;18503;16199
150771;533;79;1;0;124;216;19427;16199
150772;721;124;2;0;0;216;19427;16199
150774;730;216;3;0;0;0;19427;16199
150775;581;581;4;0;0;0;18846;16199
151779;533;114;1;0;184;338;19691;16718
151782;686;184;2;0;0;338;19691;16718
151785;635;338;3;0;0;0;19691;16718
151788;364;364;4;0;0;0;19327;16718
152794;533;101;1;0;198;295;20088;17363
152797;699;198;2;0;0;295;20088;17363
152800;634;295;3;0;0;0;20088;17363
152803;406;406;4;0;0;0;19682;17363
153800;533;82;1;0;151;257;20628;17580
153803;718;151;2;0;0;257;20628;17580
153806;700;257;3;0;0;0;20628;17580
153808;510;510;4;0;0;0;20118;17580
154802;533;59;1;0;112;165;20420;18132
154804;741;112;2;0;0;165;20420;18132
154807;762;165;3;0;0;0;20420;18132
154808;664;664;4;0;0;0;19756;18132
155816;533;76;1;0;159;272;20419;18687
155818;724;159;2;0;0;272;20419;18687
155821;698;272;3;0;0;0;20419;18687
155824;493;493;4;0;0;0;19926;18687
156827;533;83;1;0;149;275;20530;19181
156828;717;149;2;0;0;275;20530;19181
156830;701;275;3;0;0;0;20530;19181
156832;493;493;4;0;0;0;20037;19181
157840;533;91;1;0;205;308;21433;19181
157843;709;205;2;0;0;308;21433;19181
157845;637;308;3;0;0;0;21433;19181
157847;396;396;4;0;0;0;21037;19181
158841;533;99;1;0;217;302;22419;19181
158844;701;217;2;0;0;302;22419;19181
158846;617;302;3;0;0;0;22419;19181
158848;382;382;4;0;0;0;22037;19181
159846;533;108;1;0;196;288;22815;19762
159848;692;196;2;0;0;288;22815;19762
159850;629;288;3;0;0;0;22815;19762
159852;408;408;4;0;0;0;22407;19762
160851;533;34;1;0;91;133;22379;20338
160853;766;91;2;0;0;133;22379;20338
160856;808;133;3;0;0;0;22379;20338
160859;742;742;4;0;0;0;21637;20338
161852;533;29;1;0;77;109;21953;20626
161854;771;77;2;0;0;109;21953;20626
161856;827;109;3;0;0;0;21953;20626
161857;785;785;4;0;0;0;21168;20626
162855;533;95;1;0;195;302;22403;20799
162858;705;195;2;0;0;302;22403;20799
162860;643;302;3;0;0;0;22403;20799
162862;408;408;4;0;0;0;21995;20799
163869;533;86;1;0;192;299;22945;21272
163872;714;192;2;0;0;299;22945;21272
163874;655;299;3;0;0;0;22945;21272
163876;423;423;4;0;0;0;22522;21272
164880;533;96;1;0;189;311;23523;21675
164883;704;189;2;0;0;311;23523;21675
164885;648;311;3;0;0;0;23523;21675
164888;404;404;4;0;0;0;23119;21675
165886;533;99;1;0;194;320;23283;22898
165888;701;194;2;0;0;320;23283;22898
165891;640;320;3;0;0;0;23283;22898
165893;387;387;4;0;0;0;22896;22898
166893;533;102;1;0;213;296;24172;23011
166896;698;213;2;0;0;296;24172;23011
166898;618;296;3;0;0;0;24172;23011
166900;389;389;4;0;0;0;23783;23011
167900;533;56;1;0;73;128;23565;23841
167902;744;73;2;0;0;128;23565;23841
167904;804;128;3;0;0;0;23565;23841
167906;743;743;4;0;0;0;22822;23841
168905;533;24;1;0;68;82;23200;23841
168907;776;68;2;0;0;82;23200;23841
168910;841;82;3;0;0;0;23200;23841
168913;826;826;4;0;0;0;22374;23841
169921;533;95;1;0;150;276;22411;25046
169925;705;150;2;0;0;276;22411;25046
169928;688;276;3;0;0;0;22411;25046
169929;479;479;4;0;0;0;21932;25046
170933;533;49;1;0;101;144;22315;25343
170936;751;101;2;0;0;144;22315;25343
170938;783;144;3;0;0;0;22315;25343
170940;706;706;4;0;0;0;21609;25343
171937;533;98;1;0;188;293;21217;27156
171939;702;188;2;0;0;293;21217;27156
171942;647;293;3;0;0;0;21217;27156
171944;421;421;4;0;0;0;20796;27156
172951;533;92;1;0;176;292;21971;27383
172955;708;176;2;0;0;292;21971;27383
172958;665;292;3;0;0;0;21971;27383
172960;440;440;4;0;0;0;21531;27383
173959;533;33;1;0;95;94;21785;27709
173961;767;95;2;0;0;94;21785;27709
173963;805;94;3;0;0;0;21785;27709
173966;778;778;4;0;0;0;21007;27709
174966;533;40;1;0;61;123;21514;27785
174967;760;61;2;0;0;123;21514;27785
174970;832;123;3;0;0;0;21514;27785
174971;776;776;4;0;0;0;20738;27785
175969;533;48;1;0;110;132;20936;28227
175971;752;110;2;0;0;132;20936;28227
175972;775;132;3;0;0;0;20936;28227
175974;710;710;4;0;0;0;20226;28227
176980;533;86;1;0;146;256;21351;28227
176982;714;146;2;0;0;256;21351;28227
176984;701;256;3;0;0;0;21351;28227
176986;512;512;4;0;0;0;20839;28227
177991;533;76;1;0;201;259;21176;29110
177993;724;201;2;0;0;259;21176;29110
177995;656;259;3;0;0;0;21176;29110
177997;464;464;4;0;0;0;20712;29110
179004;533;69;1;0;174;271;20596;30343
179006;731;174;2;0;0;271;20596;30343
179009;690;271;3;0;0;0;20596;30343
179012;486;486;4;0;0;0;20110;30343
180008;533;55;1;0;115;140;20303;30921
180011;745;115;2;0;0;140;20303;30921
180013;763;140;3;0;0;0;20303;30921
180015;690;690;4;0;0;0;19613;30921
181022;533;96;1;0;194;286;20742;31148
181025;704;194;2;0;0;286;20742;31148
181028;643;286;3;0;0;0;20742;31148
181030;424;424;4;0;0;0;20318;31148
182027;533;59;1;0;134;163;21071;31328
182029;741;134;2;0;0;163;21071;31328
182031;740;163;3;0;0;0;21071;31328
182033;644;644;4;0;0;0;20427;31328
183031;533;62;1;0;149;231;19266;33424
183034;738;149;2;0;0;231;19266;33424
183037;722;231;3;0;0;0;19266;33424
183038;558;558;4;0;0;0;18708;33424
184033;533;91;1;0;190;284;19215;34158
184035;709;190;2;0;0;284;19215;34158
184040;435;435;4;0;0;0;18780;34158
184038;652;284;3;0;0;0;19215;34158
185047;533;91;1;0;196;304;20118;34158
185049;709;196;2;0;0;304;20118;34158
185051;646;304;3;0;0;0;20118;34158
185053;409;409;4;0;0;0;19709;34158
186056;533;43;1;0;105;156;19473;35090
186058;757;105;2;0;0;156;19473;35090
186060;785;156;3;0;0;0;19473;35090
186062;696;696;4;0;0;0;18777;35090
187061;533;34;1;0;86;117;19113;35403
187064;766;86;2;0;0;117;19113;35403
187066;813;117;3;0;0;0;19113;35403
187068;763;763;4;0;0;0;18350;35403
188061;533;31;1;0;78;92;18845;35446
188063;769;78;2;0;0;92;18845;35446
188066;824;92;3;0;0;0;18845;35446
188068;799;799;4;0;0;0;18046;35446
189071;533;85;1;0;148;254;19141;35446
189073;715;148;2;0;0;254;19141;35446
189074;700;254;3;0;0;0;19141;35446
189076;513;513;4;0;0;0;18628;35446
190081;533;28;1;0;58;77;18700;35733
190082;772;58;2;0;0;77;18700;35733
190084;847;77;3;0;0;0;18700;35733
190087;837;837;4;0;0;0;17863;35733
191084;533;40;1;0;75;101;18339;35733
191087;760;75;2;0;0;101;18339;35733
191090;818;101;3;0;0;0;18339;35733
191097;784;784;4;0;0;0;17555;35733
192086;533;66;1;0;86;139;18171;35826
192090;734;128;2;35;0;227;18619;35826
192091;739;227;3;35;0;0;18619;35826
192094;579;579;4;35;0;0;18040;35826
193091;533;71;1;0;54;92;17238;37057
193095;729;155;2;49;0;220;17888;37057
193097;707;220;3;49;0;0;17888;37057
193100;554;554;4;49;0;0;17334;37057
194093;533;87;1;0;89;113;17904;37057
194095;713;89;2;0;0;113;17904;37057
194097;757;113;3;0;0;0;17904;37057
194099;711;711;4;0;0;0;17193;37057
195107;533;61;1;0;139;215;18112;37057
195110;739;139;2;0;0;215;18112;37057
195112;733;215;3;0;0;0;18112;37057
195114;585;585;4;0;0;0;17527;37057
196113;533;37;1;0;93;135;18161;37057
196116;763;93;2;0;0;135;18161;37057
196119;803;135;3;0;0;0;18161;37057
196122;735;735;4;0;0;0;17426;37057
197128;533;83;1;0;177;280;18666;37057
197131;717;177;2;0;0;280;18666;37057
197134;673;280;3;0;0;0;18666;37057
197136;460;460;4;0;0;0;18206;37057
198137;533;54;1;0;164;224;18203;38068
198141;746;164;2;0;0;224;18203;38068
198143;715;224;3;0;0;0;18203;38068
198145;558;558;4;0;0;0;17645;38068
199151;533;115;1;0;202;299;19029;38068
199154;685;202;2;0;0;299;19029;38068
199157;616;330;3;13;15;0;19199;38068
199160;353;353;4;13;15;0;18846;38068
200167;533;36;1;0;90;84;18890;38425
200169;764;90;2;0;0;84;18890;38425
200173;807;236;3;49;103;0;19586;38425
200175;638;638;4;49;103;0;18948;38425
201174;533;76;1;0;165;74;17887;39855
201176;724;165;2;0;0;74;17887;39855
201179;692;74;3;0;0;0;17887;39855
201181;685;685;4;0;0;0;17202;39855
202184;533;82;1;0;173;245;18112;40103
202187;718;173;2;0;0;245;18112;40103
202190;678;245;3;0;0;0;18112;40103
202192;500;500;4;0;0;0;17612;40103
203191;533;107;1;0;223;317;18530;40538
203194;693;223;2;0;0;317;18530;40538
203197;603;317;3;0;0;0;18530;40538
203199;353;353;4;0;0;0;18177;40538
204196;533;62;1;0;166;212;18438;41229
204199;738;166;2;0;0;212;18438;41229
204202;705;212;3;0;0;0;18438;41229
204204;560;560;4;0;0;0;17878;41229
205205;533;94;1;0;201;278;18541;41951
205207;706;201;2;0;0;278;18541;41951
205209;638;278;3;0;0;0;18541;41951
205210;427;427;4;0;0;0;18114;41951
206209;533;91;1;0;180;294;19425;41951
206212;709;180;2;0;0;294;19425;41951
206214;662;294;3;0;0;0;19425;41951
206216;435;435;4;0;0;0;18990;41951
207214;533;62;1;0;93;136;19335;42218
207216;738;93;2;0;0;136;19335;42218
207218;778;136;3;0;0;0;19335;42218
207221;709;709;4;0;0;0;18626;42218
208214;533;47;1;0;71;114;18853;42516
208217;753;71;2;0;0;114;18853;42516
208219;815;114;3;0;0;0;18853;42516
208221;768;768;4;0;0;0;18085;42516
209215;533;35;1;0;69;102;18604;42516
209218;765;69;2;0;0;102;18604;42516
209221;829;102;3;0;0;0;18604;42516
209223;794;794;4;0;0;0;17810;42516
210215;533;20;1;0;44;78;18184;42516
210217;780;44;2;0;0;78;18184;42516
210220;869;78;3;0;0;0;18184;42516
210223;858;858;4;0;0;0;17326;42516
211229;533;79;1;0;201;320;18726;42516
211232;721;201;2;0;0;320;18726;42516
211234;653;320;3;0;0;0;18726;42516
211237;400;400;4;0;0;0;18326;42516
212246;533;62;1;0;160;244;19106;42783
212248;738;160;2;0;0;244;19106;42783
212251;711;244;3;0;0;0;19106;42783
212254;534;534;4;0;0;0;18572;42783
213251;533;27;1;0;58;92;18958;42783
213254;773;58;2;0;0;92;18958;42783
213257;848;92;3;0;0;0;18958;42783
213258;823;823;4;0;0;0;18135;42783
214261;533;46;1;0;99;146;18552;43075
214264;754;99;2;0;0;146;18552;43075
214266;788;146;3;0;0;0;18552;43075
214268;709;709;4;0;0;0;17843;43075
215276;533;73;1;0;130;176;18546;43285
215279;727;130;2;0;0;176;18546;43285
215281;730;176;3;0;0;0;18546;43285
215283;621;621;4;0;0;0;17925;43285
216291;533;125;1;0;202;263;19284;43298
216294;675;202;2;0;0;263;19284;43298
216297;606;263;3;0;0;0;19284;43298
216299;410;410;4;0;0;0;18874;43298
217294;533;54;1;0;100;146;18776;44132
217297;746;100;2;0;0;146;18776;44132
217300;779;146;3;0;0;0;18776;44132
217303;700;700;4;0;0;0;18076;44132
218304;533;54;1;0;60;121;17899;44922
218307;746;60;2;0;0;121;17899;44922
218309;819;121;3;0;0;0;17899;44922
218311;765;765;4;0;0;0;17134;44922
219315;533;39;1;0;87;142;17481;45225
219317;761;87;2;0;0;142;17481;45225
219319;807;142;3;0;0;0;17481;45225
219321;732;732;4;0;0;0;16749;45225
220318;533;22;1;0;59;60;17061;45225
220320;778;59;2;0;0;60;17061;45225
220322;852;60;3;0;0;0;17061;45225
220324;859;859;4;0;0;0;16202;45225
221319;533;68;1;0;127;214;17041;45225
221321;732;127;2;0;0;214;17041;45225
221323;738;214;3;0;0;0;17041;45225
221325;591;591;4;0;0;0;16450;45225
222333;533;66;1;0;132;180;16908;45667
222335;734;132;2;0;0;180;16908;45667
222338;735;180;3;0;0;0;16908;45667
222340;622;622;4;0;0;0;16286;45667
223345;533;33;1;0;67;90;15482;46858
223347;767;67;2;0;0;90;15482;46858
223350;833;90;3;0;0;0;15482;46858
223351;810;810;4;0;0;0;14672;46858
224355;533;69;1;0;126;211;15673;46858
224358;731;126;2;0;0;211;15673;46858
224360;738;211;3;0;0;0;15673;46858
224363;594;594;4;0;0;0;15079;46858
225355;533;98;1;0;197;309;15522;47713
225358;702;197;2;0;0;309;15522;47713
225361;638;309;3;0;0;0;15522;47713
225363;396;396;4;0;0;0;15126;47713
226362;533;97;1;0;162;225;15700;48246
226364;703;162;2;0;0;225;15700;48246
226366;674;225;3;0;0;0;15700;48246
226368;516;516;4;0;0;0;15184;48246
227364;533;59;1;0;112;152;15812;48342
227367;741;112;2;0;0;152;15812;48342
227369;762;152;3;0;0;0;15812;48342
227371;677;677;4;0;0;0;15135;48342
228371;533;67;1;0;171;248;16212;48342
228374;733;171;2;0;0;248;16212;48342
228377;695;248;3;0;0;0;16212;48342
228380;514;514;4;0;0;0;15698;48342
229387;533;66;1;0;151;232;16737;48342
229390;734;151;2;0;0;232;16737;48342
229393;716;232;3;0;0;0;16737;48342
229394;551;551;4;0;0;0;16186;48342
230390;533;48;1;0;99;184;16922;48342
230392;752;99;2;0;0;184;16922;48342
230394;786;184;3;0;0;0;16922;48342
230396;669;669;4;0;0;0;16253;48342
231393;533;13;1;0;30;56;15608;49205
231395;787;30;2;0;0;56;15608;49205
231397;890;56;3;0;0;0;15608;49205
231399;901;901;4;0;0;0;14707;49205
232406;533;81;1;0;168;258;15875;49205
232408;719;168;2;0;0;258;15875;49205
232411;684;258;3;0;0;0;15875;49205
232412;493;493;4;0;0;0;15382;49205
233416;533;124;1;0;193;294;16759;49205
233418;676;193;2;0;0;294;16759;49205
233420;616;294;3;0;0;0;16759;49205
233422;389;389;4;0;0;0;16370;49205
234424;533;98;1;0;188;281;17803;49205
234428;702;188;2;0;0;281;17803;49205
234433;433;433;4;0;0;0;17370;49205
234431;647;281;3;0;0;0;17803;49205
235430;533;93;1;0;194;263;18275;49588
235432;707;194;2;0;0;263;18275;49588
235433;646;263;3;0;0;0;18275;49588
235435;450;450;4;0;0;0;17825;49588
236434;533;19;1;0;33;44;17104;50592
236436;781;33;2;0;0;44;17104;50592
236437;881;44;3;0;0;0;17104;50592
236438;904;904;4;0;0;0;16200;50592
237435;533;67;1;0;130;180;17043;50592
237438;733;130;2;0;0;180;17043;50592
237440;736;180;3;0;0;0;17043;50592
237442;623;623;4;0;0;0;16420;50592
238449;533;84;1;0;150;222;17486;50592
238452;716;150;2;0;0;222;17486;50592
238454;699;222;3;0;0;0;17486;50592
238455;544;544;4;0;0;0;16942;50592
239456;533;87;1;0;149;224;17995;50592
239460;713;149;2;0;0;224;17995;50592
239462;697;224;3;0;0;0;17995;50592
239464;540;540;4;0;0;0;17455;50592
240460;533;77;1;0;142;218;18542;50592
240464;723;142;2;0;0;218;18542;50592
240467;714;218;3;0;0;0;18542;50592
240469;563;563;4;0;0;0;17979;50592
241475;533;72;1;0;139;218;19047;50592
241478;728;139;2;0;0;218;19047;50592
241480;722;218;3;0;0;0;19047;50592
241483;571;571;4;0;0;0;18476;50592
242484;533;54;1;0;89;165;18945;50815
242487;746;89;2;0;0;165;18945;50815
242488;790;165;3;0;0;0;18945;50815
242489;692;692;4;0;0;0;18253;50815
243492;533;42;1;0;82;133;18856;50815
243495;758;82;2;0;0;133;18856;50815
243497;809;133;3;0;0;0;18856;50815
243499;743;743;4;0;0;0;18113;50815
244494;533;39;1;0;59;120;18677;50815
244497;761;59;2;0;0;120;18677;50815
244499;835;120;3;0;0;0;18677;50815
244501;782;782;4;0;0;0;17895;50815
245507;533;67;1;0;156;216;18940;50815
245510;733;156;2;0;0;216;18940;50815
245512;710;216;3;0;0;0;18940;50815
245515;561;561;4;0;0;0;18379;50815
246519;533;61;1;0;96;155;18477;51313
246523;739;96;2;0;0;155;18477;51313
246525;776;155;3;0;0;0;18477;51313
246526;688;688;4;0;0;0;17789;51313
247521;533;102;1;0;201;289;18570;51866
247525;698;201;2;0;0;289;18570;51866
247527;630;289;3;0;0;0;18570;51866
247530;408;408;4;0;0;0;18162;51866
248523;533;42;1;0;86;150;18640;51996
248526;758;86;2;0;0;150;18640;51996
248528;805;150;3;0;0;0;18640;51996
248529;722;722;4;0;0;0;17918;51996
249529;533;86;1;0;154;240;18711;52252
249531;714;154;2;0;0;240;18711;52252
249533;693;240;3;0;0;0;18711;52252
249536;520;520;4;0;0;0;18191;52252
250536;533;104;1;0;198;289;19224;52628
250539;696;198;2;0;0;289;19224;52628
250542;631;289;3;0;0;0;19224;52628
250544;409;409;4;0;0;0;18815;52628
251538;533;104;1;0;198;299;19965;52877
251542;696;198;2;0;0;299;19965;52877
251545;631;299;3;0;0;0;19965;52877
251548;399;399;4;0;0;0;19566;52877
252542;533;61;1;0;149;180;20332;53014
252545;739;149;2;0;0;180;20332;53014
252548;723;180;3;0;0;0;20332;53014
252550;610;610;4;0;0;0;19722;53014
253543;533;35;1;0;83;133;18985;54287
253545;765;83;2;0;0;133;18985;54287
253547;815;133;3;0;0;0;18985;54287
253550;749;749;4;0;0;0;18236;54287
254556;533;34;1;0;54;84;17425;55520
254559;766;54;2;0;0;84;17425;55520
254562;845;84;3;0;0;0;17425;55520
254564;828;828;4;0;0;0;16597;55520
255568;533;83;1;0;204;354;17919;55557
255570;717;204;2;0;0;354;17919;55557
255573;646;354;3;0;0;0;17919;55557
255575;359;359;4;0;0;0;17560;55557
256574;533;18;1;0;48;60;17821;55557
256578;782;48;2;0;0;60;17821;55557
256581;874;874;4;0;0;0;16947;55557
256579;867;60;3;0;0;0;17821;55557
257578;533;3;1;0;14;18;17014;55557
257580;797;14;2;0;0;18;17014;55557
257582;916;18;3;0;0;0;17014;55557
257584;965;965;4;0;0;0;16049;55557
258591;533;14;1;0;29;37;16223;55557
258593;786;29;2;0;0;37;16223;55557
258596;890;37;3;0;0;0;16223;55557
258598;920;920;4;0;0;0;15303;55557
259607;533;17;1;0;17;39;15330;55684
259608;783;17;2;0;0;39;15330;55684
259610;899;39;3;0;0;0;15330;55684
259611;927;927;4;0;0;0;14403;55684
260620;533;26;1;0;62;88;14678;55844
260623;774;62;2;0;0;88;14678;55844
260626;845;88;3;0;0;0;14678;55844
260628;824;824;4;0;0;0;13854;55844
261635;533;23;1;0;43;63;14193;55844
261638;777;43;2;0;0;63;14193;55844
261641;867;63;3;0;0;0;14193;55844
261643;871;871;4;0;0;0;13322;55844
262635;533;4;1;0;5;17;13387;55844
262638;796;5;2;0;0;17;13387;55844
262640;924;17;3;0;0;0;13387;55844
262642;974;974;4;0;0;0;12413;55844
263645;533;2;1;0;16;19;12479;55844
263646;798;16;2;0;0;19;12479;55844
263648;915;19;3;0;0;0;12479;55844
263650;963;963;4;0;0;0;11516;55844
264655;533;21;1;0;49;67;11858;55844
264658;779;49;2;0;0;67;11858;55844
264661;863;67;3;0;0;0;11858;55844
264663;863;863;4;0;0;0;10995;55844
265661;533;1;1;0;4;22;11062;55844
265664;799;4;2;0;0;22;11062;55844
265666;928;22;3;0;0;0;11062;55844
265668;973;973;4;0;0;0;10089;55844
266675;533;8;1;0;9;21;10181;55844
266678;792;9;2;0;0;21;10181;55844
266680;916;21;3;0;0;0;10181;55844
266682;962;962;4;0;0;0;9219;55844
267681;533;31;1;0;40;61;9490;55844
267684;769;40;2;0;0;61;9490;55844
267686;862;61;3;0;0;0;9490;55844
267689;868;868;4;0;0;0;8622;55844
268684;533;5;1;0;17;23;8741;55844
268687;795;17;2;0;0;23;8741;55844
268689;911;23;3;0;0;0;8741;55844
268691;955;955;4;0;0;0;7786;55844
269692;533;11;1;0;18;19;7937;55844
269694;789;18;2;0;0;19;7937;55844
269696;904;19;3;0;0;0;7937;55844
269697;952;952;4;0;0;0;6985;55844
270695;533;16;1;0;29;37;7211;55844
270698;784;29;2;0;0;37;7211;55844
270700;888;37;3;0;0;0;7211;55844
270702;918;918;4;0;0;0;6293;55844
271711;533;25;1;0;39;39;6511;55844
271713;775;39;2;0;0;39;6511;55844
271716;869;39;3;0;0;0;6511;55844
271718;897;897;4;0;0;0;5614;55844
272717;533;24;1;0;36;60;5867;55844
272720;776;36;2;0;0;60;5867;55844
272723;873;60;3;0;0;0;5867;55844
272726;880;880;4;0;0;0;4987;55844
273730;533;12;1;0;20;34;5135;55844
273733;788;20;2;0;0;34;5135;55844
273736;901;34;3;0;0;0;5135;55844
273738;934;934;4;0;0;0;4201;55844
274733;533;20;1;0;22;39;4402;55844
274736;780;22;2;0;0;39;4402;55844
274738;891;39;3;0;0;0;4402;55844
274740;919;919;4;0;0;0;3483;55844
275749;533;10;1;0;20;44;3666;55844
275752;790;20;2;0;0;44;3666;55844
275754;903;44;3;0;0;0;3666;55844
275755;926;926;4;0;0;0;2740;55844
276751;533;0;1;0;7;6;2789;55844
276755;800;7;2;0;0;6;2789;55844
276757;926;6;3;0;0;0;2789;55844
276759;987;987;4;0;0;0;1802;55844
277760;533;12;1;0;32;41;2013;55844
277762;788;32;2;0;0;41;2013;55844
277764;889;41;3;0;0;0;2013;55844
277767;915;915;4;0;0;0;1098;55844
278765;533;4;1;0;12;11;1149;55844
278767;796;12;2;0;0;11;1149;55844
278769;917;11;3;0;0;0;1149;55844
278771;973;973;4;0;0;0;176;55844
279764;533;14;1;0;31;37;362;55844
279767;786;31;2;0;0;37;362;55844
279769;888;37;3;0;0;0;362;55844
279771;918;362;4;0;0;0;0;55844
279774;556;556;0;0;0;0;0;55288
280775;533;17;1;0;28;52;222;55288
280778;783;28;2;0;0;52;222;55288
280782;903;222;4;0;0;0;0;55288
280780;888;52;3;0;0;0;222;55288
280784;681;681;0;0;0;0;0;54607
281781;533;10;1;0;34;39;184;54607
281785;790;34;2;0;0;39;184;54607
281787;889;39;3;0;0;0;184;54607
281789;917;184;4;0;0;0;0;54607
281792;733;733;0;0;0;0;0;53874
282795;533;21;1;0;40;54;265;53874
282797;779;40;2;0;0;54;265;53874
282801;872;54;3;0;0;0;265;53874
282802;885;265;4;0;0;0;0;53874
282805;620;620;0;0;0;0;0;53254
283808;533;7;1;0;13;30;153;53254
283811;793;13;2;0;0;30;153;53254
283814;913;30;3;0;0;0;153;53254
283816;950;153;4;0;0;0;0;53254
283818;797;797;0;0;0;0;0;52457
284814;533;16;1;0;28;42;229;52457
284817;784;28;2;0;0;42;229;52457
284819;889;42;3;0;0;0;229;52457
284821;914;229;4;0;0;0;0;52457
284823;685;685;0;0;0;0;0;51772
285825;533;11;1;0;21;32;187;51772
285826;789;21;2;0;0;32;187;51772
285828;901;32;3;0;0;0;187;51772
285830;936;187;4;0;0;0;0;51772
285831;749;749;0;0;0;0;0;51023
286840;533;9;1;0;20;30;129;51023
286843;791;20;2;0;0;30;129;51023
286845;904;30;3;0;0;0;129;51023
286847;941;129;4;0;0;0;0;51023
286850;812;812;0;0;0;0;0;50211
287854;533;1;1;0;15;10;110;50211
287855;799;15;2;0;0;10;110;50211
287856;917;10;3;0;0;0;110;50211
287857;974;110;4;0;0;0;0;50211
287859;864;864;0;0;0;0;0;49347
288867;533;19;1;0;30;46;257;49347
288870;781;30;2;0;0;46;257;49347
288872;884;46;3;0;0;0;257;49347
288874;905;257;4;0;0;0;0;49347
288877;648;648;0;0;0;0;0;48699
289872;533;7;1;0;1;16;47;48699
289875;793;1;2;0;0;16;47;48699
289877;925;16;3;0;0;0;47;48699
289879;976;47;4;0;0;0;0;48699
289881;929;929;0;0;0;0;0;47770
290881;533;17;1;0;39;49;235;47770
290884;783;39;2;0;0;49;235;47770
290885;877;49;3;0;0;0;235;47770
290887;895;235;4;0;0;0;0;47770
290889;660;660;0;0;0;0;0;47110
291884;533;9;1;0;14;35;109;47110
291886;791;14;2;0;0;35;109;47110
291888;910;35;3;0;0;0;109;47110
291891;942;109;4;0;0;0;0;47110
291893;833;833;0;0;0;0;0;46277
292888;533;4;1;0;10;9;68;46277
292892;796;10;2;0;0;9;68;46277
292895;919;9;3;0;0;0;68;46277
292897;977;68;4;0;0;0;0;46277
292899;909;909;0;0;0;0;0;45368
293891;533;16;1;0;20;39;168;45368
293893;784;20;2;0;0;39;168;45368
293895;897;39;3;0;0;0;168;45368
293897;925;168;4;0;0;0;0;45368
293900;757;757;0;0;0;0;0;44611
294905;533;24;1;0;50;67;288;44611
294908;776;50;2;0;0;67;288;44611
294910;859;67;3;0;0;0;288;44611
294912;859;288;4;0;0;0;0;44611
294914;571;571;0;0;0;0;0;44040
295913;533;5;1;0;10;16;98;44040
295916;795;10;2;0;0;16;98;44040
295919;918;16;3;0;0;0;98;44040
295921;969;98;4;0;0;0;0;44040
295923;871;871;0;0;0;0;0;43169
296915;533;17;1;0;27;39;183;43169
296917;783;27;2;0;0;39;183;43169
296919;889;39;3;0;0;0;183;43169
296921;917;183;4;0;0;0;0;43169
296923;734;734;0;0;0;0;0;42435
297929;533;17;1;0;32;35;235;42435
297933;783;32;2;0;0;35;235;42435
297935;884;35;3;0;0;0;235;42435
297937;916;235;4;0;0;0;0;42435
297939;681;681;0;0;0;0;0;41754
298936;533;19;1;0;35;47;249;41754
298939;781;35;2;0;0;47;249;41754
298942;879;47;3;0;0;0;249;41754
298943;899;249;4;0;0;0;0;41754
298945;650;650;0;0;0;0;0;41104
299941;533;4;1;0;8;10;70;41104
299944;796;8;2;0;0;10;70;41104
299946;921;10;3;0;0;0;70;41104
299948;978;70;4;0;0;0;0;41104
299950;908;908;0;0;0;0;0;40196
300946;533;12;1;0;41;72;277;40196
300948;788;41;2;0;0;72;277;40196
300950;880;72;3;0;0;0;277;40196
300953;875;277;4;0;0;0;0;40196
300954;598;598;0;0;0;0;0;39598
301958;533;2;1;0;9;16;82;39598
301960;798;9;2;0;0;16;82;39598
301962;922;16;3;0;0;0;82;39598
301964;973;82;4;0;0;0;0;39598
301967;891;891;0;0;0;0;0;38707
302958;533;9;1;0;10;28;71;38707
302961;791;10;2;0;0;28;71;38707
302962;914;28;3;0;0;0;71;38707
302963;953;71;4;0;0;0;0;38707
302965;882;882;0;0;0;0;0;37825
303967;533;20;1;0;33;47;210;37825
303969;780;33;2;0;0;47;210;37825
303970;880;47;3;0;0;0;210;37825
303972;900;210;4;0;0;0;0;37825
303974;690;690;0;0;0;0;0;37135
304978;533;20;1;0;41;53;272;37135
304980;780;41;2;0;0;53;272;37135
304981;872;53;3;0;0;0;272;37135
304983;886;272;4;0;0;0;0;37135
304985;614;614;0;0;0;0;0;36521
305982;533;11;1;0;17;34;129;36521
305983;789;17;2;0;0;34;129;36521
305985;905;34;3;0;0;0;129;36521
305987;938;129;4;0;0;0;0;36521
305989;809;809;0;0;0;0;0;35712
306990;533;15;1;0;25;43;211;35712
306992;785;25;2;0;0;43;211;35712
306993;893;43;3;0;0;0;211;35712
306995;917;211;4;0;0;0;0;35712
306997;706;706;0;0;0;0;0;35006
307993;533;10;1;0;15;20;94;35006
307995;790;15;2;0;0;20;94;35006
307996;908;20;3;0;0;0;94;35006
307998;955;94;4;0;0;0;0;35006
308000;861;861;0;0;0;0;0;34145
308994;533;30;1;0;74;94;476;34145
308997;829;94;3;0;0;0;476;34145
308996;770;74;2;0;0;94;476;34145
308999;802;476;4;0;0;0;0;34145
309002;326;326;0;0;0;0;0;33819
310008;533;5;1;0;10;10;70;33819
310010;795;10;2;0;0;10;70;33819
310012;918;10;3;0;0;0;70;33819
310014;975;70;4;0;0;0;0;33819
310017;905;905;0;0;0;0;0;32914
311015;533;6;1;0;10;10;40;32914
311017;794;10;2;0;0;10;40;32914
311019;917;10;3;0;0;0;40;32914
311021;974;40;4;0;0;0;0;32914
311022;934;934;0;0;0;0;0;31980
312014;533;10;1;0;34;39;229;31980
312016;790;34;2;0;0;39;229;31980
312017;889;39;3;0;0;0;229;31980
312019;917;229;4;0;0;0;0;31980
312021;688;688;0;0;0;0;0;31292
313023;533;20;1;0;50;57;388;31292
313024;780;50;2;0;0;57;388;31292
313026;863;57;3;0;0;0;388;31292
313028;873;388;4;0;0;0;0;31292
313031;485;485;0;0;0;0;0;30807
314037;533;5;1;0;18;16;82;30807
314039;795;18;2;0;0;16;82;30807
314041;910;16;3;0;0;0;82;30807
314042;961;82;4;0;0;0;0;30807
314044;879;879;0;0;0;0;0;29928
315048;533;19;1;0;29;47;209;29928
315052;885;47;3;0;0;0;209;29928
315051;781;29;2;0;0;47;209;29928
315054;905;209;4;0;0;0;0;29928
315056;696;696;0;0;0;0;0;29232
316052;533;5;1;0;20;27;159;29232
316055;795;20;2;0;0;27;159;29232
316057;908;27;3;0;0;0;159;29232
316058;948;159;4;0;0;0;0;29232
316060;789;789;0;0;0;0;0;28443
317054;533;18;1;0;26;60;220;28443
317056;782;26;2;0;0;60;220;28443
317057;889;60;3;0;0;0;220;28443
317059;896;220;4;0;0;0;0;28443
317061;676;676;0;0;0;0;0;27767
318055;533;6;1;0;15;18;107;27767
318058;794;15;2;0;0;18;107;27767
318059;912;18;3;0;0;0;107;27767
318061;961;107;4;0;0;0;0;27767
318062;854;854;0;0;0;0;0;26913
319062;533;6;1;0;28;22;190;26913
319064;794;28;2;0;0;22;190;26913
319066;899;22;3;0;0;0;190;26913
319068;944;190;4;0;0;0;0;26913
319071;754;754;0;0;0;0;0;26159
320062;533;16;1;0;27;32;181;26159
320063;784;27;2;0;0;32;181;26159
320065;890;32;3;0;0;0;181;26159
320067;925;181;4;0;0;0;0;26159
320069;744;744;0;0;0;0;0;25415
321063;533;10;1;0;18;24;106;25415
321065;790;18;2;0;0;24;106;25415
321069;905;24;3;0;0;0;106;25415
321070;948;106;4;0;0;0;0;25415
321071;842;842;0;0;0;0;0;24573
322068;533;14;1;0;25;39;192;24573
322071;786;25;2;0;0;39;192;24573
322072;894;39;3;0;0;0;192;24573
322074;922;192;4;0;0;0;0;24573
322077;730;730;0;0;0;0;0;23843
323070;533;8;1;0;15;18;121;23843
323072;792;15;2;0;0;18;121;23843
323074;910;18;3;0;0;0;121;23843
323076;959;121;4;0;0;0;0;23843
323078;838;838;0;0;0;0;0;23005
324079;783;39;2;0;0;54;244;23005
324077;533;17;1;0;39;54;244;23005
324081;877;54;3;0;0;0;244;23005
324083;890;244;4;0;0;0;0;23005
324085;646;646;0;0;0;0;0;22359
325079;533;3;1;0;3;10;49;22359
325082;797;3;2;0;0;10;49;22359
325084;927;10;3;0;0;0;49;22359
325085;984;49;4;0;0;0;0;22359
325087;935;935;0;0;0;0;0;21424
326084;533;21;1;0;63;85;365;21424
326087;779;63;2;0;0;85;365;21424
326090;849;85;3;0;0;0;365;21424
326091;831;365;4;0;0;0;0;21424
326093;466;466;0;0;0;0;0;20958
327084;533;14;1;0;19;28;142;20958
327085;786;19;2;0;0;28;142;20958
327087;900;28;3;0;0;0;142;20958
327088;939;142;4;0;0;0;0;20958
327090;797;797;0;0;0;0;0;20161
328096;533;19;1;0;44;57;245;20161
328099;781;44;2;0;0;57;245;20161
328101;870;57;3;0;0;0;245;20161
328103;880;245;4;0;0;0;0;20161
328106;635;635;0;0;0;0;0;19526
329100;533;28;1;0;47;73;284;19526
329103;772;47;2;0;0;73;284;19526
329105;858;73;3;0;0;0;284;19526
329107;852;284;4;0;0;0;0;19526
329109;568;568;0;0;0;0;0;18958
330103;533;20;1;0;22;50;249;18958
330106;780;22;2;0;0;50;249;18958
330108;891;50;3;0;0;0;249;18958
330110;908;249;4;0;0;0;0;18958
330113;659;659;0;0;0;0;0;18299
331110;533;4;1;0;6;14;57;18299
331112;796;6;2;0;0;14;57;18299
331114;923;14;3;0;0;0;57;18299
331115;976;57;4;0;0;0;0;18299
331117;919;919;0;0;0;0;0;17380
332119;533;28;1;0;50;75;322;17380
332122;772;50;2;0;0;75;322;17380
332124;855;75;3;0;0;0;322;17380
332125;847;322;4;0;0;0;0;17380
332127;525;525;0;0;0;0;0;16855
333124;533;15;1;0;35;52;202;16855
333127;785;35;2;0;0;52;202;16855
333129;883;52;3;0;0;0;202;16855
333131;898;202;4;0;0;0;0;16855
333133;696;696;0;0;0;0;0;16159
334135;533;8;1;0;13;12;71;16159
334138;792;13;2;0;0;12;71;16159
334140;967;71;4;0;0;0;0;16159
334139;912;12;3;0;0;0;71;16159
334141;896;896;0;0;0;0;0;15263
335147;533;11;1;0;26;27;133;15263
335150;789;26;2;0;0;27;133;15263
335152;896;27;3;0;0;0;133;15263
335154;936;133;4;0;0;0;0;15263
335156;803;803;0;0;0;0;0;14460
336155;533;20;1;0;24;67;249;14460
336158;780;24;2;0;0;67;249;14460
336161;889;67;3;0;0;0;249;14460
336162;889;249;4;0;0;0;0;14460
336164;640;640;0;0;0;0;0;13820
337163;533;2;1;0;9;8;47;13820
337165;798;9;2;0;0;8;47;13820
337168;922;8;3;0;0;0;47;13820
337170;981;47;4;0;0;0;0;13820
337171;934;934;0;0;0;0;0;12886
338174;533;4;1;0;8;14;63;12886
338176;796;8;2;0;0;14;63;12886
338178;921;14;3;0;0;0;63;12886
338179;974;63;4;0;0;0;0;12886
338181;911;911;0;0;0;0;0;11975
339186;533;13;1;0;33;57;270;11975
339188;787;33;2;0;0;57;270;11975
339190;887;57;3;0;0;0;270;11975
339192;897;270;4;0;0;0;0;11975
339194;627;627;0;0;0;0;0;11348
340188;533;3;1;0;16;23;105;11348
340191;797;16;2;0;0;23;105;11348
340193;914;23;3;0;0;0;105;11348
340195;958;105;4;0;0;0;0;11348
340196;853;853;0;0;0;0;0;10495
341198;533;30;1;0;22;48;269;10495
341201;770;22;2;0;0;48;269;10495
341203;881;48;3;0;0;0;269;10495
341205;900;269;4;0;0;0;0;10495
341207;631;631;0;0;0;0;0;9864
342202;533;24;1;0;46;59;266;9864
342205;776;46;2;0;0;59;266;9864
342207;863;59;3;0;0;0;266;9864
342208;871;266;4;0;0;0;0;9864
342210;605;605;0;0;0;0;0;9259
343211;533;15;1;0;30;54;196;9259
343214;785;30;2;0;0;54;196;9259
343217;888;54;3;0;0;0;196;9259
343220;901;196;4;0;0;0;0;9259
343221;705;705;0;0;0;0;0;8554
344218;533;5;1;0;13;23;132;8554
344221;795;13;2;0;0;23;132;8554
344223;915;23;3;0;0;0;132;8554
344225;959;132;4;0;0;0;0;8554
344227;827;827;0;0;0;0;0;7727
345223;533;18;1;0;18;43;203;7727
345225;782;18;2;0;0;43;203;7727
345227;897;43;3;0;0;0;203;7727
345229;921;203;4;0;0;0;0;7727
345230;718;718;0;0;0;0;0;7009
346226;533;4;1;0;10;14;66;7009
346228;796;10;2;0;0;14;66;7009
346230;919;14;3;0;0;0;66;7009
346232;972;66;4;0;0;0;0;7009
346233;906;906;0;0;0;0;0;6103
347236;533;18;1;0;33;35;217;6103
347238;782;33;2;0;0;35;217;6103
347240;882;35;3;0;0;0;217;6103
347242;914;217;4;0;0;0;0;6103
347244;697;697;0;0;0;0;0;5406
348250;533;8;1;0;9;25;75;5406
348252;792;9;2;0;0;25;75;5406
348254;916;25;3;0;0;0;75;5406
348256;958;75;4;0;0;0;0;5406
348258;883;883;0;0;0;0;0;4523
349254;533;7;1;0;5;14;92;4523
349257;793;5;2;0;0;14;92;4523
349259;921;14;3;0;0;0;92;4523
349260;974;92;4;0;0;0;0;4523
349262;882;882;0;0;0;0;0;3641
350254;533;5;1;0;18;17;74;3641
350257;795;18;2;0;0;17;74;3641
350259;910;17;3;0;0;0;74;3641
350261;960;74;4;0;0;0;0;3641
350262;886;886;0;0;0;0;0;2755
351263;533;25;1;0;53;72;347;2755
351266;775;53;2;0;0;72;347;2755
351268;855;72;3;0;0;0;347;2755
351270;850;347;4;0;0;0;0;2755
351272;503;503;0;0;0;0;0;2252
352273;533;22;1;0;38;49;253;2252
352277;778;38;2;0;0;49;253;2252
352280;873;49;3;0;0;0;253;2252
352282;891;253;4;0;0;0;0;2252
352284;638;638;0;0;0;0;0;1614
353273;533;2;1;0;14;7;45;1614
353275;798;14;2;0;0;7;45;1614
353280;917;7;3;0;0;0;45;1614
353282;977;45;4;0;0;0;0;1614
353284;932;932;0;0;0;0;0;682
354278;533;16;1;0;45;67;329;682
354280;784;45;2;0;0;67;329;682
354284;872;67;3;0;0;0;329;682
354285;872;329;4;0;0;0;0;682
354287;543;543;0;0;0;0;0;139
355285;533;21;1;0;43;57;296;139
355288;779;43;2;0;0;57;296;139
355289;869;57;3;0;0;0;296;139
355291;879;296;4;0;0;0;0;139
355293;583;139;0;0;0;0;0;0
356289;533;5;1;0;14;14;84;0
356292;795;14;2;0;0;14;84;0
356294;914;14;3;0;0;0;84;0
356296;967;84;4;0;0;0;0;0
356297;883;0;0;0;0;0;0;0
357295;533;12;1;0;19;35;145;0
357298;788;19;2;0;0;35;145;0
357300;902;35;3;0;0;0;145;0
357302;934;145;4;0;0;0;0;0
357304;789;0;0;0;0;0;0;0
358303;533;17;1;0;29;42;160;0
358305;783;29;2;0;0;42;160;0
358307;887;42;3;0;0;0;160;0
358310;912;160;4;0;0;0;0;0
358311;752;0;0;0;0;0;0;0
359311;533;3;1;0;2;6;63;0
359313;797;2;2;0;0;6;63;0
359316;928;6;3;0;0;0;63;0
359317;989;63;4;0;0;0;0;0
359319;926;0;0;0;0;0;0;0
360311;533;43;1;0;65;68;422;0
360314;757;65;2;0;0;68;422;0
360318;825;68;3;0;0;0;422;0
360321;824;422;4;0;0;0;0;0
360325;402;0;0;0;0;0;0;0
361327;533;10;1;0;10;27;137;0
361331;790;10;2;0;0;27;137;0
361334;913;27;3;0;0;0;137;0
361336;953;137;4;0;0;0;0;0
361338;816;0;0;0;0;0;0;0
362330;533;4;1;0;15;13;90;0
362332;796;15;2;0;0;13;90;0
362334;914;13;3;0;0;0;90;0
362336;968;90;4;0;0;0;0;0
362337;878;0;0;0;0;0;0;0
363331;533;28;1;0;60;90;373;0
363334;772;60;2;0;0;90;373;0
363336;845;90;3;0;0;0;373;0
363337;822;373;4;0;0;0;0;0
363339;449;0;0;0;0;0;0;0
364338;533;7;1;0;20;29;124;0
364341;793;20;2;0;0;29;124;0
364343;906;29;3;0;0;0;124;0
364344;944;124;4;0;0;0;0;0
364346;820;0;0;0;0;0;0;0
365340;533;32;1;0;64;96;437;0
365342;768;64;2;0;0;96;437;0
365345;837;96;3;0;0;0;437;0
365347;808;437;4;0;0;0;0;0
365349;371;0;0;0;0;0;0;0
366343;533;6;1;0;10;10;48;0
366344;794;10;2;0;0;10;48;0
366346;917;10;3;0;0;0;48;0
366347;974;48;4;0;0;0;0;0
366349;926;0;0;0;0;0;0;0
367345;533;7;1;0;15;29;132;0
367348;793;15;2;0;0;29;132;0
367350;911;29;3;0;0;0;132;0
367352;949;132;4;0;0;0;0;0
367354;817;0;0;0;0;0;0;0
368358;533;7;1;0;14;43;159;0
368361;793;14;2;0;0;43;159;0
368364;912;43;3;0;0;0;159;0
368366;936;159;4;0;0;0;0;0
368367;777;0;0;0;0;0;0;0
369374;533;10;1;0;29;39;195;0
369377;790;29;2;0;0;39;195;0
369380;894;39;3;0;0;0;195;0
369381;922;195;4;0;0;0;0;0
369383;727;0;0;0;0;0;0;0
370384;533;40;1;0;76;121;472;0
370387;760;76;2;0;0;121;472;0
370390;817;121;3;0;0;0;472;0
370393;763;472;4;0;0;0;0;0
370394;291;0;0;0;0;0;0;0
371391;533;1;1;0;9;15;76;0
371394;799;9;2;0;0;15;76;0
371397;923;15;3;0;0;0;76;0
371400;975;76;4;0;0;0;0;0
371401;899;0;0;0;0;0;0;0
372406;533;11;1;0;37;45;240;0
372409;789;37;2;0;0;45;240;0
372412;885;45;3;0;0;0;240;0
372414;907;240;4;0;0;0;0;0
372416;667;0;0;0;0;0;0;0
373417;533;13;1;0;18;36;165;0
373419;787;18;2;0;0;36;165;0
373422;902;36;3;0;0;0;165;0
373424;933;165;4;0;0;0;0;0
373426;768;0;0;0;0;0;0;0
374432;533;3;1;0;12;27;102;0
374435;797;12;2;0;0;27;102;0
374436;918;27;3;0;0;0;102;0
374438;958;102;4;0;0;0;0;0
374441;856;0;0;0;0;0;0;0
375435;533;7;1;0;14;26;134;0
375438;793;14;2;0;0;26;134;0
375441;912;26;3;0;0;0;134;0
375443;953;134;4;0;0;0;0;0
375444;819;0;0;0;0;0;0;0
376447;533;5;1;0;13;22;101;0
376450;795;13;2;0;0;22;101;0
376452;915;22;3;0;0;0;101;0
376453;960;101;4;0;0;0;0;0
376455;859;0;0;0;0;0;0;0
377450;533;13;1;0;32;36;144;0
377453;787;32;2;0;0;36;144;0
377455;888;36;3;0;0;0;144;0
377456;919;144;4;0;0;0;0;0
377457;775;0;0;0;0;0;0;0
378463;533;20;1;0;36;62;301;0
378466;780;36;2;0;0;62;301;0
378468;877;62;3;0;0;0;301;0
378470;882;301;4;0;0;0;0;0
378472;581;0;0;0;0;0;0;0
379478;533;4;1;0;18;23;117;0
379480;796;18;2;0;0;23;117;0
379482;911;23;3;0;0;0;117;0
379484;955;117;4;0;0;0;0;0
379486;838;0;0;0;0;0;0;0
380491;533;19;1;0;49;62;257;0
380493;781;49;2;0;0;62;257;0
380494;865;62;3;0;0;0;257;0
380496;870;257;4;0;0;0;0;0
380498;613;0;0;0;0;0;0;0
381505;533;1;1;0;8;17;57;0
381508;799;8;2;0;0;17;57;0
381510;924;17;3;0;0;0;57;0
381513;974;57;4;0;0;0;0;0
381516;917;0;0;0;0;0;0;0
382511;533;15;1;0;15;43;156;0
382513;785;15;2;0;0;43;156;0
382515;903;43;3;0;0;0;156;0
382516;927;156;4;0;0;0;0;0
382518;771;0;0;0;0;0;0;0
383513;533;4;1;0;15;21;64;0
383516;796;15;2;0;0;21;64;0
383519;914;21;3;0;0;0;64;0
383521;960;64;4;0;0;0;0;0
383523;896;0;0;0;0;0;0;0
384517;533;14;1;0;24;35;151;0
384520;786;24;2;0;0;35;151;0
384522;895;35;3;0;0;0;151;0
384523;927;151;4;0;0;0;0;0
384525;776;0;0;0;0;0;0;0
385531;533;29;1;0;46;68;342;0
385533;771;46;2;0;0;68;342;0
385535;858;68;3;0;0;0;342;0
385537;857;342;4;0;0;0;0;0
385539;515;0;0;0;0;0;0;0
386542;533;8;1;0;29;37;181;0
386545;792;29;2;0;0;37;181;0
386546;896;37;3;0;0;0;181;0
386548;926;181;4;0;0;0;0;0
386550;745;0;0;0;0;0;0;0
387550;533;11;1;0;40;38;255;0
387552;789;40;2;0;0;38;255;0
387553;882;38;3;0;0;0;255;0
387555;911;255;4;0;0;0;0;0
387556;656;0;0;0;0;0;0;0
388557;533;12;1;0;31;39;142;0
388559;788;31;2;0;0;39;142;0
388561;890;39;3;0;0;0;142;0
388562;918;142;4;0;0;0;0;0
388565;776;0;0;0;0;0;0;0
389560;533;10;1;0;7;5;68;0
389562;790;7;2;0;0;5;68;0
389563;916;5;3;0;0;0;68;0
389566;978;68;4;0;0;0;0;0
389567;910;0;0;0;0;0;0;0
390574;533;5;1;0;17;39;134;0
390575;795;17;2;0;0;39;134;0
390576;911;39;3;0;0;0;134;0
390577;939;134;4;0;0;0;0;0
390579;805;0;0;0;0;0;0;0
391589;533;17;1;0;33;38;245;0
391590;783;33;2;0;0;38;245;0
391591;883;38;3;0;0;0;245;0
391594;912;245;4;0;0;0;0;0
391595;667;0;0;0;0;0;0;0
392593;533;25;1;0;54;87;308;0
392594;775;54;2;0;0;87;308;0
392595;854;87;3;0;0;0;308;0
392598;834;308;4;0;0;0;0;0
392599;526;0;0;0;0;0;0;0
393595;533;5;1;0;11;12;66;0
393597;795;11;2;0;0;12;66;0
393598;917;12;3;0;0;0;66;0
393600;972;66;4;0;0;0;0;0
393602;906;0;0;0;0;0;0;0
394605;533;17;1;0;36;43;201;0
394606;783;36;2;0;0;43;201;0
394607;880;43;3;0;0;0;201;0
394608;904;201;4;0;0;0;0;0
394610;703;0;0;0;0;0;0;0
395616;533;0;1;0;0;0;0;0
395620;800;22;2;4;0;20;99;0
395622;911;20;3;4;0;0;99;0
395624;958;99;4;4;0;0;0;0
395626;859;0;0;4;0;0;0;0
396630;533;8;1;0;14;22;90;0
396634;792;14;2;0;0;22;90;0
396636;911;22;3;0;0;0;90;0
396638;956;90;4;0;0;0;0;0
396639;866;0;0;0;0;0;0;0
397639;533;3;1;0;10;23;89;0
397642;797;53;2;22;0;84;346;0
397645;877;84;3;22;0;0;346;0
397646;860;346;4;22;0;0;0;0
397648;514;0;0;22;0;0;0;0
398652;533;22;1;0;0;0;0;0
398654;778;0;2;0;0;0;0;0
398657;911;13;3;5;9;0;49;0
398660;965;49;4;5;9;0;0;0
398661;916;0;0;5;9;0;0;0
399655;533;14;1;0;31;38;148;0
399657;786;31;2;0;0;38;148;0
399658;888;38;3;0;0;0;148;0
399661;917;148;4;0;0;0;0;0
399664;769;0;0;0;0;0;0;0
400669;533;8;1;0;11;32;147;0
400672;792;11;2;0;0;32;147;0
400673;914;32;3;0;0;0;147;0
400675;949;147;4;0;0;0;0;0
400677;802;0;0;0;0;0;0;0
401669;533;24;1;0;46;72;334;0
401672;776;46;2;0;0;72;334;0
401673;863;72;3;0;0;0;334;0
401675;858;334;4;0;0;0;0;0
401677;524;0;0;0;0;0;0;0
402674;533;12;1;0;22;27;155;0
402676;788;22;2;0;0;27;155;0
402677;899;27;3;0;0;0;155;0
402678;939;155;4;0;0;0;0;0
402680;784;0;0;0;0;0;0;0
403687;533;33;1;0;83;133;512;0
403690;767;83;2;0;0;133;512;0
403691;817;133;3;0;0;0;512;0
403693;751;512;4;0;0;0;0;0
403696;239;0;0;0;0;0;0;0
404697;533;2;1;0;9;11;59;0
404700;798;9;2;0;0;11;59;0
404703;922;11;3;0;0;0;59;0
404705;978;59;4;0;0;0;0;0
404707;919;0;0;0;0;0;0;0
405708;533;21;1;0;44;65;315;0
405711;779;44;2;0;0;65;315;0
405712;868;65;3;0;0;0;315;0
405714;870;315;4;0;0;0;0;0
405716;555;0;0;0;0;0;0;0
406712;533;14;1;0;22;44;192;0
406714;786;22;2;0;0;44;192;0
406716;897;44;3;0;0;0;192;0
406717;920;192;4;0;0;0;0;0
406719;728;0;0;0;0;0;0;0
407727;533;4;1;0;13;21;120;0
407729;796;13;2;0;0;21;120;0
407732;916;21;3;0;0;0;120;0
407733;962;120;4;0;0;0;0;0
407734;842;0;0;0;0;0;0;0
408726;533;18;1;0;38;51;254;0
408729;782;38;2;0;0;51;254;0
408732;877;51;3;0;0;0;254;0
408733;893;254;4;0;0;0;0;0
408735;639;0;0;0;0;0;0;0
409741;533;5;1;0;14;21;85;0
409743;795;14;2;0;0;21;85;0
409745;914;21;3;0;0;0;85;0
409746;960;85;4;0;0;0;0;0
409748;875;0;0;0;0;0;0;0
410746;533;21;1;0;27;58;234;0
410747;779;27;2;0;0;58;234;0
410749;885;58;3;0;0;0;234;0
410750;894;234;4;0;0;0;0;0
410752;660;0;0;0;0;0;0;0
411753;533;11;1;0;14;29;124;0
411755;789;14;2;0;0;29;124;0
411758;908;29;3;0;0;0;124;0
411760;946;124;4;0;0;0;0;0
411762;822;0;0;0;0;0;0;0
412757;533;17;1;0;40;71;317;0
412759;783;40;2;0;0;71;317;0
412761;876;71;3;0;0;0;317;0
412762;872;317;4;0;0;0;0;0
412765;555;0;0;0;0;0;0;0
413764;533;5;1;0;9;12;61;0
413767;795;9;2;0;0;12;61;0
413769;919;12;3;0;0;0;61;0
413771;974;61;4;0;0;0;0;0
413772;913;0;0;0;0;0;0;0
414772;533;15;1;0;32;55;248;0
414775;785;32;2;0;0;55;248;0
414777;886;55;3;0;0;0;248;0
414779;898;248;4;0;0;0;0;0
414782;650;0;0;0;0;0;0;0
415774;533;1;1;0;7;9;67;0
415776;799;7;2;0;0;9;67;0
415779;925;9;3;0;0;0;67;0
415781;983;67;4;0;0;0;0;0
415782;916;0;0;0;0;0;0;0
416788;533;6;1;0;13;14;121;0
416790;794;13;2;0;0;14;121;0
416792;914;14;3;0;0;0;121;0
416794;967;121;4;0;0;0;0;0
416795;846;0;0;0;0;0;0;0
417801;533;34;1;0;64;84;394;0
417804;766;64;2;0;0;84;394;0
417807;835;84;3;0;0;0;394;0
417808;818;394;4;0;0;0;0;0
417811;424;0;0;0;0;0;0;0
418807;533;12;1;0;16;36;170;0
418809;788;16;2;0;0;36;170;0
418811;905;36;3;0;0;0;170;0
418813;936;170;4;0;0;0;0;0
418817;766;0;0;0;0;0;0;0
419814;533;30;1;0;56;73;395;0
419817;770;56;2;0;0;73;395;0
419819;847;73;3;0;0;0;395;0
419821;841;395;4;0;0;0;0;0
419823;446;0;0;0;0;0;0;0
420822;533;36;1;0;59;71;362;0
420825;764;59;2;0;0;71;362;0
420826;838;71;3;0;0;0;362;0
420827;834;362;4;0;0;0;0;0
420829;472;0;0;0;0;0;0;0
421835;533;1;1;0;8;9;49;0
421837;799;8;2;0;0;9;49;0
421839;924;9;3;0;0;0;49;0
421840;982;49;4;0;0;0;0;0
421842;933;0;0;0;0;0;0;0
422836;533;16;1;0;21;33;127;0
422839;784;21;2;0;0;33;127;0
422841;896;33;3;0;0;0;127;0
422844;930;127;4;0;0;0;0;0
422847;803;0;0;0;0;0;0;0
423839;533;3;1;0;7;10;52;0
423842;797;7;2;0;0;10;52;0
423844;923;10;3;0;0;0;52;0
423846;980;52;4;0;0;0;0;0
423848;928;0;0;0;0;0;0;0
424844;533;5;1;0;14;14;77;0
424847;795;14;2;0;0;14;77;0
424849;914;14;3;0;0;0;77;0
424852;967;77;4;0;0;0;0;0
424854;890;0;0;0;0;0;0;0
425845;533;31;1;0;51;84;353;0
425848;769;51;2;0;0;84;353;0
425850;851;84;3;0;0;0;353;0
425852;834;353;4;0;0;0;0;0
425854;481;0;0;0;0;0;0;0
426853;533;25;1;0;56;86;352;0
426855;775;56;2;0;0;86;352;0
426857;852;86;3;0;0;0;352;0
426859;833;352;4;0;0;0;0;0
426861;481;0;0;0;0;0;0;0
427863;533;22;1;0;42;71;305;0
427866;778;42;2;0;0;71;305;0
427868;869;71;3;0;0;0;305;0
427870;865;305;4;0;0;0;0;0
427872;560;0;0;0;0;0;0;0
428875;533;4;1;0;15;26;146;0
428877;796;15;2;0;0;26;146;0
428880;914;26;3;0;0;0;146;0
428882;809;0;0;0;0;0;0;0
428881;955;146;4;0;0;0;0;0
429889;533;22;1;0;48;67;286;0
429891;778;48;2;0;0;67;286;0
429892;863;67;3;0;0;0;286;0
429895;863;286;4;0;0;0;0;0
429897;577;0;0;0;0;0;0;0
430898;533;5;1;0;5;14;62;0
430900;795;5;2;0;0;14;62;0
430902;923;14;3;0;0;0;62;0
430904;976;62;4;0;0;0;0;0
430905;914;0;0;0;0;0;0;0
431900;533;16;1;0;26;45;197;0
431903;784;26;2;0;0;45;197;0
431904;891;45;3;0;0;0;197;0
431906;913;197;4;0;0;0;0;0
431907;716;0;0;0;0;0;0;0
432901;533;4;1;0;11;26;111;0
432903;796;11;2;0;0;26;111;0
432906;918;26;3;0;0;0;111;0
432907;959;111;4;0;0;0;0;0
432909;848;0;0;0;0;0;0;0
433905;533;8;1;0;19;20;143;0
433907;792;19;2;0;0;20;143;0
433909;906;20;3;0;0;0;143;0
433911;953;143;4;0;0;0;0;0
433913;810;0;0;0;0;0;0;0
434906;533;3;1;0;8;26;93;0
434908;797;8;2;0;0;26;93;0
434910;922;26;3;0;0;0;93;0
434911;963;93;4;0;0;0;0;0
434913;870;0;0;0;0;0;0;0
435912;533;14;1;0;30;54;245;0
435914;786;30;2;0;0;54;245;0
435918;902;245;4;0;0;0;0;0
435916;889;54;3;0;0;0;245;0
435919;657;0;0;0;0;0;0;0
436917;533;13;1;0;17;29;126;0
436922;903;29;3;0;0;0;126;0
436920;787;17;2;0;0;29;126;0
436925;941;126;4;0;0;0;0;0
436927;815;0;0;0;0;0;0;0
437919;533;5;1;0;13;14;82;0
437922;795;13;2;0;0;14;82;0
437924;915;14;3;0;0;0;82;0
437926;968;82;4;0;0;0;0;0
437927;886;0;0;0;0;0;0;0
438918;533;24;1;0;48;70;286;0
438920;776;48;2;0;0;70;286;0
438922;861;70;3;0;0;0;286;0
438924;858;286;4;0;0;0;0;0
438926;572;0;0;0;0;0;0;0
439922;533;29;1;0;58;82;448;0
439925;771;58;2;0;0;82;448;0
439927;846;82;3;0;0;0;448;0
439929;831;448;4;0;0;0;0;0
439931;383;0;0;0;0;0;0;0
440924;533;27;1;0;64;74;373;0
440927;773;64;2;0;0;74;373;0
440931;835;373;4;0;0;0;0;0
440929;842;74;3;0;0;0;373;0
440933;462;0;0;0;0;0;0;0
441924;533;6;1;0;26;33;135;0
441927;794;26;2;0;0;33;135;0
441929;901;33;3;0;0;0;135;0
441930;935;135;4;0;0;0;0;0
441933;800;0;0;0;0;0;0;0
442936;533;28;1;0;57;77;356;0
442938;772;57;2;0;0;77;356;0
442940;848;77;3;0;0;0;356;0
442942;838;356;4;0;0;0;0;0
442945;482;0;0;0;0;0;0;0
443946;533;11;1;0;18;27;131;0
443949;789;18;2;0;0;27;131;0
443951;904;27;3;0;0;0;131;0
443954;944;131;4;0;0;0;0;0
443955;813;0;0;0;0;0;0;0
444953;533;14;1;0;27;35;197;0
444955;786;27;2;0;0;35;197;0
444958;892;35;3;0;0;0;197;0
444960;924;197;4;0;0;0;0;0
444962;727;0;0;0;0;0;0;0
445955;533;12;1;0;28;45;190;0
445957;788;28;2;0;0;45;190;0
445960;893;45;3;0;0;0;190;0
445962;915;190;4;0;0;0;0;0
445964;725;0;0;0;0;0;0;0
446961;533;8;1;0;21;31;168;0
446962;792;21;2;0;0;31;168;0
446964;904;31;3;0;0;0;168;0
446965;940;168;4;0;0;0;0;0
446966;772;0;0;0;0;0;0;0
447961;533;16;1;0;44;62;292;0
447963;784;44;2;0;0;62;292;0
447964;873;62;3;0;0;0;292;0
447965;878;292;4;0;0;0;0;0
447967;586;0;0;0;0;0;0;0
448965;533;12;1;0;44;54;213;0
448967;788;44;2;0;0;54;213;0
448968;877;54;3;0;0;0;213;0
448970;890;213;4;0;0;0;0;0
448971;677;0;0;0;0;0;0;0
449965;533;8;1;0;20;22;142;0
449966;792;20;2;0;0;22;142;0
449970;905;22;3;0;0;0;142;0
449971;950;142;4;0;0;0;0;0
449973;808;0;0;0;0;0;0;0
450969;533;21;1;0;25;48;238;0
450971;779;25;2;0;0;48;238;0
450972;887;48;3;0;0;0;238;0
450974;906;238;4;0;0;0;0;0
450976;668;0;0;0;0;0;0;0
451981;533;15;1;0;25;48;209;0
451983;785;25;2;0;0;48;209;0
451985;893;48;3;0;0;0;209;0
451987;912;209;4;0;0;0;0;0
451989;703;0;0;0;0;0;0;0
452986;533;7;1;0;28;30;122;0
452988;793;28;2;0;0;30;122;0
452991;898;30;3;0;0;0;122;0
452992;935;122;4;0;0;0;0;0
452995;813;0;0;0;0;0;0;0
453998;533;26;1;0;42;44;299;0
454001;774;42;2;0;0;44;299;0
454002;865;44;3;0;0;0;299;0
454003;888;299;4;0;0;0;0;0
454005;589;0;0;0;0;0;0;0
455006;533;12;1;0;22;55;176;0
455009;788;22;2;0;0;55;176;0
455011;899;55;3;0;0;0;176;0
455013;911;176;4;0;0;0;0;0
455015;735;0;0;0;0;0;0;0
456007;533;3;1;0;10;11;59;0
456010;797;10;2;0;0;11;59;0
456012;920;11;3;0;0;0;59;0
456014;976;59;4;0;0;0;0;0
456017;917;0;0;0;0;0;0;0
457020;533;16;1;0;36;57;264;0
457022;784;36;2;0;0;57;264;0
457024;881;57;3;0;0;0;264;0
457026;891;264;4;0;0;0;0;0
457028;627;0;0;0;0;0;0;0
458028;533;18;1;0;31;31;191;0
458031;782;31;2;0;0;31;191;0
458033;884;31;3;0;0;0;191;0
458034;920;191;4;0;0;0;0;0
458036;729;0;0;0;0;0;0;0
459033;533;11;1;0;13;20;113;0
459036;789;13;2;0;0;20;113;0
459038;909;20;3;0;0;0;113;0
459040;956;113;4;0;0;0;0;0
459041;843;0;0;0;0;0;0;0
460042;533;11;1;0;20;33;156;0
460045;789;20;2;0;0;33;156;0
460047;902;33;3;0;0;0;156;0
460048;936;156;4;0;0;0;0;0
460050;780;0;0;0;0;0;0;0
461046;533;10;1;0;35;41;231;0
461048;790;35;2;0;0;41;231;0
461049;888;41;3;0;0;0;231;0
461051;914;231;4;0;0;0;0;0
461053;683;0;0;0;0;0;0;0
462059;533;14;1;0;38;41;220;0
462063;786;38;2;0;0;41;220;0
462065;881;41;3;0;0;0;220;0
462066;907;220;4;0;0;0;0;0
462067;687;0;0;0;0;0;0;0
463059;533;12;1;0;32;37;203;0
463062;788;32;2;0;0;37;203;0
463064;889;37;3;0;0;0;203;0
463065;919;203;4;0;0;0;0;0
463066;716;0;0;0;0;0;0;0
464060;533;12;1;0;20;45;171;0
464062;788;20;2;0;0;45;171;0
464063;901;45;3;0;0;0;171;0
464064;923;171;4;0;0;0;0;0
464065;752;0;0;0;0;0;0;0
465076;533;45;1;0;77;110;488;0
465079;755;77;2;0;0;110;488;0
465082;811;110;3;0;0;0;488;0
465085;768;488;4;0;0;0;0;0
465088;280;0;0;0;0;0;0;0
466090;533;13;1;0;18;30;115;0
466092;787;18;2;0;0;30;115;0
466095;902;30;3;0;0;0;115;0
466097;939;115;4;0;0;0;0;0
466099;824;0;0;0;0;0;0;0
467096;533;15;1;0;14;43;167;0
467099;785;14;2;0;0;43;167;0
467102;904;43;3;0;0;0;167;0
467104;928;167;4;0;0;0;0;0
467106;761;0;0;0;0;0;0;0
468110;533;10;1;0;16;17;104;0
468112;790;16;2;0;0;17;104;0
468114;907;17;3;0;0;0;104;0
468116;957;104;4;0;0;0;0;0
468117;853;0;0;0;0;0;0;0
469116;533;8;1;0;19;29;147;0
469119;792;19;2;0;0;29;147;0
469121;906;29;3;0;0;0;147;0
469123;944;147;4;0;0;0;0;0
469125;797;0;0;0;0;0;0;0
470130;533;3;1;0;12;9;66;0
470131;797;12;2;0;0;9;66;0
470133;918;9;3;0;0;0;66;0
470135;976;66;4;0;0;0;0;0
470138;910;0;0;0;0;0;0;0
471146;533;19;1;0;20;46;223;0
471149;781;20;2;0;0;46;223;0
471151;894;46;3;0;0;0;223;0
471153;915;223;4;0;0;0;0;0
471155;692;0;0;0;0;0;0;0
472154;533;3;1;0;10;12;66;0
472156;797;10;2;0;0;12;66;0
472157;920;12;3;0;0;0;66;0
472159;975;66;4;0;0;0;0;0
472161;909;0;0;0;0;0;0;0
473154;533;16;1;0;18;32;150;0
473157;784;18;2;0;0;32;150;0
473159;899;32;3;0;0;0;150;0
473161;934;150;4;0;0;0;0;0
473164;784;0;0;0;0;0;0;0
474156;533;8;1;0;12;21;130;0
474158;792;12;2;0;0;21;130;0
474160;913;21;3;0;0;0;130;0
474164;959;130;4;0;0;0;0;0
474166;829;0;0;0;0;0;0;0
475159;533;21;1;0;43;69;331;0
475162;779;43;2;0;0;69;331;0
475164;869;69;3;0;0;0;331;0
475166;867;331;4;0;0;0;0;0
475169;536;0;0;0;0;0;0;0
476170;533;13;1;0;22;27;160;0
476172;787;22;2;0;0;27;160;0
476174;898;27;3;0;0;0;160;0
476177;938;160;4;0;0;0;0;0
476179;778;0;0;0;0;0;0;0
477174;533;18;1;0;30;47;215;0
477176;782;30;2;0;0;47;215;0
477178;885;47;3;0;0;0;215;0
477181;905;215;4;0;0;0;0;0
477183;690;0;0;0;0;0;0;0
478184;533;7;1;0;21;30;141;0
478187;793;21;2;0;0;30;141;0
478189;905;30;3;0;0;0;141;0
478192;942;141;4;0;0;0;0;0
478194;801;0;0;0;0;0;0;0
479190;533;15;1;0;21;45;224;0
479192;785;21;2;0;0;45;224;0
479193;897;45;3;0;0;0;224;0
479195;919;224;4;0;0;0;0;0
479198;695;0;0;0;0;0;0;0
480191;533;13;1;0;43;40;232;0
480193;787;43;2;0;0;40;232;0
480196;877;40;3;0;0;0;232;0
480197;904;232;4;0;0;0;0;0
480199;672;0;0;0;0;0;0;0
481207;533;25;1;0;40;76;287;0
481209;775;40;2;0;0;76;287;0
481212;868;76;3;0;0;0;287;0
481214;859;287;4;0;0;0;0;0
481216;572;0;0;0;0;0;0;0
482221;533;25;1;0;72;81;392;0
482224;775;72;2;0;0;81;392;0
482226;836;81;3;0;0;0;392;0
482230;822;392;4;0;0;0;0;0
482231;430;0;0;0;0;0;0;0
483235;533;5;1;0;8;9;46;0
483238;795;8;2;0;0;9;46;0
483239;920;9;3;0;0;0;46;0
483241;978;46;4;0;0;0;0;0
483243;932;0;0;0;0;0;0;0
484246;533;9;1;0;13;20;73;0
484248;791;13;2;0;0;20;73;0
484250;911;20;3;0;0;0;73;0
484252;958;73;4;0;0;0;0;0
484253;885;0;0;0;0;0;0;0
485249;533;10;1;0;25;43;199;0
485250;790;25;2;0;0;43;199;0
485251;898;43;3;0;0;0;199;0
485253;922;199;4;0;0;0;0;0
485254;723;0;0;0;0;0;0;0
486255;533;14;1;0;30;57;245;0
486256;786;30;2;0;0;57;245;0
486257;889;57;3;0;0;0;245;0
486258;899;245;4;0;0;0;0;0
486259;654;0;0;0;0;0;0;0
487261;533;28;1;0;52;82;349;0
487263;772;52;2;0;0;82;349;0
487264;853;82;3;0;0;0;349;0
487266;838;349;4;0;0;0;0;0
487268;489;0;0;0;0;0;0;0
488264;533;4;1;0;7;12;52;0
488267;796;7;2;0;0;12;52;0
488269;922;12;3;0;0;0;52;0
488270;977;52;4;0;0;0;0;0
488272;925;0;0;0;0;0;0;0
489271;533;20;1;0;28;45;208;0
489273;780;28;2;0;0;45;208;0
489276;885;45;3;0;0;0;208;0
489277;907;208;4;0;0;0;0;0
489280;699;0;0;0;0;0;0;0
490274;533;11;1;0;26;34;171;0
490277;789;26;2;0;0;34;171;0
490279;896;34;3;0;0;0;171;0
490281;929;171;4;0;0;0;0;0
490283;758;0;0;0;0;0;0;0
491278;533;14;1;0;32;45;177;0
491281;786;32;2;0;0;45;177;0
491283;887;45;3;0;0;0;177;0
491284;909;177;4;0;0;0;0;0
491286;732;0;0;0;0;0;0;0
492284;533;18;1;0;30;68;235;0
492287;782;30;2;0;0;68;235;0
492289;885;68;3;0;0;0;235;0
492290;884;235;4;0;0;0;0;0
492293;649;0;0;0;0;0;0;0
493284;533;21;1;0;29;59;296;0
493286;779;29;2;0;0;59;296;0
493287;883;59;3;0;0;0;296;0
493288;891;296;4;0;0;0;0;0
493290;595;0;0;0;0;0;0;0
494295;533;10;1;0;21;14;91;0
494297;790;21;2;0;0;14;91;0
494298;902;14;3;0;0;0;91;0
494299;955;91;4;0;0;0;0;0
494300;864;0;0;0;0;0;0;0
495309;533;12;1;0;21;33;152;0
495310;788;21;2;0;0;33;152;0
495312;900;33;3;0;0;0;152;0
495314;934;152;4;0;0;0;0;0
495316;782;0;0;0;0;0;0;0
496319;533;17;1;0;38;42;272;0
496320;783;38;2;0;0;42;272;0
496322;878;42;3;0;0;0;272;0
496323;903;272;4;0;0;0;0;0
496324;631;0;0;0;0;0;0;0
497333;533;24;1;0;33;63;245;0
497334;776;33;2;0;0;63;245;0
497335;876;63;3;0;0;0;245;0
497337;880;245;4;0;0;0;0;0
497339;635;0;0;0;0;0;0;0
498341;533;5;1;0;14;17;78;0
498343;795;14;2;0;0;17;78;0
498345;914;17;3;0;0;0;78;0
498347;964;78;4;0;0;0;0;0
498348;886;0;0;0;0;0;0;0
499345;533;6;1;0;21;33;134;0
499346;794;21;2;0;0;33;134;0
499347;906;33;3;0;0;0;134;0
499349;940;134;4;0;0;0;0;0
499350;806;0;0;0;0;0;0;0
500352;533;12;1;0;30;51;243;0
500353;788;30;2;0;0;51;243;0
500354;891;51;3;0;0;0;243;0
500355;907;243;4;0;0;0;0;0
500357;664;0;0;0;0;0;0;0
501360;533;33;1;0;58;117;501;0
501361;767;58;2;0;0;117;501;0
501362;842;117;3;0;0;0;501;0
501364;792;501;4;0;0;0;0;0
501366;291;0;0;0;0;0;0;0
502361;533;11;1;0;41;67;310;0
502364;789;41;2;0;0;67;310;0
502366;881;67;3;0;0;0;310;0
502368;881;310;4;0;0;0;0;0
502370;571;0;0;0;0;0;0;0
503380;533;69;1;0;153;204;1010;0
503382;731;153;2;0;0;204;1010;0
503384;711;204;3;0;0;0;1010;0
503386;574;574;4;0;0;0;436;0
504375;533;0;1;0;0;0;436;0
504377;800;0;2;0;0;0;436;0
504381;933;148;3;42;96;0;1150;0
504384;852;852;4;42;96;0;298;0
505380;533;52;1;0;129;39;485;0
505383;748;197;2;36;0;156;958;0
505384;684;156;3;36;0;0;958;0
505387;595;595;4;36;0;0;363;0
506388;533;36;1;0;0;0;363;0
506391;764;111;2;45;0;154;1053;0
506393;786;154;3;45;0;0;1053;0
506395;699;699;4;45;0;0;354;0
507403;533;55;1;0;48;59;599;0
507410;745;151;2;54;0;213;1288;0
507414;727;213;3;54;0;0;1288;0
507416;581;581;4;54;0;0;707;0
508418;533;91;1;0;87;146;1314;0
508421;709;127;2;28;0;226;1682;0
508424;715;226;3;28;0;0;1682;0
508426;556;556;4;28;0;0;1126;0
509431;533;79;1;0;76;133;1722;0
509434;721;76;2;0;0;133;1722;0
509436;778;133;3;0;0;0;1722;0
509438;712;712;4;0;0;0;1010;0
510438;533;50;1;0;101;125;1648;0
510441;750;139;2;21;0;178;1907;0
510444;744;178;3;21;0;0;1907;0
510446;633;633;4;21;0;0;1274;0
511444;533;88;1;0;102;148;1957;0
511446;712;102;2;0;0;148;1957;0
511449;743;246;3;36;79;0;2436;0
511452;564;564;4;36;79;0;1872;0
512458;533;79;1;0;168;134;2545;0
512463;721;263;2;69;0;292;3218;0
512465;591;292;3;69;0;0;3218;0
512467;366;366;4;69;0;0;2852;0
513469;533;69;1;0;0;0;2852;0
513472;731;55;2;36;0;77;3195;0
513474;809;77;3;36;0;0;3195;0
513475;799;799;4;36;0;0;2396;0
514481;533;36;1;0;0;0;2396;0
514483;764;0;2;0;0;0;2396;0
514487;897;136;3;48;109;0;3074;0
514489;828;828;4;48;109;0;2246;0
515481;533;91;1;0;224;154;2934;0
515484;709;224;2;0;0;154;2934;0
515488;618;185;3;11;17;0;3074;0
515490;500;500;4;11;17;0;2574;0
516483;533;43;1;0;86;132;3133;0
516485;757;86;2;0;0;132;3133;0
516487;804;132;3;0;0;0;3133;0
516488;739;739;4;0;0;0;2394;0
517494;533;66;1;0;119;190;3235;0
517497;734;119;2;0;0;190;3235;0
517500;748;190;3;0;0;0;3235;0
517501;625;625;4;0;0;0;2610;0
518499;533;43;1;0;86;140;3214;0
518501;757;86;2;0;0;140;3214;0
518503;804;140;3;0;0;0;3214;0
518505;731;731;4;0;0;0;2483;0
519508;533;77;1;0;151;245;3635;0
519511;723;151;2;0;0;245;3635;0
519514;705;245;3;0;0;0;3635;0
519516;527;527;4;0;0;0;3108;0
520511;533;83;1;0;137;246;4124;0
520514;717;137;2;0;0;246;4124;0
520515;713;246;3;0;0;0;4124;0
520517;534;534;4;0;0;0;3590;0
521521;533;48;1;0;73;113;4174;0
521523;752;73;2;0;0;113;4174;0
521525;812;113;3;0;0;0;4174;0
521527;766;766;4;0;0;0;3408;0
522536;533;63;1;0;126;205;4327;0
522538;737;126;2;0;0;205;4327;0
522540;744;205;3;0;0;0;4327;0
522543;606;606;4;0;0;0;3721;0
523539;533;18;1;0;35;71;4075;0
523542;782;35;2;0;0;71;4075;0
523544;880;71;3;0;0;0;4075;0
523546;876;876;4;0;0;0;3199;0
524543;533;89;1;0;150;262;4292;0
524546;711;150;2;0;0;262;4292;0
524548;694;262;3;0;0;0;4292;0
524550;499;499;4;0;0;0;3793;0
525554;533;86;1;0;172;235;4899;0
525557;714;172;2;0;0;235;4899;0
525560;675;235;3;0;0;0;4899;0
525562;507;507;4;0;0;0;4392;0
526561;533;76;1;0;175;247;5597;0
526564;724;175;2;0;0;247;5597;0
526566;682;247;3;0;0;0;5597;0
526568;502;502;4;0;0;0;5095;0
527570;533;61;1;0;121;158;5863;0
527573;739;121;2;0;0;158;5863;0
527576;751;158;3;0;0;0;5863;0
527578;660;660;4;0;0;0;5203;0
528583;533;114;1;0;203;282;6604;0
528587;686;203;2;0;0;282;6604;0
528591;616;282;3;0;0;0;6604;0
528593;401;401;4;0;0;0;6203;0
529591;533;80;1;0;210;312;7601;0
529593;720;210;2;0;0;312;7601;0
529595;643;312;3;0;0;0;7601;0
529598;398;398;4;0;0;0;7203;0
530596;533;32;1;0;109;164;7902;0
530598;768;109;2;0;0;164;7902;0
530599;792;164;3;0;0;0;7902;0
530601;695;695;4;0;0;0;7207;0
531606;533;60;1;0;129;158;7974;0
531608;740;129;2;0;0;158;7974;0
531611;744;158;3;0;0;0;7974;0
531613;653;653;4;0;0;0;7321;0
532620;533;77;1;0;174;243;8442;0
532623;723;174;2;0;0;243;8442;0
532625;682;243;3;0;0;0;8442;0
532627;506;506;4;0;0;0;7936;0
533622;533;113;1;0;181;305;9337;0
533624;687;181;2;0;0;305;9337;0
533627;639;305;3;0;0;0;9337;0
533629;401;401;4;0;0;0;8936;0
534627;533;101;1;0;187;253;10192;0
534630;699;187;2;0;0;253;10192;0
534633;645;253;3;0;0;0;10192;0
534634;459;459;4;0;0;0;9733;0
535639;533;48;1;0;108;149;10452;0
535642;752;108;2;0;0;149;10452;0
535646;695;695;4;0;0;0;9757;0
535645;777;149;3;0;0;0;10452;0
536649;533;62;1;0;118;188;10596;0
536652;738;118;2;0;0;188;10596;0
536654;753;188;3;0;0;0;10596;0
536655;632;632;4;0;0;0;9964;0
537653;533;92;1;0;180;303;11389;0
537656;708;180;2;0;0;303;11389;0
537658;661;303;3;0;0;0;11389;0
537660;425;425;4;0;0;0;10964;0
538667;533;73;1;0;144;215;11968;0
538670;727;144;2;0;0;215;11968;0
538673;716;215;3;0;0;0;11968;0
538675;568;568;4;0;0;0;11400;0
539673;533;83;1;0;192;282;12721;0
539675;717;192;2;0;0;282;12721;0
539678;658;282;3;0;0;0;12721;0
539680;443;443;4;0;0;0;12278;0
540682;533;27;1;0;59;91;12745;0
540684;773;59;2;0;0;91;12745;0
540685;847;91;3;0;0;0;12745;0
540687;823;823;4;0;0;0;11922;0
541689;533;82;1;0;169;318;13228;0
541691;718;169;2;0;0;318;13228;0
541693;682;318;3;0;0;0;13228;0
541694;431;431;4;0;0;0;12797;0
542689;533;99;1;0;221;291;14186;0
542691;701;221;2;0;0;291;14186;0
542694;613;291;3;0;0;0;14186;0
542697;389;389;4;0;0;0;13797;0
543692;533;61;1;0;102;165;14558;0
543695;739;102;2;0;0;165;14558;0
543697;770;165;3;0;0;0;14558;0
543699;672;672;4;0;0;0;13886;0
544698;533;79;1;0;157;232;15056;0
544700;721;157;2;0;0;232;15056;0
544702;697;232;3;0;0;0;15056;0
544705;532;532;4;0;0;0;14524;0
545703;533;117;1;0;191;248;15784;0
545705;683;191;2;0;0;248;15784;0
545706;625;248;3;0;0;0;15784;0
545708;444;444;4;0;0;0;15340;0
546711;533;59;1;0;111;205;16199;0
546714;741;111;2;0;0;205;16199;0
546715;763;205;3;0;0;0;16199;0
546717;625;625;4;0;0;0;15574;0
547713;533;82;1;0;175;271;16738;0
547715;718;175;2;0;0;271;16738;0
547717;676;271;3;0;0;0;16738;0
547719;472;472;4;0;0;0;16266;0
548725;533;67;1;0;163;220;17389;0
548729;733;163;2;0;0;220;17389;0
548731;703;220;3;0;0;0;17389;0
548734;550;550;4;0;0;0;16839;0
549739;533;45;1;0;78;129;17474;0
549741;755;78;2;0;0;129;17474;0
549743;810;129;3;0;0;0;17474;0
549746;748;748;4;0;0;0;16726;0
550756;533;55;1;0;90;107;17289;0
550759;745;90;2;0;0;107;17289;0
550762;788;107;3;0;0;0;17289;0
550763;748;748;4;0;0;0;16541;0
551770;533;69;1;0;163;256;17693;0
551773;731;163;2;0;0;256;17693;0
551776;701;256;3;0;0;0;17693;0
551779;512;512;4;0;0;0;17181;0
552775;533;88;1;0;202;305;18586;0
552777;712;202;2;0;0;305;18586;0
552780;643;305;3;0;0;0;18586;0
552783;405;405;4;0;0;0;18181;0
553779;533;55;1;0;91;139;18913;0
553780;745;91;2;0;0;139;18913;0
553781;787;139;3;0;0;0;18913;0
553783;715;715;4;0;0;0;18198;0
554781;533;85;1;0;185;316;19591;0
554784;715;185;2;0;0;316;19591;0
554787;663;316;3;0;0;0;19591;0
554788;414;414;4;0;0;0;19177;0
555784;533;91;1;0;201;306;20579;0
555786;709;201;2;0;0;306;20579;0
555788;641;306;3;0;0;0;20579;0
555790;402;402;4;0;0;0;20177;0
556795;533;52;1;0;105;154;20919;0
556799;748;105;2;0;0;154;20919;0
556801;776;154;3;0;0;0;20919;0
556803;689;689;4;0;0;0;20230;0
557797;533;88;1;0;156;228;21187;290
557800;712;156;2;0;0;228;21187;290
557803;689;228;3;0;0;0;21187;290
557805;528;528;4;0;0;0;20659;290
558801;533;29;1;0;36;77;20984;290
558805;771;36;2;0;0;77;20984;290
558807;868;77;3;0;0;0;20984;290
558810;858;858;4;0;0;0;20126;290
559812;533;78;1;0;151;235;20684;830
559815;722;151;2;0;0;235;20684;830
559817;704;235;3;0;0;0;20684;830
559819;536;536;4;0;0;0;20148;830
560820;533;44;1;0;100;143;20395;1252
560821;756;100;2;0;0;143;20395;1252
560823;789;143;3;0;0;0;20395;1252
560826;713;713;4;0;0;0;19682;1252
561829;533;53;1;0;105;133;19937;1706
561831;747;105;2;0;0;133;19937;1706
561834;775;133;3;0;0;0;19937;1706
561835;709;709;4;0;0;0;19228;1706
562832;533;91;1;0;193;275;19930;2232
562834;709;193;2;0;0;275;19930;2232
562836;649;275;3;0;0;0;19930;2232
562838;441;441;4;0;0;0;19489;2232
563836;533;72;1;0;161;235;20535;2299
563839;728;161;2;0;0;235;20535;2299
563842;700;235;3;0;0;0;20535;2299
563845;532;532;4;0;0;0;20003;2299
564837;533;103;1;0;202;291;20780;2926
564840;697;202;2;0;0;291;20780;2926
564843;628;291;3;0;0;0;20780;2926
564846;404;404;4;0;0;0;20376;2926
565848;533;101;1;0;183;309;20370;4339
565850;699;183;2;0;0;309;20370;4339
565852;649;309;3;0;0;0;20370;4339
565855;407;407;4;0;0;0;19963;4339
566859;533;15;1;0;38;68;20165;4450
566861;785;38;2;0;0;68;20165;4450
566862;880;68;3;0;0;0;20165;4450
566863;879;879;4;0;0;0;19286;4450
567865;533;54;1;0;96;125;19443;5018
567867;746;96;2;0;0;125;19443;5018
567868;783;125;3;0;0;0;19443;5018
567869;725;725;4;0;0;0;18718;5018
568878;533;43;1;0;79;153;18948;5474
568879;757;79;2;0;0;153;18948;5474
568881;811;153;3;0;0;0;18948;5474
568883;725;725;4;0;0;0;18223;5474
569889;533;82;1;0;193;276;19458;5474
569891;718;193;2;0;0;276;19458;5474
569892;658;276;3;0;0;0;19458;5474
569895;449;449;4;0;0;0;19009;5474
570902;533;24;1;0;50;71;19329;5498
570904;776;50;2;0;0;71;19329;5498
570906;859;71;3;0;0;0;19329;5498
570908;855;855;4;0;0;0;18474;5498
571907;533;56;1;0;93;157;19153;5498
571909;744;93;2;0;0;157;19153;5498
571911;784;157;3;0;0;0;19153;5498
571914;694;694;4;0;0;0;18459;5498
572910;533;15;1;0;34;75;18002;6240
572912;785;34;2;0;0;75;18002;6240
572913;884;75;3;0;0;0;18002;6240
572916;876;876;4;0;0;0;17126;6240
573915;533;108;1;0;214;294;18510;6240
573917;692;214;2;0;0;294;18510;6240
573919;611;294;3;0;0;0;18510;6240
573920;384;384;4;0;0;0;18126;6240
574929;533;66;1;0;139;191;18605;6677
574932;734;139;2;0;0;191;18605;6677
574934;728;191;3;0;0;0;18605;6677
574937;604;604;4;0;0;0;18001;6677
575928;533;52;1;0;97;105;16924;8296
575930;748;97;2;0;0;105;16924;8296
575931;784;105;3;0;0;0;16924;8296
575934;746;746;4;0;0;0;16178;8296
576930;533;42;1;0;77;105;16715;8296
576933;758;77;2;0;0;105;16715;8296
576935;814;105;3;0;0;0;16715;8296
576937;776;776;4;0;0;0;15939;8296
577938;533;84;1;0;219;291;17005;8636
577939;716;219;2;0;0;291;17005;8636
577942;630;291;3;0;0;0;17005;8636
577945;406;406;4;0;0;0;16599;8636
578939;533;86;1;0;175;245;17784;8636
578941;714;175;2;0;0;245;17784;8636
578944;672;245;3;0;0;0;17784;8636
578947;494;494;4;0;0;0;17290;8636
579942;533;36;1;0;84;96;17800;8702
579944;764;84;2;0;0;96;17800;8702
579945;813;96;3;0;0;0;17800;8702
579947;784;784;4;0;0;0;17016;8702
580948;533;98;1;0;193;301;18312;8702
580950;702;193;2;0;0;301;18312;8702
580952;642;301;3;0;0;0;18312;8702
580954;408;408;4;0;0;0;17904;8702
581957;533;27;1;0;95;100;18397;8702
581960;773;95;2;0;0;100;18397;8702
581962;811;100;3;0;0;0;18397;8702
581963;778;778;4;0;0;0;17619;8702
582964;533;81;1;0;176;300;17853;9795
582966;719;176;2;0;0;300;17853;9795
582968;676;300;3;0;0;0;17853;9795
582971;443;443;4;0;0;0;17410;9795
583970;533;36;1;0;67;88;17227;10399
583972;764;67;2;0;0;88;17227;10399
583974;830;88;3;0;0;0;17227;10399
583976;809;809;4;0;0;0;16418;10399
584974;533;59;1;0;138;202;16360;11423
584975;741;138;2;0;0;202;16360;11423
584978;736;202;3;0;0;0;16360;11423
584980;601;601;4;0;0;0;15759;11423
585988;533;74;1;0;129;219;16757;11423
585991;726;129;2;0;0;219;16757;11423
585993;730;219;3;0;0;0;16757;11423
585997;578;578;4;0;0;0;16179;11423
586999;533;105;1;0;213;301;17515;11423
587001;695;213;2;0;0;301;17515;11423
587003;615;301;3;0;0;0;17515;11423
587005;381;381;4;0;0;0;17134;11423
588009;533;85;1;0;183;308;18558;11423
588012;715;183;2;0;0;308;18558;11423
588014;665;308;3;0;0;0;18558;11423
588017;424;424;4;0;0;0;18134;11423
589013;533;113;1;0;199;290;19372;11583
589014;687;199;2;0;0;290;19372;11583
589016;621;290;3;0;0;0;19372;11583
589018;398;398;4;0;0;0;18974;11583
590023;533;68;1;0;131;191;18924;12471
590026;732;131;2;0;0;191;18924;12471
590028;734;191;3;0;0;0;18924;12471
590031;610;610;4;0;0;0;18314;12471
591036;533;58;1;0;109;163;19141;12471
591039;742;109;2;0;0;163;19141;12471
591042;766;163;3;0;0;0;19141;12471
591044;670;670;4;0;0;0;18471;12471
592044;533;95;1;0;161;303;19893;12490
592047;705;161;2;0;0;303;19893;12490
592049;677;303;3;0;0;0;19893;12490
592051;441;441;4;0;0;0;19452;12490
593050;533;97;1;0;196;286;20791;12490
593053;703;196;2;0;0;286;20791;12490
593055;640;286;3;0;0;0;20791;12490
593057;421;421;4;0;0;0;20370;12490
594058;533;34;1;0;74;106;20302;13033
594060;766;74;2;0;0;106;20302;13033
594062;825;106;3;0;0;0;20302;13033
594063;786;786;4;0;0;0;19516;13033
595064;533;18;1;0;30;40;19444;13388
595067;782;30;2;0;0;40;19444;13388
595068;885;40;3;0;0;0;19444;13388
595070;912;912;4;0;0;0;18532;13388
596067;533;55;1;0;105;137;19211;13388
596070;745;105;2;0;0;137;19211;13388
596072;773;137;3;0;0;0;19211;13388
596074;703;703;4;0;0;0;18508;13388
597075;533;81;1;0;200;251;19788;13388
597078;719;200;2;0;0;251;19788;13388
597081;652;251;3;0;0;0;19788;13388
597083;468;468;4;0;0;0;19320;13388
598078;533;81;1;0;154;217;19749;13944
598081;719;154;2;0;0;217;19749;13944
598083;698;217;3;0;0;0;19749;13944
598086;548;548;4;0;0;0;19201;13944
599082;533;107;1;0;210;287;20161;14380
599085;693;210;2;0;0;287;20161;14380
599087;616;287;3;0;0;0;20161;14380
599089;396;396;4;0;0;0;19765;14380
600088;533;62;1;0;142;191;20640;14380
600091;738;142;2;0;0;191;20640;14380
600094;729;191;3;0;0;0;20640;14380
600096;605;605;4;0;0;0;20035;14380
601093;533;69;1;0;144;226;19820;15634
601096;731;144;2;0;0;226;19820;15634
601097;720;226;3;0;0;0;19820;15634
601099;561;561;4;0;0;0;19259;15634
602094;533;51;1;0;94;162;19916;15634
602097;749;94;2;0;0;162;19916;15634
602099;788;162;3;0;0;0;19916;15634
602101;693;693;4;0;0;0;19223;15634
603095;533;54;1;0;113;139;19737;15811
603096;746;113;2;0;0;139;19737;15811
603098;766;139;3;0;0;0;19737;15811
603099;694;694;4;0;0;0;19043;15811
604097;533;77;1;0;149;209;19955;15927
604101;723;149;2;0;0;209;19955;15927
604102;707;209;3;0;0;0;19955;15927
604104;565;565;4;0;0;0;19390;15927
605098;533;40;1;0;89;149;20000;15927
605100;760;89;2;0;0;149;20000;15927
605101;804;149;3;0;0;0;20000;15927
605104;722;722;4;0;0;0;19278;15927
606109;533;66;1;0;89;153;19798;16099
606111;734;89;2;0;0;153;19798;16099
606114;778;153;3;0;0;0;19798;16099
606116;692;692;4;0;0;0;19106;16099
607114;533;55;1;0;119;176;19518;16541
607116;745;119;2;0;0;176;19518;16541
607118;759;176;3;0;0;0;19518;16541
607120;650;650;4;0;0;0;18868;16541
608114;533;112;1;0;166;261;18370;18300
608117;688;166;2;0;0;261;18370;18300
608119;655;261;3;0;0;0;18370;18300
608121;461;461;4;0;0;0;17909;18300
609115;533;29;1;0;74;102;18237;18448
609120;771;167;2;63;0;248;18910;18448
609122;737;248;3;63;0;0;18910;18448
609124;556;556;4;63;0;0;18354;18448
610118;533;63;1;0;0;0;18238;18564
610123;737;105;2;49;0;135;18949;18564
610125;765;135;3;49;0;0;18949;18564
610128;697;697;4;49;0;0;18252;18564
611127;533;97;1;0;116;144;18849;18659
611133;703;221;2;45;0;291;19552;18659
611135;615;291;3;45;0;0;19552;18659
611138;391;391;4;45;0;0;19161;18659
612134;533;83;1;0;112;140;18294;20236
612142;643;278;3;50;0;0;19011;20236
612140;717;207;2;50;0;278;19011;20236
612143;432;432;4;50;0;0;18579;20236
613140;533;98;1;0;98;140;18854;20675
613143;702;115;2;11;0;163;18975;20675
613145;720;163;3;11;0;0;18975;20675
613146;624;624;4;11;0;0;18351;20675
614149;533;31;1;0;30;59;18570;20704
614151;769;118;2;41;0;174;19158;20704
614154;784;174;3;41;0;0;19158;20704
614155;677;677;4;41;0;0;18481;20704
615161;533;54;1;0;30;62;18693;20704
615163;746;81;2;23;0;120;19024;20704
615166;798;120;3;23;0;0;19024;20704
615169;745;745;4;23;0;0;18279;20704
616163;533;67;1;0;91;160;18961;20704
616166;733;115;2;17;0;217;19194;20704
616168;751;217;3;17;0;0;19194;20704
616170;601;601;4;17;0;0;18593;20704
617167;533;44;1;0;54;62;18968;20704
617170;756;54;2;0;0;62;18968;20704
617172;835;211;3;45;100;0;19674;20704
617175;691;691;4;45;100;0;18983;20704
618176;533;65;1;0;144;62;18642;21337
618182;735;238;2;51;0;200;19273;21337
618184;630;200;3;51;0;0;19273;21337
618186;497;497;4;51;0;0;18776;21337
619190;533;51;1;0;0;0;18421;21692
619195;749;99;2;43;0;113;19063;21692
619198;737;737;4;43;0;0;18326;21692
619197;783;113;3;43;0;0;19063;21692
620198;533;62;1;0;46;62;18054;22301
620200;738;94;2;25;0;130;18389;22301
620202;777;130;3;25;0;0;18389;22301
620205;714;714;4;25;0;0;17675;22301
621208;533;49;1;0;35;56;17657;22553
621213;751;124;2;45;0;188;18273;22553
621215;760;188;3;45;0;0;18273;22553
621217;639;639;4;45;0;0;17634;22553
622211;533;45;1;0;0;0;17634;22553
622213;755;0;2;0;0;0;17634;22553
622216;888;91;3;29;56;0;18001;22553
622218;864;864;4;29;56;0;17137;22553
623219;533;70;1;0;144;153;17384;22899
623220;730;144;2;0;0;153;17384;22899
623223;719;153;3;0;0;0;17384;22899
623226;633;633;4;0;0;0;16751;22899
624226;533;39;1;0;110;140;17462;22899
624227;761;110;2;0;0;140;17462;22899
624232;784;247;3;43;70;0;17974;22899
624235;604;604;4;43;70;0;17370;22899
625232;533;105;1;0;161;161;17974;22899
625235;695;161;2;0;0;161;17974;22899
625238;667;161;3;0;0;0;17974;22899
625239;573;573;4;0;0;0;17401;22899
626234;533;19;1;0;24;48;17651;22899
626236;781;24;2;0;0;48;17651;22899
626239;890;48;3;0;0;0;17651;22899
626241;909;909;4;0;0;0;16742;22899
627237;533;52;1;0;113;159;17418;22899
627239;748;113;2;0;0;159;17418;22899
627241;768;159;3;0;0;0;17418;22899
627244;676;676;4;0;0;0;16742;22899
628245;533;79;1;0;176;251;17668;23080
628247;721;176;2;0;0;251;17668;23080
628248;678;251;3;0;0;0;17668;23080
628251;494;494;4;0;0;0;17174;23080
629259;533;34;1;0;54;68;16673;23931
629262;766;54;2;0;0;68;16673;23931
629264;845;68;3;0;0;0;16673;23931
629265;844;844;4;0;0;0;15829;23931
630272;533;97;1;0;139;260;16959;23931
630274;703;139;2;0;0;260;16959;23931
630278;697;393;3;42;94;0;17641;23931
630281;371;371;4;42;94;0;17270;23931
631273;533;88;1;0;195;154;17061;24839
631275;712;195;2;0;0;154;17061;24839
631276;650;154;3;0;0;0;17061;24839
631278;563;563;4;0;0;0;16498;24839
632289;533;79;1;0;164;256;16207;26201
632293;721;164;2;0;0;256;16207;26201
632297;690;418;3;60;108;0;16877;26201
632300;339;339;4;60;108;0;16538;26201
633298;533;82;1;0;143;46;16673;26337
633302;718;143;2;0;0;46;16673;26337
633307;681;681;4;12;38;0;16238;26337
633305;708;94;3;12;38;0;16919;26337
634302;533;68;1;0;141;139;16762;26422
634304;732;215;2;25;0;246;17242;26422
634307;650;246;3;25;0;0;17242;26422
634310;471;471;4;25;0;0;16771;26422
635311;533;52;1;0;42;71;16944;26539
635314;748;86;2;24;0;132;17258;26539
635317;795;132;3;24;0;0;17258;26539
635318;730;730;4;24;0;0;16528;26539
636325;533;24;1;0;0;0;16033;27034
636327;776;0;2;0;0;0;16033;27034
636332;909;150;3;55;99;0;16729;27034
636335;826;826;4;55;99;0;15903;27034
637340;533;111;1;0;197;157;16592;27034
637342;689;321;2;41;0;301;17283;27034
637346;501;301;3;41;0;0;17283;27034
637349;267;267;4;41;0;0;17016;27034
638344;533;81;1;0;77;105;17059;27547
638347;719;77;2;0;0;105;17059;27547
638351;775;235;3;51;99;0;17779;27547
638353;607;607;4;51;99;0;17172;27547
639350;533;57;1;0;128;38;17355;27571
639353;743;128;2;0;0;38;17355;27571
639355;748;38;3;0;0;0;17355;27571
639356;777;777;4;0;0;0;16578;27571
640365;533;80;1;0;149;244;17626;27773
640367;720;149;2;0;0;244;17626;27773
640370;704;244;3;0;0;0;17626;27773
640372;527;527;4;0;0;0;17099;27773
641373;533;39;1;0;107;143;17768;27815
641380;761;184;2;32;0;267;18319;27815
641383;710;267;3;32;0;0;18319;27815
641387;510;510;4;32;0;0;17809;27815
642384;533;32;1;0;0;0;17703;27921
642388;768;100;2;51;0;150;18402;27921
642391;801;150;3;51;0;0;18402;27921
642394;718;718;4;51;0;0;17684;27921
643392;533;52;1;0;1;1;17456;28163
643395;748;36;2;19;0;49;17691;28163
643397;845;49;3;19;0;0;17691;28163
643399;863;863;4;19;0;0;16828;28163
644403;533;53;1;0;64;125;17414;28163
644407;747;134;2;29;0;234;17930;28163
644409;746;234;3;29;0;0;17930;28163
644412;579;579;4;29;0;0;17351;28163
645417;533;76;1;0;120;153;17976;28163
645419;724;120;2;0;0;153;17976;28163
645421;737;153;3;0;0;0;17976;28163
645424;651;651;4;0;0;0;17325;28163
646422;533;25;1;0;28;60;17569;28163
646427;775;73;2;23;0;125;17875;28163
646430;835;125;3;23;0;0;17875;28163
646432;777;777;4;23;0;0;17098;28163
647433;533;55;1;0;56;84;17076;28560
647438;745;130;2;49;0;189;17616;28560
647440;748;189;3;49;0;0;17616;28560
647442;626;626;4;49;0;0;16990;28560
648438;533;85;1;0;57;103;17417;28560
648441;715;57;2;0;0;103;17417;28560
648444;755;755;4;0;0;0;16662;28560
648443;791;103;3;0;0;0;17417;28560
649441;533;31;1;0;63;115;17160;28560
649444;769;128;2;31;0;209;17529;28560
649446;774;209;3;31;0;0;17529;28560
649447;632;632;4;31;0;0;16897;28560
650441;533;60;1;0;67;84;17237;28620
650443;740;67;2;0;0;84;17237;28620
650444;806;84;3;0;0;0;17237;28620
650448;789;789;4;0;0;0;16448;28620
651454;533;23;1;0;67;79;15868;29576
651456;777;67;2;0;0;79;15868;29576
651458;843;79;3;0;0;0;15868;29576
651459;831;831;4;0;0;0;15037;29576
652457;533;37;1;0;61;124;15417;29734
652460;763;61;2;0;0;124;15417;29734
652461;835;124;3;0;0;0;15417;29734
652463;778;778;4;0;0;0;14639;29734
653470;533;90;1;0;182;284;16027;29734
653472;710;182;2;0;0;284;16027;29734
653474;661;284;3;0;0;0;16027;29734
653476;444;444;4;0;0;0;15583;29734
654485;533;46;1;0;88;121;15884;30026
654487;754;88;2;0;0;121;15884;30026
654491;745;745;4;0;0;0;15139;30026
654489;799;121;3;0;0;0;15884;30026
655494;533;90;1;0;154;264;16283;30026
655496;710;154;2;0;0;264;16283;30026
655498;689;264;3;0;0;0;16283;30026
655500;492;492;4;0;0;0;15791;30026
656499;533;107;1;0;188;245;17088;30026
656501;693;188;2;0;0;245;17088;30026
656503;638;245;3;0;0;0;17088;30026
656505;460;460;4;0;0;0;16628;30026
657504;533;102;1;0;190;305;16705;31352
657507;698;190;2;0;0;305;16705;31352
657509;641;305;3;0;0;0;16705;31352
657511;403;403;4;0;0;0;16302;31352
658510;533;76;1;0;186;239;17461;31352
658512;724;186;2;0;0;239;17461;31352
658514;671;239;3;0;0;0;17461;31352
658517;499;499;4;0;0;0;16962;31352
659518;533;79;1;0;198;265;17445;32070
659520;721;198;2;0;0;265;17445;32070
659523;656;265;3;0;0;0;17445;32070
659525;458;458;4;0;0;0;16987;32070
660533;533;55;1;0;76;160;17500;32266
660535;745;76;2;0;0;160;17500;32266
660537;802;160;3;0;0;0;17500;32266
660540;709;709;4;0;0;0;16791;32266
661536;533;72;1;0;129;214;17800;32266
661538;728;129;2;0;0;214;17800;32266
661542;732;214;3;0;0;0;17800;32266
661547;585;585;4;0;0;0;17215;32266
662545;533;56;1;0;106;183;17511;32830
662547;744;106;2;0;0;183;17511;32830
662549;771;183;3;0;0;0;17511;32830
662551;655;655;4;0;0;0;16856;32830
663556;533;27;1;0;86;116;17323;32888
663558;773;86;2;0;0;116;17323;32888
663560;820;116;3;0;0;0;17323;32888
663562;771;771;4;0;0;0;16552;32888
664572;533;38;1;0;62;86;16941;32938
664574;762;62;2;0;0;86;16941;32938
664577;833;86;3;0;0;0;16941;32938
664580;814;814;4;0;0;0;16127;32938
665578;533;88;1;0;152;234;16924;33265
665580;712;152;2;0;0;234;16924;33265
665583;693;234;3;0;0;0;16924;33265
665585;526;526;4;0;0;0;16398;33265
666593;533;15;1;0;42;62;16667;33265
666595;785;42;2;0;0;62;16667;33265
666597;876;62;3;0;0;0;16667;33265
666599;881;881;4;0;0;0;15786;33265
667596;533;29;1;0;81;105;16341;33265
667598;771;81;2;0;0;105;16341;33265
667599;823;105;3;0;0;0;16341;33265
667601;785;785;4;0;0;0;15556;33265
668604;533;33;1;0;74;96;16068;33265
668606;767;74;2;0;0;96;16068;33265
668608;826;96;3;0;0;0;16068;33265
668609;797;797;4;0;0;0;15271;33265
669612;533;34;1;0;51;67;15589;33265
669614;766;51;2;0;0;67;15589;33265
669616;848;67;3;0;0;0;15589;33265
669617;848;848;4;0;0;0;14741;33265
670615;533;95;1;0;198;316;16132;33265
670617;705;198;2;0;0;316;16132;33265
670619;640;316;3;0;0;0;16132;33265
670622;391;391;4;0;0;0;15741;33265
671616;533;62;1;0;156;218;16668;33265
671618;738;156;2;0;0;218;16668;33265
671619;715;218;3;0;0;0;16668;33265
671621;564;564;4;0;0;0;16104;33265
672623;533;36;1;0;58;116;16563;33265
672625;764;58;2;0;0;116;16563;33265
672626;839;116;3;0;0;0;16563;33265
672628;790;790;4;0;0;0;15773;33265
673623;533;113;1;0;219;299;17142;33265
673625;687;219;2;0;0;299;17142;33265
673627;601;299;3;0;0;0;17142;33265
673628;369;369;4;0;0;0;16773;33265
674627;533;96;1;0;210;260;18120;33265
674629;704;210;2;0;0;260;18120;33265
674631;627;260;3;0;0;0;18120;33265
674634;434;434;4;0;0;0;17686;33265
675639;533;61;1;0;117;200;17783;34078
675643;739;117;2;0;0;200;17783;34078
675647;755;200;3;0;0;0;17783;34078
675651;622;622;4;0;0;0;17161;34078
676645;533;93;1;0;215;291;17260;35380
676648;707;215;2;0;0;291;17260;35380
676650;625;291;3;0;0;0;17260;35380
676653;401;401;4;0;0;0;16859;35380
677650;533;50;1;0;99;178;17066;35941
677652;750;99;2;0;0;178;17066;35941
677654;784;178;3;0;0;0;17066;35941
677656;673;673;4;0;0;0;16393;35941
678660;533;107;1;0;170;297;17519;36241
678662;693;170;2;0;0;297;17519;36241
678663;656;297;3;0;0;0;17519;36241
678665;426;426;4;0;0;0;17093;36241
679670;533;71;1;0;165;232;17486;37016
679672;729;165;2;0;0;232;17486;37016
679674;697;232;3;0;0;0;17486;37016
679676;532;532;4;0;0;0;16954;37016
680678;533;79;1;0;160;253;17375;37730
680681;721;160;2;0;0;253;17375;37730
680686;694;253;3;0;0;0;17375;37730
680690;508;508;4;0;0;0;16867;37730
681685;533;76;1;0;155;240;17971;37730
681686;724;155;2;0;0;240;17971;37730
681688;702;240;3;0;0;0;17971;37730
681691;529;529;4;0;0;0;17442;37730
682694;533;92;1;0;169;274;18697;37758
682696;708;169;2;0;0;274;18697;37758
682697;672;274;3;0;0;0;18697;37758
682699;465;465;4;0;0;0;18232;37758
683701;533;57;1;0;108;182;18676;38085
683703;743;108;2;0;0;182;18676;38085
683704;768;182;3;0;0;0;18676;38085
683706;653;653;4;0;0;0;18023;38085
684709;533;69;1;0;171;224;19215;38085
684712;731;171;2;0;0;224;19215;38085
684714;693;224;3;0;0;0;19215;38085
684717;536;536;4;0;0;0;18679;38085
685726;533;71;1;0;167;239;19494;38459
685728;729;167;2;0;0;239;19494;38459
685730;695;239;3;0;0;0;19494;38459
685732;523;523;4;0;0;0;18971;38459
686730;533;64;1;0;135;198;19913;38459
686733;736;135;2;0;0;198;19913;38459
686736;734;198;3;0;0;0;19913;38459
686739;603;603;4;0;0;0;19310;38459
687743;533;56;1;0;132;205;20235;38459
687748;745;205;3;0;0;0;20235;38459
687746;744;132;2;0;0;205;20235;38459
687750;607;607;4;0;0;0;19628;38459
688746;533;32;1;0;88;117;20208;38459
688748;768;88;2;0;0;117;20208;38459
688750;813;117;3;0;0;0;20208;38459
688752;763;763;4;0;0;0;19445;38459
689758;533;13;1;0;41;60;19716;38459
689761;787;41;2;0;0;60;19716;38459
689762;879;60;3;0;0;0;19716;38459
689765;886;886;4;0;0;0;18830;38459
690770;533;48;1;0;90;131;19485;38459
690772;752;90;2;0;0;131;19485;38459
690774;795;131;3;0;0;0;19485;38459
690776;731;731;4;0;0;0;18754;38459
691781;533;21;1;0;43;65;19058;38459
691783;779;43;2;0;0;65;19058;38459
691785;869;65;3;0;0;0;19058;38459
691787;871;871;4;0;0;0;18187;38459
692790;533;23;1;0;44;64;18473;38459
692791;777;44;2;0;0;64;18473;38459
692793;866;64;3;0;0;0;18473;38459
692794;869;869;4;0;0;0;17604;38459
693805;533;47;1;0;81;140;17631;39096
693808;753;81;2;0;0;140;17631;39096
693810;805;140;3;0;0;0;17631;39096
693811;732;732;4;0;0;0;16899;39096
694806;533;53;1;0;89;149;17524;39096
694808;747;89;2;0;0;149;17524;39096
694809;791;149;3;0;0;0;17524;39096
694811;709;709;4;0;0;0;16815;39096
695808;533;21;1;0;32;49;16902;39222
695810;779;32;2;0;0;49;16902;39222
695810;880;49;3;0;0;0;16902;39222
695812;898;898;4;0;0;0;16004;39222
696819;533;93;1;0;175;272;16712;39831
696821;707;175;2;0;0;272;16712;39831
696823;665;272;3;0;0;0;16712;39831
696825;460;460;4;0;0;0;16252;39831
697832;533;79;1;0;198;284;17392;40033
697834;721;198;2;0;0;284;17392;40033
697835;656;284;3;0;0;0;17392;40033
697838;439;439;4;0;0;0;16953;40033
698844;533;49;1;0;91;151;16277;41388
698845;751;91;2;0;0;151;16277;41388
698848;793;151;3;0;0;0;16277;41388
698852;709;709;4;0;0;0;15568;41388
699856;533;36;1;0;74;107;15931;41479
699857;764;74;2;0;0;107;15931;41479
699860;823;107;3;0;0;0;15931;41479
699863;783;783;4;0;0;0;15148;41479
700863;533;50;1;0;126;187;15771;41831
700865;750;126;2;0;0;187;15771;41831
700866;757;187;3;0;0;0;15771;41831
700869;637;637;4;0;0;0;15134;41831
701870;533;42;1;0;104;158;15837;41831
701873;758;104;2;0;0;158;15837;41831
701876;787;158;3;0;0;0;15837;41831
701879;696;696;4;0;0;0;15141;41831
702878;533;21;1;0;36;55;14988;42240
702879;779;36;2;0;0;55;14988;42240
702881;876;55;3;0;0;0;14988;42240
702883;888;888;4;0;0;0;14100;42240
703881;533;77;1;0;149;252;15080;42325
703885;723;149;2;0;0;252;15080;42325
703891;707;252;3;0;0;0;15080;42325
703895;522;522;4;0;0;0;14558;42325
704891;533;89;1;0;143;229;15237;42712
704894;711;143;2;0;0;229;15237;42712
704896;701;229;3;0;0;0;15237;42712
704898;539;539;4;0;0;0;14698;42712
705894;533;102;1;0;225;320;15060;43703
705896;698;225;2;0;0;320;15060;43703
705898;606;320;3;0;0;0;15060;43703
705900;353;353;4;0;0;0;14707;43703
706896;533;65;1;0;125;197;14963;44390
706899;735;125;2;0;0;197;14963;44390
706901;743;197;3;0;0;0;14963;44390
706903;613;613;4;0;0;0;14350;44390
707905;533;73;1;0;178;190;15384;44390
707907;727;178;2;0;0;190;15384;44390
707909;682;190;3;0;0;0;15384;44390
707911;559;559;4;0;0;0;14825;44390
708909;533;39;1;0;110;145;15538;44430
708911;761;110;2;0;0;145;15538;44430
708912;784;145;3;0;0;0;15538;44430
708914;706;706;4;0;0;0;14832;44430
709911;533;55;1;0;82;98;15219;44575
709918;796;98;3;0;0;0;15219;44575
709914;745;82;2;0;0;98;15219;44575
709921;765;765;4;0;0;0;14454;44575
710925;533;41;1;0;89;123;15054;44575
710927;759;89;2;0;0;123;15054;44575
710929;803;123;3;0;0;0;15054;44575
710932;747;747;4;0;0;0;14307;44575
711933;533;82;1;0;193;301;15725;44575
711935;718;193;2;0;0;301;15725;44575
711936;658;301;3;0;0;0;15725;44575
711938;424;424;4;0;0;0;15301;44575
712934;533;86;1;0;221;320;16674;44575
712936;714;221;2;0;0;320;16674;44575
712938;626;320;3;0;0;0;16674;44575
712941;373;373;4;0;0;0;16301;44575
713941;533;58;1;0;92;149;17068;44575
713943;742;92;2;0;0;149;17068;44575
713944;783;149;3;0;0;0;17068;44575
713947;701;701;4;0;0;0;16367;44575
714948;533;48;1;0;93;155;17064;44575
714950;752;93;2;0;0;155;17064;44575
714951;792;155;3;0;0;0;17064;44575
714953;704;704;4;0;0;0;16360;44575
715958;533;12;1;0;48;54;16712;44575
715961;788;48;2;0;0;54;16712;44575
715962;873;54;3;0;0;0;16712;44575
715964;886;886;4;0;0;0;15826;44575
716975;533;49;1;0;81;103;16358;44575
716976;751;81;2;0;0;103;16358;44575
716977;803;103;3;0;0;0;16358;44575
716979;767;767;4;0;0;0;15591;44575
717990;533;109;1;0;212;291;16979;44575
717994;691;212;2;0;0;291;16979;44575
717996;612;291;3;0;0;0;16979;44575
717998;388;388;4;0;0;0;16591;44575
718989;533;106;1;0;205;325;17955;44575
718991;694;205;2;0;0;325;17955;44575
718994;622;325;3;0;0;0;17955;44575
718996;364;364;4;0;0;0;17591;44575
720001;533;95;1;0;209;290;18997;44575
720005;705;209;2;0;0;290;18997;44575
720007;629;290;3;0;0;0;18997;44575
720009;406;406;4;0;0;0;18591;44575
721008;533;109;1;0;220;281;19483;45073
721015;604;281;3;0;0;0;19483;45073
721012;691;220;2;0;0;281;19483;45073
721017;390;390;4;0;0;0;19093;45073
722017;533;92;1;0;168;266;19940;45525
722019;708;168;2;0;0;266;19940;45525
722022;673;266;3;0;0;0;19940;45525
722025;474;474;4;0;0;0;19466;45525
723022;533;94;1;0;166;274;20559;45659
723024;706;166;2;0;0;274;20559;45659
723025;673;274;3;0;0;0;20559;45659
723027;466;466;4;0;0;0;20093;45659
724031;533;13;1;0;33;46;20333;45659
724033;787;33;2;0;0;46;20333;45659
724035;887;46;3;0;0;0;20333;45659
724036;908;908;4;0;0;0;19425;45659
725033;533;110;1;0;196;322;20743;45713
725035;690;196;2;0;0;322;20743;45713
725037;627;322;3;0;0;0;20743;45713
725039;372;372;4;0;0;0;20371;45713
726048;533;54;1;0;110;173;19361;47535
726051;746;110;2;0;0;173;19361;47535
726053;769;173;3;0;0;0;19361;47535
726055;663;663;4;0;0;0;18698;47535
727057;533;20;1;0;61;73;18882;47677
727058;780;61;2;0;0;73;18882;47677
727061;846;846;4;0;0;0;18036;47677
727060;852;73;3;0;0;0;18882;47677
728060;533;106;1;0;224;284;19422;47677
728063;694;224;2;0;0;284;19422;47677
728064;603;284;3;0;0;0;19422;47677
728067;386;386;4;0;0;0;19036;47677
729072;533;90;1;0;185;246;20015;47949
729075;710;185;2;0;0;246;20015;47949
729078;658;246;3;0;0;0;20015;47949
729080;479;479;4;0;0;0;19536;47949
730082;533;42;1;0;70;127;20101;47949
730084;758;70;2;0;0;127;20101;47949
730085;821;127;3;0;0;0;20101;47949
730086;761;761;4;0;0;0;19340;47949
731093;533;55;1;0;107;173;19929;48124
731095;745;107;2;0;0;173;19929;48124
731096;771;173;3;0;0;0;19929;48124
731098;665;665;4;0;0;0;19264;48124
732104;533;92;1;0;203;291;20628;48174
732106;708;203;2;0;0;291;20628;48174
732108;638;291;3;0;0;0;20628;48174
732110;414;414;4;0;0;0;20214;48174
733110;533;98;1;0;181;249;20233;49447
733113;702;181;2;0;0;249;20233;49447
733114;654;249;3;0;0;0;20233;49447
733116;472;472;4;0;0;0;19761;49447
734122;533;94;1;0;196;323;20951;49585
734124;706;196;2;0;0;323;20951;49585
734126;643;323;3;0;0;0;20951;49585
734129;387;387;4;0;0;0;20564;49585
735134;533;106;1;0;185;306;21738;49744
735136;694;185;2;0;0;306;21738;49744
735138;642;306;3;0;0;0;21738;49744
735141;403;403;4;0;0;0;21335;49744
736141;533;49;1;0;111;144;21468;50390
736144;751;111;2;0;0;144;21468;50390
736147;773;144;3;0;0;0;21468;50390
736150;696;696;4;0;0;0;20772;50390
737146;533;84;1;0;142;229;21809;50390
737149;716;142;2;0;0;229;21809;50390
737151;707;229;3;0;0;0;21809;50390
737152;545;545;4;0;0;0;21264;50390
738151;533;120;1;0;192;279;22095;50922
738155;680;192;2;0;0;279;22095;50922
738158;621;279;3;0;0;0;22095;50922
738160;409;409;4;0;0;0;21686;50922
739151;533;94;1;0;195;286;22335;51535
739154;706;195;2;0;0;286;22335;51535
739156;644;286;3;0;0;0;22335;51535
739159;425;425;4;0;0;0;21910;51535
740164;533;31;1;0;46;65;21030;52704
740167;769;46;2;0;0;65;21030;52704
740169;856;65;3;0;0;0;21030;52704
740171;858;858;4;0;0;0;20172;52704
741169;533;52;1;0;96;135;20242;53327
741172;748;96;2;0;0;135;20242;53327
741174;785;135;3;0;0;0;20242;53327
741176;717;717;4;0;0;0;19525;53327
742182;533;32;1;0;73;111;19811;53585
742183;768;73;2;0;0;111;19811;53585
742184;828;111;3;0;0;0;19811;53585
742186;784;784;4;0;0;0;19027;53585
743184;533;76;1;0;132;202;19516;54035
743186;724;132;2;0;0;202;19516;54035
743188;725;202;3;0;0;0;19516;54035
743191;590;590;4;0;0;0;18926;54035
744192;533;86;1;0;193;293;20177;54212
744195;714;193;2;0;0;293;20177;54212
744197;654;293;3;0;0;0;20177;54212
744200;428;428;4;0;0;0;19749;54212
745197;533;60;1;0;116;191;20137;54750
745199;740;116;2;0;0;191;20137;54750
745200;757;191;3;0;0;0;20137;54750
745202;633;633;4;0;0;0;19504;54750
746198;533;97;1;0;232;320;20855;54750
746201;703;232;2;0;0;320;20855;54750
746203;604;320;3;0;0;0;20855;54750
746206;351;351;4;0;0;0;20504;54750
747214;533;87;1;0;155;260;21065;55310
747219;713;155;2;0;0;260;21065;55310
747223;691;260;3;0;0;0;21065;55310
747225;498;498;4;0;0;0;20567;55310
748214;533;58;1;0;117;189;20412;56342
748217;742;117;2;0;0;189;20412;56342
748219;758;189;3;0;0;0;20412;56342
748221;636;636;4;0;0;0;19776;56342
749228;533;100;1;0;186;315;21175;56342
749230;700;186;2;0;0;315;21175;56342
749233;647;315;3;0;0;0;21175;56342
749235;399;399;4;0;0;0;20776;56342
750240;533;111;1;0;189;308;21977;56414
750242;689;189;2;0;0;308;21977;56414
750244;633;308;3;0;0;0;21977;56414
750247;392;392;4;0;0;0;21585;56414
751246;533;86;1;0;173;231;22148;56999
751248;714;173;2;0;0;231;22148;56999
751250;674;231;3;0;0;0;22148;56999
751253;510;510;4;0;0;0;21638;56999
752251;533;109;1;0;184;286;21995;58063
752253;691;184;2;0;0;286;21995;58063
752257;640;286;3;0;0;0;21995;58063
752260;421;421;4;0;0;0;21574;58063
753261;533;62;1;0;114;167;21317;59126
753263;738;114;2;0;0;167;21317;59126
753265;757;167;3;0;0;0;21317;59126
753269;657;657;4;0;0;0;20660;59126
754265;533;47;1;0;90;147;20958;59401
754267;753;90;2;0;0;147;20958;59401
754268;796;147;3;0;0;0;20958;59401
754269;716;716;4;0;0;0;20242;59401
755279;533;37;1;0;77;117;19988;60151
755281;763;77;2;0;0;117;19988;60151
755283;819;117;3;0;0;0;19988;60151
755285;769;769;4;0;0;0;19219;60151
756293;533;50;1;0;86;139;19577;60424
756295;750;86;2;0;0;139;19577;60424
756298;797;139;3;0;0;0;19577;60424
756301;725;725;4;0;0;0;18852;60424
757304;533;84;1;0;152;205;19488;60736
757306;716;152;2;0;0;205;19488;60736
757308;697;205;3;0;0;0;19488;60736
757309;559;559;4;0;0;0;18929;60736
758308;533;17;1;0;19;31;19001;60835
758311;783;19;2;0;0;31;19001;60835
758314;897;31;3;0;0;0;19001;60835
758316;933;933;4;0;0;0;18068;60835
759309;533;6;1;0;12;13;17676;61288
759310;794;12;2;0;0;13;17676;61288
759312;915;13;3;0;0;0;17676;61288
759315;969;969;4;0;0;0;16707;61288
760313;533;12;1;0;28;53;16926;61288
760315;788;28;2;0;0;53;16926;61288
760317;893;53;3;0;0;0;16926;61288
760319;907;907;4;0;0;0;16019;61288
761315;533;6;1;0;16;20;16115;61288
761318;794;32;2;10;0;42;16261;61288
761321;895;42;3;10;0;0;16261;61288
761323;920;920;4;10;0;0;15341;61288
762317;533;26;1;0;37;48;15573;61288
762320;774;37;2;0;0;48;15573;61288
762322;870;48;3;0;0;0;15573;61288
762324;889;889;4;0;0;0;14684;61288
763327;533;12;1;0;31;43;14862;61288
763329;788;31;2;0;0;43;14862;61288
763331;890;43;3;0;0;0;14862;61288
763333;914;914;4;0;0;0;13948;61288
764332;533;8;1;0;19;25;14055;61288
764335;792;19;2;0;0;25;14055;61288
764337;906;25;3;0;0;0;14055;61288
764338;948;948;4;0;0;0;13107;61288
765336;533;26;1;0;34;66;13362;61288
765338;774;34;2;0;0;66;13362;61288
765339;873;66;3;0;0;0;13362;61288
765342;874;874;4;0;0;0;12488;61288
766349;533;6;1;0;11;23;12618;61288
766352;794;11;2;0;0;23;12618;61288
766354;916;23;3;0;0;0;12618;61288
766358;960;960;4;0;0;0;11658;61288
767355;533;21;1;0;32;68;11861;61311
767358;779;32;2;0;0;68;11861;61311
767360;880;68;3;0;0;0;11861;61311
767361;879;879;4;0;0;0;10982;61311
768358;533;19;1;0;42;63;11325;61311
768359;781;42;2;0;0;63;11325;61311
768361;872;63;3;0;0;0;11325;61311
768363;876;876;4;0;0;0;10449;61311
769367;533;12;1;0;29;43;9926;62056
769369;788;29;2;0;0;43;9926;62056
769370;892;43;3;0;0;0;9926;62056
769373;916;916;4;0;0;0;9010;62056
770373;533;13;1;0;25;47;9279;62056
770377;787;25;2;0;0;47;9279;62056
770380;895;47;3;0;0;0;9279;62056
770382;915;915;4;0;0;0;8364;62056
771383;533;11;1;0;31;46;8456;62178
771384;789;31;2;0;0;46;8456;62178
771386;891;46;3;0;0;0;8456;62178
771387;912;912;4;0;0;0;7544;62178
772386;533;13;1;0;11;24;7010;62845
772388;787;11;2;0;0;24;7010;62845
772390;909;24;3;0;0;0;7010;62845
772392;952;952;4;0;0;0;6058;62845
773395;533;6;1;0;15;25;6153;62845
773397;794;15;2;0;0;25;6153;62845
773402;954;954;4;0;0;0;5199;62845
773399;912;25;3;0;0;0;6153;62845
774400;533;8;1;0;17;16;5292;62845
774403;792;17;2;0;0;16;5292;62845
774408;959;959;4;0;0;0;4333;62845
774406;908;16;3;0;0;0;5292;62845
775414;533;25;1;0;47;111;4685;62845
775416;775;47;2;0;0;111;4685;62845
775418;861;111;3;0;0;0;4685;62845
775421;817;817;4;0;0;0;3868;62845
776418;533;3;1;0;14;22;3971;62845
776424;916;22;3;0;0;0;3971;62845
776422;797;14;2;0;0;22;3971;62845
776427;961;961;4;0;0;0;3010;62845
777425;533;12;1;0;37;45;3194;62845
777427;788;37;2;0;0;45;3194;62845
777430;884;45;3;0;0;0;3194;62845
777432;906;906;4;0;0;0;2288;62845
778433;533;10;1;0;24;32;2445;62845
778435;790;24;2;0;0;32;2445;62845
778437;899;32;3;0;0;0;2445;62845
778439;934;934;4;0;0;0;1511;62845
779439;533;8;1;0;25;30;1682;62845
779441;792;25;2;0;0;30;1682;62845
779443;900;30;3;0;0;0;1682;62845
779445;937;937;4;0;0;0;745;62845
780451;533;6;1;0;21;25;859;62845
780453;794;21;2;0;0;25;859;62845
780456;906;25;3;0;0;0;859;62845
780458;948;859;4;0;0;0;0;62845
780461;89;89;0;0;0;0;0;62756
781454;533;9;1;0;18;32;116;62756
781458;791;18;2;0;0;32;116;62756
781460;906;32;3;0;0;0;116;62756
781463;941;116;4;0;0;0;0;62756
781465;825;825;0;0;0;0;0;61931
782464;533;13;1;0;36;39;210;61931
782466;787;36;2;0;0;39;210;61931
782468;884;39;3;0;0;0;210;61931
782470;912;210;4;0;0;0;0;61931
782472;702;702;0;0;0;0;0;61229
783470;533;25;1;0;46;63;320;61229
783472;775;46;2;0;0;63;320;61229
783474;862;63;3;0;0;0;320;61229
783476;866;320;4;0;0;0;0;61229
783479;546;546;0;0;0;0;0;60683
784485;533;22;1;0;65;103;357;60683
784487;778;65;2;0;0;103;357;60683
784490;846;103;3;0;0;0;357;60683
784491;810;357;4;0;0;0;0;60683
784493;453;453;0;0;0;0;0;60230
785500;533;2;1;0;7;10;47;60230
785501;798;7;2;0;0;10;47;60230
785503;924;10;3;0;0;0;47;60230
785506;981;47;4;0;0;0;0;60230
785507;934;934;0;0;0;0;0;59296
786509;533;20;1;0;33;47;235;59296
786511;780;33;2;0;0;47;235;59296
786513;880;47;3;0;0;0;235;59296
786519;665;665;0;0;0;0;0;58631
786515;900;235;4;0;0;0;0;59296
787509;533;15;1;0;39;41;214;58631
787511;785;39;2;0;0;41;214;58631
787512;879;41;3;0;0;0;214;58631
787514;905;214;4;0;0;0;0;58631
787517;691;691;0;0;0;0;0;57940
788512;533;16;1;0;37;57;238;57940
788513;784;37;2;0;0;57;238;57940
788515;880;57;3;0;0;0;238;57940
788517;890;238;4;0;0;0;0;57940
788519;652;652;0;0;0;0;0;57288
789513;533;13;1;0;26;58;203;57288
789515;787;26;2;0;0;58;203;57288
789517;894;58;3;0;0;0;203;57288
789520;903;203;4;0;0;0;0;57288
789522;700;700;0;0;0;0;0;56588
790518;533;8;1;0;23;31;164;56588
790520;792;23;2;0;0;31;164;56588
790522;902;31;3;0;0;0;164;56588
790524;938;164;4;0;0;0;0;56588
790527;774;774;0;0;0;0;0;55814
791517;533;4;1;0;12;12;64;55814
791519;796;12;2;0;0;12;64;55814
791521;917;12;3;0;0;0;64;55814
791523;972;64;4;0;0;0;0;55814
791524;908;908;0;0;0;0;0;54906
792518;533;9;1;0;28;38;132;54906
792521;791;28;2;0;0;38;132;54906
792523;896;38;3;0;0;0;132;54906
792526;925;132;4;0;0;0;0;54906
792528;793;793;0;0;0;0;0;54113
793519;533;14;1;0;31;38;212;54113
793522;786;31;2;0;0;38;212;54113
793523;888;38;3;0;0;0;212;54113
793524;917;212;4;0;0;0;0;54113
793526;705;705;0;0;0;0;0;53408
794520;533;3;1;0;6;17;71;53408
794522;797;6;2;0;0;17;71;53408
794524;924;17;3;0;0;0;71;53408
794527;974;71;4;0;0;0;0;53408
794529;903;903;0;0;0;0;0;52505
795534;533;26;1;0;30;50;297;52505
795536;774;30;2;0;0;50;297;52505
795538;877;50;3;0;0;0;297;52505
795540;894;297;4;0;0;0;0;52505
795543;597;597;0;0;0;0;0;51908
796545;533;4;1;0;17;28;77;51908
796548;796;17;2;0;0;28;77;51908
796552;912;28;3;0;0;0;77;51908
796555;951;77;4;0;0;0;0;51908
796557;874;874;0;0;0;0;0;51034
797546;533;7;1;0;11;23;67;51034
797548;793;11;2;0;0;23;67;51034
797549;915;23;3;0;0;0;67;51034
797552;959;67;4;0;0;0;0;51034
797553;892;892;0;0;0;0;0;50142
798557;533;6;1;0;19;20;96;50142
798559;794;19;2;0;0;20;96;50142
798560;908;20;3;0;0;0;96;50142
798562;955;96;4;0;0;0;0;50142
798564;859;859;0;0;0;0;0;49283
799557;533;15;1;0;44;36;189;49283
799559;785;44;2;0;0;36;189;49283
799561;874;36;3;0;0;0;189;49283
799563;905;189;4;0;0;0;0;49283
799565;716;716;0;0;0;0;0;48567
800564;533;2;1;0;8;7;63;48567
800566;798;8;2;0;0;7;63;48567
800568;923;7;3;0;0;0;63;48567
800570;983;63;4;0;0;0;0;48567
800571;920;920;0;0;0;0;0;47647
801574;533;11;1;0;17;29;163;47647
801576;789;17;2;0;0;29;163;47647
801578;905;29;3;0;0;0;163;47647
801580;943;163;4;0;0;0;0;47647
801582;780;780;0;0;0;0;0;46867
802588;533;2;1;0;14;12;65;46867
802590;798;14;2;0;0;12;65;46867
802592;917;12;3;0;0;0;65;46867
802594;972;65;4;0;0;0;0;46867
802597;907;907;0;0;0;0;0;45960
803603;533;7;1;0;17;19;114;45960
803605;793;17;2;0;0;19;114;45960
803607;909;19;3;0;0;0;114;45960
803608;957;114;4;0;0;0;0;45960
803610;843;843;0;0;0;0;0;45117
804610;533;13;1;0;29;43;175;45117
804612;787;29;2;0;0;43;175;45117
804613;891;43;3;0;0;0;175;45117
804615;915;175;4;0;0;0;0;45117
804616;740;740;0;0;0;0;0;44377
805613;533;6;1;0;12;13;80;44377
805616;794;12;2;0;0;13;80;44377
805619;915;13;3;0;0;0;80;44377
805622;969;80;4;0;0;0;0;44377
805626;889;889;0;0;0;0;0;43488
806624;533;11;1;0;18;31;161;43488
806626;789;18;2;0;0;31;161;43488
806628;904;31;3;0;0;0;161;43488
806629;940;161;4;0;0;0;0;43488
806631;779;779;0;0;0;0;0;42709
807637;533;36;1;0;59;91;367;42709
807639;764;59;2;0;0;91;367;42709
807640;838;91;3;0;0;0;367;42709
807642;814;367;4;0;0;0;0;42709
807644;447;447;0;0;0;0;0;42262
808646;533;6;1;0;24;38;131;42262
808649;794;24;2;0;0;38;131;42262
808652;903;38;3;0;0;0;131;42262
808655;932;131;4;0;0;0;0;42262
808657;801;801;0;0;0;0;0;41461
809656;533;22;1;0;16;31;164;41461
809659;778;16;2;0;0;31;164;41461
809662;895;31;3;0;0;0;164;41461
809665;931;164;4;0;0;0;0;41461
809667;767;767;0;0;0;0;0;40694
810669;533;44;1;0;85;108;526;40694
810670;756;85;2;0;0;108;526;40694
810671;804;108;3;0;0;0;526;40694
810674;763;526;4;0;0;0;0;40694
810677;237;237;0;0;0;0;0;40457
811679;533;8;1;0;17;37;140;40457
811680;792;17;2;0;0;37;140;40457
811682;908;37;3;0;0;0;140;40457
811684;938;140;4;0;0;0;0;40457
811686;798;798;0;0;0;0;0;39659
812680;533;7;1;0;23;31;121;39659
812683;793;23;2;0;0;31;121;39659
812685;903;31;3;0;0;0;121;39659
812689;818;818;0;0;0;0;0;38841
812687;939;121;4;0;0;0;0;39659
813685;533;28;1;0;42;121;402;38841
813687;772;42;2;0;0;121;402;38841
813690;863;121;3;0;0;0;402;38841
813692;809;402;4;0;0;0;0;38841
813694;407;407;0;0;0;0;0;38434
814694;533;6;1;0;9;19;87;38434
814696;794;9;2;0;0;19;87;38434
814698;918;19;3;0;0;0;87;38434
814699;966;87;4;0;0;0;0;38434
814701;879;879;0;0;0;0;0;37555
815697;533;27;1;0;49;45;307;37555
815699;773;49;2;0;0;45;307;37555
815702;857;45;3;0;0;0;307;37555
815704;879;307;4;0;0;0;0;37555
815706;572;572;0;0;0;0;0;36983
816697;533;10;1;0;11;27;114;36983
816699;790;11;2;0;0;27;114;36983
816701;912;27;3;0;0;0;114;36983
816703;952;114;4;0;0;0;0;36983
816706;838;838;0;0;0;0;0;36145
817708;533;21;1;0;38;50;286;36145
817711;779;38;2;0;0;50;286;36145
817713;874;50;3;0;0;0;286;36145
817715;891;286;4;0;0;0;0;36145
817718;605;605;0;0;0;0;0;35540
818710;533;6;1;0;11;21;123;35540
818712;794;11;2;0;0;21;123;35540
818714;916;21;3;0;0;0;123;35540
818716;962;123;4;0;0;0;0;35540
818717;839;839;0;0;0;0;0;34701
819721;533;30;1;0;71;115;523;34701
819722;770;71;2;0;0;115;523;34701
819723;832;115;3;0;0;0;523;34701
819725;784;523;4;0;0;0;0;34701
819728;261;261;0;0;0;0;0;34440
820721;533;6;1;0;7;21;74;34440
820723;794;7;2;0;0;21;74;34440
820725;920;21;3;0;0;0;74;34440
820728;966;74;4;0;0;0;0;34440
820730;892;892;0;0;0;0;0;33548
821727;533;7;1;0;20;29;119;33548
821729;793;20;2;0;0;29;119;33548
821731;906;29;3;0;0;0;119;33548
821733;944;119;4;0;0;0;0;33548
821736;825;825;0;0;0;0;0;32723
822739;533;15;1;0;22;37;180;32723
822742;785;22;2;0;0;37;180;32723
822744;896;37;3;0;0;0;180;32723
822747;926;180;4;0;0;0;0;32723
822749;746;746;0;0;0;0;0;31977
823746;533;11;1;0;24;39;186;31977
823748;789;24;2;0;0;39;186;31977
823751;898;39;3;0;0;0;186;31977
823752;926;186;4;0;0;0;0;31977
823755;740;740;0;0;0;0;0;31237
824758;533;22;1;0;28;57;205;31237
824761;778;28;2;0;0;57;205;31237
824762;883;57;3;0;0;0;205;31237
824764;893;205;4;0;0;0;0;31237
824767;688;688;0;0;0;0;0;30549
825768;533;14;1;0;31;48;248;30549
825770;786;31;2;0;0;48;248;30549
825771;888;48;3;0;0;0;248;30549
825773;907;248;4;0;0;0;0;30549
825774;659;659;0;0;0;0;0;29890
826781;533;13;1;0;17;26;177;29890
826783;787;17;2;0;0;26;177;29890
826785;903;26;3;0;0;0;177;29890
826788;944;177;4;0;0;0;0;29890
826790;767;767;0;0;0;0;0;29123
827788;533;7;1;0;16;29;128;29123
827792;910;29;3;0;0;0;128;29123
827790;793;16;2;0;0;29;128;29123
827794;948;128;4;0;0;0;0;29123
827796;820;820;0;0;0;0;0;28303
828799;533;8;1;0;20;16;98;28303
828802;792;20;2;0;0;16;98;28303
828805;905;16;3;0;0;0;98;28303
828806;956;98;4;0;0;0;0;28303
828809;858;858;0;0;0;0;0;27445
829811;533;14;1;0;42;54;245;27445
829814;786;42;2;0;0;54;245;27445
829816;877;54;3;0;0;0;245;27445
829819;890;245;4;0;0;0;0;27445
829824;645;645;0;0;0;0;0;26800
830820;533;6;1;0;20;33;138;26800
830822;794;20;2;0;0;33;138;26800
830825;907;33;3;0;0;0;138;26800
830827;941;138;4;0;0;0;0;26800
830829;803;803;0;0;0;0;0;25997
831827;533;6;1;0;8;16;71;25997
831828;794;8;2;0;0;16;71;25997
831830;919;16;3;0;0;0;71;25997
831831;970;71;4;0;0;0;0;25997
831833;899;899;0;0;0;0;0;25098
832828;533;15;1;0;32;49;237;25098
832829;785;32;2;0;0;49;237;25098
832830;886;49;3;0;0;0;237;25098
832832;904;237;4;0;0;0;0;25098
832835;667;667;0;0;0;0;0;24431
833840;533;7;1;0;19;34;153;24431
833842;793;19;2;0;0;34;153;24431
833844;907;34;3;0;0;0;153;24431
833846;940;153;4;0;0;0;0;24431
833849;787;787;0;0;0;0;0;23644
834842;533;12;1;0;26;30;173;23644
834844;788;26;2;0;0;30;173;23644
834846;895;30;3;0;0;0;173;23644
834848;932;173;4;0;0;0;0;23644
834850;759;759;0;0;0;0;0;22885
835845;533;18;1;0;57;72;342;22885
835847;782;57;2;0;0;72;342;22885
835849;858;72;3;0;0;0;342;22885
835852;853;342;4;0;0;0;0;22885
835854;511;511;0;0;0;0;0;22374
836849;533;31;1;0;59;85;402;22374
836850;769;59;2;0;0;85;402;22374
836852;843;85;3;0;0;0;402;22374
836854;825;402;4;0;0;0;0;22374
836857;423;423;0;0;0;0;0;21951
837858;533;12;1;0;10;27;118;21951
837860;788;10;2;0;0;27;118;21951
837862;911;27;3;0;0;0;118;21951
837863;951;118;4;0;0;0;0;21951
837864;833;833;0;0;0;0;0;21118
838863;533;20;1;0;54;81;395;21118
838866;780;54;2;0;0;81;395;21118
838868;859;81;3;0;0;0;395;21118
838872;845;395;4;0;0;0;0;21118
838873;450;450;0;0;0;0;0;20668
839865;533;6;1;0;19;39;128;20668
839867;794;19;2;0;0;39;128;20668
839869;908;39;3;0;0;0;128;20668
839872;936;128;4;0;0;0;0;20668
839875;808;808;0;0;0;0;0;19860
840870;533;10;1;0;25;43;179;19860
840872;790;25;2;0;0;43;179;19860
840873;898;43;3;0;0;0;179;19860
840875;922;179;4;0;0;0;0;19860
840877;743;743;0;0;0;0;0;19117
841872;533;18;1;0;40;40;219;19117
841874;782;40;2;0;0;40;219;19117
841876;875;40;3;0;0;0;219;19117
841882;902;219;4;0;0;0;0;19117
841885;683;683;0;0;0;0;0;18434
842885;533;16;1;0;49;66;289;18434
842888;784;49;2;0;0;66;289;18434
842890;868;66;3;0;0;0;289;18434
842891;869;289;4;0;0;0;0;18434
842894;580;580;0;0;0;0;0;17854
843897;533;8;1;0;15;28;158;17854
843899;792;15;2;0;0;28;158;17854
843901;910;28;3;0;0;0;158;17854
843903;949;158;4;0;0;0;0;17854
843905;791;791;0;0;0;0;0;17063
844903;533;3;1;0;7;9;43;17063
844905;797;7;2;0;0;9;43;17063
844906;923;9;3;0;0;0;43;17063
844910;981;43;4;0;0;0;0;17063
844912;938;938;0;0;0;0;0;16125
845917;533;11;1;0;36;49;207;16125
845919;789;36;2;0;0;49;207;16125
845921;886;49;3;0;0;0;207;16125
845922;904;207;4;0;0;0;0;16125
845923;697;697;0;0;0;0;0;15428
846932;533;18;1;0;19;37;172;15428
846934;782;19;2;0;0;37;172;15428
846935;896;37;3;0;0;0;172;15428
846936;926;172;4;0;0;0;0;15428
846938;754;754;0;0;0;0;0;14674
847938;533;10;1;0;25;25;133;14674
847939;790;25;2;0;0;25;133;14674
847941;898;25;3;0;0;0;133;14674
847942;940;133;4;0;0;0;0;14674
847944;807;807;0;0;0;0;0;13867
848948;533;7;1;0;3;12;57;13867
848950;793;3;2;0;0;12;57;13867
848952;923;12;3;0;0;0;57;13867
848954;978;57;4;0;0;0;0;13867
848956;921;921;0;0;0;0;0;12946
849961;533;19;1;0;50;47;247;12946
849963;781;50;2;0;0;47;247;12946
849964;864;47;3;0;0;0;247;12946
849965;884;247;4;0;0;0;0;12946
849967;637;637;0;0;0;0;0;12309
850977;533;27;1;0;48;64;313;12309
850979;773;48;2;0;0;64;313;12309
850981;858;64;3;0;0;0;313;12309
850984;861;313;4;0;0;0;0;12309
850987;548;548;0;0;0;0;0;11761
851979;533;19;1;0;18;40;206;11761
851982;781;18;2;0;0;40;206;11761
851985;896;40;3;0;0;0;206;11761
851987;923;206;4;0;0;0;0;11761
851990;717;717;0;0;0;0;0;11044
852995;533;6;1;0;12;21;121;11044
852997;794;12;2;0;0;21;121;11044
853000;915;21;3;0;0;0;121;11044
853001;961;121;4;0;0;0;0;11044
853003;840;840;0;0;0;0;0;10204
854002;533;11;1;0;18;46;158;10204
854004;789;18;2;0;0;46;158;10204
854005;904;46;3;0;0;0;158;10204
854007;925;158;4;0;0;0;0;10204
854009;767;767;0;0;0;0;0;9437
855013;533;30;1;0;54;71;403;9437
855015;770;54;2;0;0;71;403;9437
855017;849;71;3;0;0;0;403;9437
855020;845;403;4;0;0;0;0;9437
855022;442;442;0;0;0;0;0;8995
856030;533;12;1;0;22;29;144;8995
856032;788;22;2;0;0;29;144;8995
856036;899;29;3;0;0;0;144;8995
856038;937;144;4;0;0;0;0;8995
856042;793;793;0;0;0;0;0;8202
857037;533;2;1;0;14;14;80;8202
857039;798;14;2;0;0;14;80;8202
857041;917;14;3;0;0;0;80;8202
857043;970;80;4;0;0;0;0;8202
857045;890;890;0;0;0;0;0;7312
858051;533;0;1;0;8;10;53;7312
858053;800;8;2;0;0;10;53;7312
858054;925;10;3;0;0;0;53;7312
858057;982;53;4;0;0;0;0;7312
858058;929;929;0;0;0;0;0;6383
859059;533;7;1;0;12;27;106;6383
859061;793;12;2;0;0;27;106;6383
859063;914;27;3;0;0;0;106;6383
859065;954;106;4;0;0;0;0;6383
859068;848;848;0;0;0;0;0;5535
860069;533;21;1;0;52;84;423;5535
860070;779;52;2;0;0;84;423;5535
860072;860;84;3;0;0;0;423;5535
860074;843;423;4;0;0;0;0;5535
860076;420;420;0;0;0;0;0;5115
861077;533;18;1;0;35;53;227;5115
861079;782;35;2;0;0;53;227;5115
861082;880;53;3;0;0;0;227;5115
861087;667;667;0;0;0;0;0;4448
861084;894;227;4;0;0;0;0;5115
862080;533;6;1;0;6;13;42;4448
862082;794;6;2;0;0;13;42;4448
862084;921;13;3;0;0;0;42;4448
862086;975;42;4;0;0;0;0;4448
862087;933;933;0;0;0;0;0;3515
863082;533;10;1;0;29;36;126;3515
863084;790;29;2;0;0;36;126;3515
863085;894;36;3;0;0;0;126;3515
863087;925;126;4;0;0;0;0;3515
863090;799;799;0;0;0;0;0;2716
864085;533;13;1;0;24;54;197;2716
864087;787;24;2;0;0;54;197;2716
864089;896;54;3;0;0;0;197;2716
864091;909;197;4;0;0;0;0;2716
864093;712;712;0;0;0;0;0;2004
865099;533;8;1;0;16;30;130;2004
865101;792;16;2;0;0;30;130;2004
865103;909;30;3;0;0;0;130;2004
865105;946;130;4;0;0;0;0;2004
865107;816;816;0;0;0;0;0;1188
866112;533;9;1;0;28;34;130;1188
866114;791;28;2;0;0;34;130;1188
866115;896;34;3;0;0;0;130;1188
866117;929;130;4;0;0;0;0;1188
866119;799;799;0;0;0;0;0;389
867126;533;8;1;0;18;26;142;389
867129;792;18;2;0;0;26;142;389
867132;948;142;4;0;0;0;0;389
867130;907;26;3;0;0;0;142;389
867135;806;389;0;0;0;0;0;0
868140;533;10;1;0;17;20;101;0
868143;790;17;2;0;0;20;101;0
868144;906;20;3;0;0;0;101;0
868145;953;101;4;0;0;0;0;0
868148;852;0;0;0;0;0;0;0
869145;533;32;1;0;54;106;407;0
869148;768;54;2;0;0;106;407;0
869151;847;106;3;0;0;0;407;0
869154;808;407;4;0;0;0;0;0
869157;401;0;0;0;0;0;0;0
870156;533;18;1;0;24;43;200;0
870158;782;24;2;0;0;43;200;0
870160;891;43;3;0;0;0;200;0
870162;915;200;4;0;0;0;0;0
870164;715;0;0;0;0;0;0;0
871169;533;6;1;0;11;19;63;0
871170;794;11;2;0;0;19;63;0
871172;916;19;3;0;0;0;63;0
871174;964;63;4;0;0;0;0;0
871175;901;0;0;0;0;0;0;0
872179;533;3;1;0;17;16;92;0
872182;797;17;2;0;0;16;92;0
872184;913;16;3;0;0;0;92;0
872186;964;92;4;0;0;0;0;0
872188;872;0;0;0;0;0;0;0
873182;533;16;1;0;35;72;264;0
873185;784;35;2;0;0;72;264;0
873187;882;72;3;0;0;0;264;0
873188;877;264;4;0;0;0;0;0
873189;613;0;0;0;0;0;0;0
874187;533;4;1;0;18;24;136;0
874190;796;18;2;0;0;24;136;0
874191;911;24;3;0;0;0;136;0
874192;954;136;4;0;0;0;0;0
874195;818;0;0;0;0;0;0;0
875198;533;10;1;0;14;23;130;0
875201;790;14;2;0;0;23;130;0
875203;909;23;3;0;0;0;130;0
875205;953;130;4;0;0;0;0;0
875207;823;0;0;0;0;0;0;0
876200;533;30;1;0;56;78;321;0
876204;770;56;2;0;0;78;321;0
876209;847;78;3;0;0;0;321;0
876211;836;321;4;0;0;0;0;0
876216;515;0;0;0;0;0;0;0
877203;533;11;1;0;22;22;104;0
877204;789;22;2;0;0;22;104;0
877206;900;22;3;0;0;0;104;0
877208;945;104;4;0;0;0;0;0
877209;841;0;0;0;0;0;0;0
878212;533;18;1;0;41;60;246;0
878214;782;41;2;0;0;60;246;0
878216;874;60;3;0;0;0;246;0
878217;881;246;4;0;0;0;0;0
878219;635;0;0;0;0;0;0;0
879219;533;23;1;0;31;39;217;0
879222;777;31;2;0;0;39;217;0
879224;879;39;3;0;0;0;217;0
879226;907;217;4;0;0;0;0;0
879228;690;0;0;0;0;0;0;0
880225;533;14;1;0;30;35;163;0
880227;786;30;2;0;0;35;163;0
880230;889;35;3;0;0;0;163;0
880234;921;163;4;0;0;0;0;0
880239;758;0;0;0;0;0;0;0
881228;533;28;1;0;40;77;327;0
881231;772;40;2;0;0;77;327;0
881235;855;327;4;0;0;0;0;0
881237;528;0;0;0;0;0;0;0
881233;865;77;3;0;0;0;327;0
882229;533;11;1;0;28;32;166;0
882232;789;28;2;0;0;32;166;0
882234;894;32;3;0;0;0;166;0
882239;929;166;4;0;0;0;0;0
882243;763;0;0;0;0;0;0;0
883228;533;9;1;0;22;31;130;0
883230;791;22;2;0;0;31;130;0
883231;902;31;3;0;0;0;130;0
883232;938;130;4;0;0;0;0;0
883235;808;0;0;0;0;0;0;0
884231;533;15;1;0;31;47;211;0
884233;785;31;2;0;0;47;211;0
884236;907;211;4;0;0;0;0;0
884234;887;47;3;0;0;0;211;0
884237;696;0;0;0;0;0;0;0
885239;533;6;1;0;14;18;102;0
885241;794;14;2;0;0;18;102;0
885242;913;18;3;0;0;0;102;0
885244;962;102;4;0;0;0;0;0
885245;860;0;0;0;0;0;0;0
886244;533;18;1;0;28;31;129;0
886245;782;28;2;0;0;31;129;0
886246;887;31;3;0;0;0;129;0
886249;923;129;4;0;0;0;0;0
886250;794;0;0;0;0;0;0;0
887248;533;6;1;0;8;19;57;0
887250;794;8;2;0;0;19;57;0
887253;919;19;3;0;0;0;57;0
887255;967;57;4;0;0;0;0;0
887257;910;0;0;0;0;0;0;0
888261;533;27;1;0;46;88;314;0
888263;773;46;2;0;0;88;314;0
888265;860;88;3;0;0;0;314;0
888268;525;0;0;0;0;0;0;0
888266;839;314;4;0;0;0;0;0
889276;533;17;1;0;36;55;248;0
889278;783;36;2;0;0;55;248;0
889279;880;55;3;0;0;0;248;0
889281;892;248;4;0;0;0;0;0
889283;644;0;0;0;0;0;0;0
890288;533;5;1;0;3;8;50;0
890290;795;3;2;0;0;8;50;0
890292;925;8;3;0;0;0;50;0
890296;984;50;4;0;0;0;0;0
890297;934;0;0;0;0;0;0;0
891303;533;11;1;0;16;23;101;0
891306;789;16;2;0;0;23;101;0
891309;906;23;3;0;0;0;101;0
891312;950;101;4;0;0;0;0;0
891314;849;0;0;0;0;0;0;0
892316;533;26;1;0;34;59;246;0
892318;774;34;2;0;0;59;246;0
892319;873;59;3;0;0;0;246;0
892321;881;246;4;0;0;0;0;0
892323;635;0;0;0;0;0;0;0
893323;533;10;1;0;9;27;127;0
893324;790;9;2;0;0;27;127;0
893326;914;27;3;0;0;0;127;0
893327;954;127;4;0;0;0;0;0
893329;827;0;0;0;0;0;0;0
894323;533;8;1;0;18;16;132;0
894324;792;18;2;0;0;16;132;0
894325;907;16;3;0;0;0;132;0
894327;958;132;4;0;0;0;0;0
894329;826;0;0;0;0;0;0;0
895335;533;9;1;0;35;32;160;0
895338;791;35;2;0;0;32;160;0
895341;889;32;3;0;0;0;160;0
895344;924;160;4;0;0;0;0;0
895346;764;0;0;0;0;0;0;0
896349;533;1;1;0;8;11;72;0
896353;799;46;2;16;0;68;314;0
896355;886;68;3;16;0;0;314;0
896357;885;314;4;16;0;0;0;0
896359;571;0;0;16;0;0;0;0
897352;533;16;1;0;0;0;0;0
897354;784;19;2;8;0;26;88;0
897356;898;26;3;8;0;0;88;0
897358;939;88;4;8;0;0;0;0
897360;851;0;0;8;0;0;0;0
898366;533;12;1;0;8;10;55;0
898368;788;17;2;7;0;30;111;0
898370;904;30;3;7;0;0;111;0
898372;941;111;4;7;0;0;0;0
898373;830;0;0;7;0;0;0;0
899368;533;7;1;0;0;0;0;0
899370;793;0;2;0;0;0;0;0
899372;926;0;3;0;0;0;0;0
899374;993;0;0;0;0;0;0;0
899373;993;0;4;0;0;0;0;0
900378;533;13;1;0;19;31;170;0
900379;787;19;2;0;0;31;170;0
900381;901;31;3;0;0;0;170;0
900382;937;170;4;0;0;0;0;0
900385;767;0;0;0;0;0;0;0
901387;533;6;1;0;20;33;179;0
901389;794;20;2;0;0;33;179;0
901391;907;33;3;0;0;0;179;0
901393;941;179;4;0;0;0;0;0
901395;762;0;0;0;0;0;0;0
902393;533;11;1;0;32;40;173;0
902394;789;32;2;0;0;40;173;0
902396;890;40;3;0;0;0;173;0
902398;917;173;4;0;0;0;0;0
902400;744;0;0;0;0;0;0;0
903396;533;12;1;0;22;25;87;0
903399;788;22;2;0;0;25;87;0
903400;899;25;3;0;0;0;87;0
903403;941;87;4;0;0;0;0;0
903408;854;0;0;0;0;0;0;0
904394;533;28;1;0;40;54;253;0
904396;772;40;2;0;0;54;253;0
904398;865;54;3;0;0;0;253;0
904400;878;253;4;0;0;0;0;0
904403;625;0;0;0;0;0;0;0
905396;533;12;1;0;19;31;196;0
905398;788;19;2;0;0;31;196;0
905399;902;31;3;0;0;0;196;0
905401;938;196;4;0;0;0;0;0
905404;742;0;0;0;0;0;0;0
906410;533;10;1;0;29;62;246;0
906411;790;29;2;0;0;62;246;0
906413;894;62;3;0;0;0;246;0
906415;899;246;4;0;0;0;0;0
906419;653;0;0;0;0;0;0;0
907413;533;16;1;0;49;69;283;0
907415;784;49;2;0;0;69;283;0
907416;868;69;3;0;0;0;283;0
907418;866;283;4;0;0;0;0;0
907420;583;0;0;0;0;0;0;0
908422;533;7;1;0;17;11;66;0
908424;793;17;2;0;0;11;66;0
908426;909;11;3;0;0;0;66;0
908429;965;66;4;0;0;0;0;0
908430;899;0;0;0;0;0;0;0
909433;533;6;1;0;18;30;101;0
909437;794;18;2;0;0;30;101;0
909439;909;30;3;0;0;0;101;0
909441;946;101;4;0;0;0;0;0
909443;845;0;0;0;0;0;0;0
910435;533;18;1;0;26;31;182;0
910437;782;26;2;0;0;31;182;0
910439;889;31;3;0;0;0;182;0
910442;925;182;4;0;0;0;0;0
910444;743;0;0;0;0;0;0;0
911434;533;6;1;0;11;14;56;0
911436;794;11;2;0;0;14;56;0
911438;916;14;3;0;0;0;56;0
911440;969;56;4;0;0;0;0;0
911442;913;0;0;0;0;0;0;0
912438;533;10;1;0;37;43;184;0
912440;790;37;2;0;0;43;184;0
912442;886;43;3;0;0;0;184;0
912444;910;184;4;0;0;0;0;0
912446;726;0;0;0;0;0;0;0
913443;533;4;1;0;9;7;48;0
913445;796;9;2;0;0;7;48;0
913447;920;7;3;0;0;0;48;0
913449;980;48;4;0;0;0;0;0
913452;932;0;0;0;0;0;0;0
914453;533;11;1;0;16;36;120;0
914456;789;16;2;0;0;36;120;0
914457;906;36;3;0;0;0;120;0
914459;937;120;4;0;0;0;0;0
914461;817;0;0;0;0;0;0;0
915457;533;31;1;0;43;60;270;0
915460;769;43;2;0;0;60;270;0
915462;859;60;3;0;0;0;270;0
915463;866;270;4;0;0;0;0;0
915465;596;0;0;0;0;0;0;0
916472;533;11;1;0;14;27;124;0
916474;789;14;2;0;0;27;124;0
916475;908;27;3;0;0;0;124;0
916477;948;124;4;0;0;0;0;0
916479;824;0;0;0;0;0;0;0
917484;533;13;1;0;31;47;205;0
917485;787;31;2;0;0;47;205;0
917487;889;47;3;0;0;0;205;0
917489;909;205;4;0;0;0;0;0
917491;704;0;0;0;0;0;0;0
918485;533;20;1;0;50;72;336;0
918486;780;50;2;0;0;72;336;0
918488;863;72;3;0;0;0;336;0
918489;858;336;4;0;0;0;0;0
918491;522;0;0;0;0;0;0;0
919487;533;14;1;0;25;52;196;0
919489;786;25;2;0;0;52;196;0
919491;894;52;3;0;0;0;196;0
919493;909;196;4;0;0;0;0;0
919494;713;0;0;0;0;0;0;0
920500;533;24;1;0;50;65;308;0
920502;776;50;2;0;0;65;308;0
920505;859;65;3;0;0;0;308;0
920507;861;308;4;0;0;0;0;0
920509;553;0;0;0;0;0;0;0
921512;533;13;1;0;17;34;144;0
921514;787;17;2;0;0;34;144;0
921516;903;34;3;0;0;0;144;0
921518;936;144;4;0;0;0;0;0
921520;792;0;0;0;0;0;0;0
922524;533;5;1;0;7;26;92;0
922526;795;7;2;0;0;26;92;0
922528;921;26;3;0;0;0;92;0
922530;962;92;4;0;0;0;0;0
922532;870;0;0;0;0;0;0;0
923533;533;16;1;0;41;65;236;0
923537;784;41;2;0;0;65;236;0
923540;876;65;3;0;0;0;236;0
923542;878;236;4;0;0;0;0;0
923545;642;0;0;0;0;0;0;0
924545;533;5;1;0;7;10;52;0
924546;795;7;2;0;0;10;52;0
924548;921;10;3;0;0;0;52;0
924553;926;0;0;0;0;0;0;0
924550;978;52;4;0;0;0;0;0
925549;533;8;1;0;29;50;191;0
925551;792;29;2;0;0;50;191;0
925552;896;50;3;0;0;0;191;0
925555;913;191;4;0;0;0;0;0
925558;722;0;0;0;0;0;0;0
926555;533;3;1;0;12;10;46;0
926556;797;12;2;0;0;10;46;0
926558;918;10;3;0;0;0;46;0
926560;975;46;4;0;0;0;0;0
926562;929;0;0;0;0;0;0;0
927555;533;19;1;0;25;59;218;0
927556;781;25;2;0;0;59;218;0
927558;889;59;3;0;0;0;218;0
927561;897;218;4;0;0;0;0;0
927563;679;0;0;0;0;0;0;0
928569;533;7;1;0;9;12;87;0
928571;793;9;2;0;0;12;87;0
928572;917;12;3;0;0;0;87;0
928574;972;87;4;0;0;0;0;0
928576;885;0;0;0;0;0;0;0
929579;533;17;1;0;37;47;192;0
929581;783;37;2;0;0;47;192;0
929586;899;192;4;0;0;0;0;0
929584;879;47;3;0;0;0;192;0
929589;707;0;0;0;0;0;0;0
930590;533;15;1;0;22;44;183;0
930592;785;22;2;0;0;44;183;0
930594;896;44;3;0;0;0;183;0
930598;919;183;4;0;0;0;0;0
930601;736;0;0;0;0;0;0;0
931595;533;9;1;0;25;46;151;0
931597;791;25;2;0;0;46;151;0
931600;899;46;3;0;0;0;151;0
931602;920;151;4;0;0;0;0;0
931604;769;0;0;0;0;0;0;0
932608;533;4;1;0;9;10;46;0
932611;796;9;2;0;0;10;46;0
932613;920;10;3;0;0;0;46;0
932615;977;46;4;0;0;0;0;0
932616;931;0;0;0;0;0;0;0
933617;533;25;1;0;39;55;273;0
933619;775;39;2;0;0;55;273;0
933620;869;55;3;0;0;0;273;0
933622;881;273;4;0;0;0;0;0
933624;608;0;0;0;0;0;0;0
934618;533;17;1;0;33;55;279;0
934621;783;33;2;0;0;55;279;0
934622;883;55;3;0;0;0;279;0
934625;895;279;4;0;0;0;0;0
934626;616;0;0;0;0;0;0;0
935618;533;12;1;0;23;31;140;0
935621;788;23;2;0;0;31;140;0
935622;898;31;3;0;0;0;140;0
935624;934;140;4;0;0;0;0;0
935626;794;0;0;0;0;0;0;0
936634;533;9;1;0;30;36;175;0
936636;791;30;2;0;0;36;175;0
936639;894;36;3;0;0;0;175;0
936641;925;175;4;0;0;0;0;0
936643;750;0;0;0;0;0;0;0
937643;533;14;1;0;39;59;227;0
937646;786;39;2;0;0;59;227;0
937648;880;59;3;0;0;0;227;0
937650;888;227;4;0;0;0;0;0
937653;661;0;0;0;0;0;0;0
938653;533;10;1;0;28;29;153;0
938656;790;28;2;0;0;29;153;0
938659;895;29;3;0;0;0;153;0
938660;933;153;4;0;0;0;0;0
938663;780;0;0;0;0;0;0;0
939667;533;24;1;0;55;70;318;0
939670;776;55;2;0;0;70;318;0
939672;854;70;3;0;0;0;318;0
939675;851;318;4;0;0;0;0;0
939679;533;0;0;0;0;0;0;0
940667;533;18;1;0;30;45;193;0
940669;782;30;2;0;0;45;193;0
940670;885;45;3;0;0;0;193;0
940671;907;193;4;0;0;0;0;0
940672;714;0;0;0;0;0;0;0
941674;533;10;1;0;19;38;172;0
941676;790;19;2;0;0;38;172;0
941678;904;38;3;0;0;0;172;0
941681;933;172;4;0;0;0;0;0
941683;761;0;0;0;0;0;0;0
942682;533;4;1;0;19;20;101;0
942684;796;19;2;0;0;20;101;0
942686;910;20;3;0;0;0;101;0
942687;957;101;4;0;0;0;0;0
942689;856;0;0;0;0;0;0;0
943690;533;4;1;0;15;13;117;0
943691;796;15;2;0;0;13;117;0
943693;914;13;3;0;0;0;117;0
943696;968;117;4;0;0;0;0;0
943698;851;0;0;0;0;0;0;0
944692;533;14;1;0;33;68;308;0
944694;786;33;2;0;0;68;308;0
944695;886;68;3;0;0;0;308;0
944696;885;308;4;0;0;0;0;0
944699;577;0;0;0;0;0;0;0
945698;533;27;1;0;42;50;255;0
945701;773;42;2;0;0;50;255;0
945702;864;50;3;0;0;0;255;0
945704;881;255;4;0;0;0;0;0
945706;626;0;0;0;0;0;0;0
946707;533;17;1;0;23;38;200;0
946709;783;23;2;0;0;38;200;0
946712;893;38;3;0;0;0;200;0
946713;922;200;4;0;0;0;0;0
946715;722;0;0;0;0;0;0;0
947711;533;15;1;0;14;29;131;0
947714;785;14;2;0;0;29;131;0
947715;904;29;3;0;0;0;131;0
947716;942;131;4;0;0;0;0;0
947718;811;0;0;0;0;0;0;0
948714;533;20;1;0;36;54;260;0
948716;780;36;2;0;0;54;260;0
948717;877;54;3;0;0;0;260;0
948719;890;260;4;0;0;0;0;0
948721;630;0;0;0;0;0;0;0
949730;533;17;1;0;31;53;220;0
949732;783;31;2;0;0;53;220;0
949736;885;53;3;0;0;0;220;0
949737;899;220;4;0;0;0;0;0
949739;679;0;0;0;0;0;0;0
950739;533;14;1;0;32;56;307;0
950742;887;56;3;0;0;0;307;0
950743;898;307;4;0;0;0;0;0
950741;786;32;2;0;0;56;307;0
950747;591;0;0;0;0;0;0;0
951751;533;9;1;0;19;23;103;0
951753;791;19;2;0;0;23;103;0
951755;905;23;3;0;0;0;103;0
951756;949;103;4;0;0;0;0;0
951757;846;0;0;0;0;0;0;0
952754;533;10;1;0;19;24;142;0
952755;790;19;2;0;0;24;142;0
952757;904;24;3;0;0;0;142;0
952758;947;142;4;0;0;0;0;0
952759;805;0;0;0;0;0;0;0
953767;533;13;1;0;29;46;246;0
953769;787;29;2;0;0;46;246;0
953771;891;46;3;0;0;0;246;0
953774;912;246;4;0;0;0;0;0
953776;666;0;0;0;0;0;0;0
954779;533;7;1;0;24;30;118;0
954781;793;24;2;0;0;30;118;0
954783;902;30;3;0;0;0;118;0
954785;939;118;4;0;0;0;0;0
954786;821;0;0;0;0;0;0;0
955791;533;10;1;0;38;40;231;0
955793;790;38;2;0;0;40;231;0
955795;885;40;3;0;0;0;231;0
955797;912;231;4;0;0;0;0;0
955799;681;0;0;0;0;0;0;0
956802;533;2;1;0;15;19;72;0
956803;798;15;2;0;0;19;72;0
956805;916;19;3;0;0;0;72;0
956806;964;72;4;0;0;0;0;0
956808;892;0;0;0;0;0;0;0
957808;533;15;1;0;20;39;177;0
957809;785;20;2;0;0;39;177;0
957811;898;39;3;0;0;0;177;0
957814;926;177;4;0;0;0;0;0
957815;749;0;0;0;0;0;0;0
958813;533;12;1;0;36;45;241;0
958815;788;36;2;0;0;45;241;0
958817;885;45;3;0;0;0;241;0
958820;907;241;4;0;0;0;0;0
958822;666;0;0;0;0;0;0;0
959820;533;11;1;0;28;32;163;0
959821;789;28;2;0;0;32;163;0
959823;894;32;3;0;0;0;163;0
959824;929;163;4;0;0;0;0;0
959826;766;0;0;0;0;0;0;0
960822;533;34;1;0;44;81;352;0
960825;766;44;2;0;0;81;352;0
960827;855;81;3;0;0;0;352;0
960829;841;352;4;0;0;0;0;0
960831;489;0;0;0;0;0;0;0
961835;533;16;1;0;25;33;119;0
961836;784;25;2;0;0;33;119;0
961839;892;33;3;0;0;0;119;0
961841;926;119;4;0;0;0;0;0
961843;807;0;0;0;0;0;0;0
962837;533;11;1;0;14;32;120;0
962838;789;14;2;0;0;32;120;0
962840;908;32;3;0;0;0;120;0
962842;943;120;4;0;0;0;0;0
962844;823;0;0;0;0;0;0;0
963851;533;9;1;0;16;26;120;0
963854;791;16;2;0;0;26;120;0
963855;908;26;3;0;0;0;120;0
963857;949;120;4;0;0;0;0;0
963858;829;0;0;0;0;0;0;0
964860;533;5;1;0;11;9;61;0
964862;795;11;2;0;0;9;61;0
964863;917;9;3;0;0;0;61;0
964867;975;61;4;0;0;0;0;0
964870;914;0;0;0;0;0;0;0
965869;533;7;1;0;24;27;128;0
965870;793;24;2;0;0;27;128;0
965873;902;27;3;0;0;0;128;0
965875;942;128;4;0;0;0;0;0
965878;814;0;0;0;0;0;0;0
966869;533;9;1;0;16;26;110;0
966871;791;16;2;0;0;26;110;0
966872;908;26;3;0;0;0;110;0
966873;949;110;4;0;0;0;0;0
966875;839;0;0;0;0;0;0;0
967876;533;19;1;0;31;47;193;0
967878;781;31;2;0;0;47;193;0
967880;883;47;3;0;0;0;193;0
967882;903;193;4;0;0;0;0;0
967885;710;0;0;0;0;0;0;0
968885;533;2;1;0;5;11;71;0
968887;798;5;2;0;0;11;71;0
968889;926;11;3;0;0;0;71;0
968890;982;71;4;0;0;0;0;0
968892;911;0;0;0;0;0;0;0
969895;533;2;1;0;9;11;57;0
969896;798;9;2;0;0;11;57;0
969897;922;11;3;0;0;0;57;0
969899;978;57;4;0;0;0;0;0
969901;921;0;0;0;0;0;0;0
970904;533;13;1;0;28;38;190;0
970906;787;28;2;0;0;38;190;0
970908;892;38;3;0;0;0;190;0
970909;921;190;4;0;0;0;0;0
970911;731;0;0;0;0;0;0;0
971919;533;21;1;0;42;64;317;0
971921;779;42;2;0;0;64;317;0
971923;870;64;3;0;0;0;317;0
971925;873;317;4;0;0;0;0;0
971926;556;0;0;0;0;0;0;0
972926;533;6;1;0;20;36;165;0
972927;794;20;2;0;0;36;165;0
972929;907;36;3;0;0;0;165;0
972930;938;165;4;0;0;0;0;0
972933;773;0;0;0;0;0;0;0
973929;533;14;1;0;24;37;192;0
973932;786;24;2;0;0;37;192;0
973935;895;37;3;0;0;0;192;0
973937;925;192;4;0;0;0;0;0
973938;733;0;0;0;0;0;0;0
974936;533;2;1;0;15;17;69;0
974938;798;15;2;0;0;17;69;0
974940;916;17;3;0;0;0;69;0
974942;966;69;4;0;0;0;0;0
974944;897;0;0;0;0;0;0;0
975941;533;11;1;0;39;57;188;0
975943;789;39;2;0;0;57;188;0
975946;883;57;3;0;0;0;188;0
975948;893;188;4;0;0;0;0;0
975949;705;0;0;0;0;0;0;0
976945;533;10;1;0;8;19;106;0
976946;790;8;2;0;0;19;106;0
976949;963;106;4;0;0;0;0;0
976948;915;19;3;0;0;0;106;0
976951;857;0;0;0;0;0;0;0
977944;533;4;1;0;4;9;59;0
977946;796;4;2;0;0;9;59;0
977948;925;9;3;0;0;0;59;0
977949;983;59;4;0;0;0;0;0
977951;924;0;0;0;0;0;0;0
978955;533;19;1;0;48;77;265;0
978957;781;48;2;0;0;77;265;0
978959;866;77;3;0;0;0;265;0
978961;856;265;4;0;0;0;0;0
978963;591;0;0;0;0;0;0;0
979959;533;4;1;0;8;11;58;0
979961;796;8;2;0;0;11;58;0
979962;921;11;3;0;0;0;58;0
979965;977;58;4;0;0;0;0;0
979968;919;0;0;0;0;0;0;0
980975;533;17;1;0;62;72;371;0
980977;783;62;2;0;0;72;371;0
980980;854;72;3;0;0;0;371;0
980984;849;371;4;0;0;0;0;0
980988;478;0;0;0;0;0;0;0
981984;533;16;1;0;54;77;331;0
981986;784;54;2;0;0;77;331;0
981987;863;77;3;0;0;0;331;0
981988;853;331;4;0;0;0;0;0
981990;522;0;0;0;0;0;0;0
982993;533;2;1;0;19;23;138;0
982995;798;19;2;0;0;23;138;0
982997;912;23;3;0;0;0;138;0
982999;956;138;4;0;0;0;0;0
983001;818;0;0;0;0;0;0;0
984002;533;24;1;0;41;57;236;0
984004;776;41;2;0;0;57;236;0
984005;868;57;3;0;0;0;236;0
984006;878;236;4;0;0;0;0;0
984008;642;0;0;0;0;0;0;0
985008;533;10;1;0;24;29;134;0
985010;790;24;2;0;0;29;134;0
985013;899;29;3;0;0;0;134;0
985016;937;134;4;0;0;0;0;0
985019;803;0;0;0;0;0;0;0
986020;533;7;1;0;24;22;109;0
986021;793;24;2;0;0;22;109;0
986022;902;22;3;0;0;0;109;0
986023;947;109;4;0;0;0;0;0
986025;838;0;0;0;0;0;0;0
987023;533;37;1;0;61;89;494;0
987024;763;61;2;0;0;89;494;0
987026;835;89;3;0;0;0;494;0
987028;813;494;4;0;0;0;0;0
987032;319;0;0;0;0;0;0;0
988038;533;13;1;0;24;41;249;0
988039;787;24;2;0;0;41;249;0
988040;896;41;3;0;0;0;249;0
988042;922;249;4;0;0;0;0;0
988043;673;0;0;0;0;0;0;0
989053;533;9;1;0;5;17;94;0
989054;791;5;2;0;0;17;94;0
989055;919;17;3;0;0;0;94;0
989057;969;94;4;0;0;0;0;0
989059;875;0;0;0;0;0;0;0
990065;533;15;1;0;14;24;119;0
990066;785;14;2;0;0;24;119;0
990068;904;24;3;0;0;0;119;0
990069;947;119;4;0;0;0;0;0
990071;828;0;0;0;0;0;0;0
991076;533;25;1;0;67;119;511;0
991079;775;67;2;0;0;119;511;0
991081;841;119;3;0;0;0;511;0
991083;789;511;4;0;0;0;0;0
991086;278;0;0;0;0;0;0;0
992087;533;13;1;0;25;46;219;0
992089;787;25;2;0;0;46;219;0
992090;895;46;3;0;0;0;219;0
992093;916;219;4;0;0;0;0;0
992095;697;0;0;0;0;0;0;0
993103;533;20;1;0;41;61;287;0
993104;780;41;2;0;0;61;287;0
993106;872;61;3;0;0;0;287;0
993107;878;287;4;0;0;0;0;0
993108;591;0;0;0;0;0;0;0
994103;533;5;1;0;9;21;94;0
994105;795;9;2;0;0;21;94;0
994106;919;21;3;0;0;0;94;0
994107;965;94;4;0;0;0;0;0
994109;871;0;0;0;0;0;0;0
995105;533;12;1;0;23;35;167;0
995109;788;36;2;2;0;58;249;0
995110;885;58;3;2;0;0;249;0
995112;894;249;4;2;0;0;0;0
995114;645;0;0;2;0;0;0;0
996114;533;2;1;0;0;0;0;0
996117;798;7;2;4;0;12;63;0
996118;924;12;3;4;0;0;63;0
996121;979;63;4;4;0;0;0;0
996123;916;0;0;4;0;0;0;0
997130;533;4;1;0;0;0;0;0
997132;796;43;2;20;0;49;248;0
997134;886;49;3;20;0;0;248;0
997136;904;248;4;20;0;0;0;0
997137;656;0;0;20;0;0;0;0
998137;533;29;1;0;16;17;128;0
998140;771;51;2;30;0;81;428;0
998142;853;81;3;30;0;0;428;0
998144;839;428;4;30;0;0;0;0
998146;411;0;0;30;0;0;0;0
999150;533;35;1;0;18;23;135;0
999152;765;18;2;0;0;23;135;0
999154;880;23;3;0;0;0;135;0
999156;924;135;4;0;0;0;0;0
999157;789;0;0;0;0;0;0;0
1000152;533;8;1;0;13;28;135;0
1000159;876;79;3;22;0;0;385;0
1000157;792;49;2;22;0;79;385;0
1000161;864;385;4;22;0;0;0;0
1000162;479;0;0;22;0;0;0;0
1001156;533;31;1;0;13;34;133;0
1001159;769;13;2;0;0;34;133;0
1001161;889;34;3;0;0;0;133;0
1001162;922;133;4;0;0;0;0;0
1001164;789;0;0;0;0;0;0;0
1002154;533;3;1;0;10;22;76;0
1002156;797;10;2;0;0;22;76;0
1002159;920;22;3;0;0;0;76;0
1002162;965;76;4;0;0;0;0;0
1002165;889;0;0;0;0;0;0;0
1003155;533;20;1;0;26;50;266;0
1003158;780;26;2;0;0;50;266;0
1003160;887;50;3;0;0;0;266;0
1003162;904;266;4;0;0;0;0;0
1003164;638;0;0;0;0;0;0;0
1004156;533;7;1;0;17;27;77;0
1004158;793;17;2;0;0;27;77;0
1004160;909;27;3;0;0;0;77;0
1004163;949;77;4;0;0;0;0;0
1004166;872;0;0;0;0;0;0;0
1005170;533;11;1;0;13;28;129;0
1005171;789;13;2;0;0;28;129;0
1005173;909;28;3;0;0;0;129;0
1005174;948;129;4;0;0;0;0;0
1005176;819;0;0;0;0;0;0;0
1006185;533;21;1;0;37;47;236;0
1006189;779;37;2;0;0;47;236;0
1006192;875;47;3;0;0;0;236;0
1006194;895;236;4;0;0;0;0;0
1006196;659;0;0;0;0;0;0;0
1007199;533;8;1;0;14;10;89;0
1007202;792;14;2;0;0;10;89;0
1007204;911;10;3;0;0;0;89;0
1007206;968;89;4;0;0;0;0;0
1007209;879;0;0;0;0;0;0;0
1008201;533;17;1;0;37;51;242;0
1008203;783;37;2;0;0;51;242;0
1008206;879;51;3;0;0;0;242;0
1008209;895;242;4;0;0;0;0;0
1008213;653;0;0;0;0;0;0;0
1009211;533;5;1;0;8;14;61;0
1009216;795;8;2;0;0;14;61;0
1009221;920;14;3;0;0;0;61;0
1009222;973;61;4;0;0;0;0;0
1009224;912;0;0;0;0;0;0;0
1010216;533;13;1;0;22;52;223;0
1010218;787;22;2;0;0;52;223;0
1010221;898;52;3;0;0;0;223;0
1010223;913;223;4;0;0;0;0;0
1010225;690;0;0;0;0;0;0;0
1011217;533;13;1;0;39;56;240;0
1011221;787;39;2;0;0;56;240;0
1011223;881;56;3;0;0;0;240;0
1011225;892;240;4;0;0;0;0;0
1011227;652;0;0;0;0;0;0;0
1012225;533;27;1;0;69;80;427;0
1012229;773;69;2;0;0;80;427;0
1012232;837;80;3;0;0;0;427;0
1012235;824;427;4;0;0;0;0;0
1012238;397;0;0;48;110;137;619;0
1013229;533;74;1;0;170;217;941;0
1013231;726;170;2;0;0;217;941;0
1013234;689;217;3;0;0;0;941;0
1013236;539;539;4;0;0;0;402;0
1014234;533;27;1;0;55;82;797;0
1014237;773;55;2;0;0;82;797;0
1014239;851;82;3;0;0;0;797;0
1014241;836;797;4;0;0;0;0;0
1014267;39;0;0;40;95;147;628;0
1015245;533;67;1;0;186;242;1122;0
1015249;733;186;2;0;0;242;1122;0
1015252;680;242;3;0;0;0;1122;0
1015254;505;505;4;0;0;0;617;0
1016254;533;87;1;0;165;269;1895;0
1016257;713;165;2;0;0;269;1895;0
1016259;681;269;3;0;0;0;1895;0
1016261;479;479;4;0;0;0;1416;0
1017257;533;38;1;0;102;134;2013;0
1017260;762;102;2;0;0;134;2013;0
1017262;793;134;3;0;0;0;2013;0
1017263;726;726;4;0;0;0;1287;0
1018266;533;18;1;0;30;55;1510;0
1018270;782;30;2;0;0;55;1510;0
1018272;885;55;3;0;0;0;1510;0
1018274;897;897;4;0;0;0;613;0
1019268;533;69;1;0;169;230;1822;0
1019271;731;169;2;0;0;230;1822;0
1019273;695;230;3;0;0;0;1822;0
1019275;532;532;4;0;0;0;1290;0
1020277;533;45;1;0;103;168;1974;0
1020279;755;103;2;0;0;168;1974;0
1020281;785;168;3;0;0;0;1974;0
1020284;684;684;4;0;0;0;1290;0
1021290;533;65;1;0;177;252;2457;0
1021294;735;177;2;0;0;252;2457;0
1021296;691;252;3;0;0;0;2457;0
1021299;506;506;4;0;0;0;1951;0
1022296;533;33;1;0;73;111;2487;0
1022300;767;73;2;0;0;111;2487;0
1022302;827;111;3;0;0;0;2487;0
1022303;783;783;4;0;0;0;1704;0
1023299;533;23;1;0;47;67;2087;0
1023302;777;47;2;0;0;67;2087;0
1023304;863;67;3;0;0;0;2087;0
1023306;863;863;4;0;0;0;1224;0
1024309;533;109;1;0;179;289;2536;0
1024311;691;179;2;0;0;289;2536;0
1024313;645;289;3;0;0;0;2536;0
1024316;423;423;4;0;0;0;2113;0
1025314;533;56;1;0;115;207;2940;0
1025317;744;115;2;0;0;207;2940;0
1025319;762;207;3;0;0;0;2940;0
1025321;622;622;4;0;0;0;2318;0
1026327;533;51;1;0;96;166;3062;0
1026329;749;96;2;0;0;166;3062;0
1026332;786;166;3;0;0;0;3062;0
1026333;687;687;4;0;0;0;2375;0
1027329;533;94;1;0;189;321;3771;0
1027334;706;189;2;0;0;321;3771;0
1027339;650;321;3;0;0;0;3771;0
1027344;396;396;4;0;0;0;3375;0
1028340;533;91;1;0;191;311;4666;0
1028343;709;191;2;0;0;311;4666;0
1028345;651;311;3;0;0;0;4666;0
1028346;407;407;4;0;0;0;4259;0
1029346;533;84;1;0;141;197;5297;0
1029348;716;141;2;0;0;197;5297;0
1029349;708;197;3;0;0;0;5297;0
1029352;578;578;4;0;0;0;4719;0
1030350;533;39;1;0;75;119;5310;0
1030353;761;75;2;0;0;119;5310;0
1030356;819;119;3;0;0;0;5310;0
1030359;767;767;4;0;0;0;4543;0
1031358;533;76;1;0;161;225;5719;0
1031359;724;161;2;0;0;225;5719;0
1031362;696;225;3;0;0;0;5719;0
1031364;538;538;4;0;0;0;5181;0
1032364;533;117;1;0;196;325;6543;0
1032366;683;196;2;0;0;325;6543;0
1032368;620;325;3;0;0;0;6543;0
1032372;362;362;4;0;0;0;6181;0
1033363;533;78;1;0;142;206;7215;0
1033366;722;142;2;0;0;206;7215;0
1033368;713;206;3;0;0;0;7215;0
1033370;574;574;4;0;0;0;6641;0
1034369;533;43;1;0;78;99;7116;0
1034370;757;78;2;0;0;99;7116;0
1034371;812;99;3;0;0;0;7116;0
1034373;780;780;4;0;0;0;6336;0
1035378;533;43;1;0;97;144;6938;0
1035379;757;97;2;0;0;144;6938;0
1035381;793;144;3;0;0;0;6938;0
1035383;716;716;4;0;0;0;6222;0
1036385;533;21;1;0;28;69;6486;0
1036388;779;28;2;0;0;69;6486;0
1036390;884;69;3;0;0;0;6486;0
1036393;882;882;4;0;0;0;5604;0
1037389;533;30;1;0;60;124;6116;0
1037392;770;60;2;0;0;124;6116;0
1037394;843;124;3;0;0;0;6116;0
1037396;786;786;4;0;0;0;5330;0
1038392;533;54;1;0;111;216;6166;0
1038397;746;111;2;0;0;216;6166;0
1038400;768;216;3;0;0;0;6166;0
1038403;619;619;4;0;0;0;5547;0
1039404;533;39;1;0;103;149;6275;0
1039406;761;103;2;0;0;149;6275;0
1039408;791;149;3;0;0;0;6275;0
1039410;709;709;4;0;0;0;5566;0
1040415;533;21;1;0;36;42;5817;0
1040416;779;36;2;0;0;42;5817;0
1040418;876;42;3;0;0;0;5817;0
1040419;901;901;4;0;0;0;4916;0
1041416;533;34;1;0;57;89;5307;0
1041418;766;57;2;0;0;89;5307;0
1041419;842;89;3;0;0;0;5307;0
1041420;820;820;4;0;0;0;4487;0
1042420;533;50;1;0;82;145;5117;0
1042421;750;82;2;0;0;145;5117;0
1042423;801;145;3;0;0;0;5117;0
1042425;723;723;4;0;0;0;4394;0
1043432;533;24;1;0;53;75;4781;0
1043434;776;53;2;0;0;75;4781;0
1043436;856;75;3;0;0;0;4781;0
1043438;848;848;4;0;0;0;3933;0
1044434;533;63;1;0;117;153;4663;0
1044436;737;117;2;0;0;153;4663;0
1044437;753;153;3;0;0;0;4663;0
1044439;667;667;4;0;0;0;3996;0
1045442;533;34;1;0;100;152;4710;0
1045445;766;100;2;0;0;152;4710;0
1045448;799;152;3;0;0;0;4710;0
1045451;714;714;4;0;0;0;3996;0
1046450;533;102;1;0;196;321;5377;0
1046452;698;196;2;0;0;321;5377;0
1046454;635;321;3;0;0;0;5377;0
1046455;381;381;4;0;0;0;4996;0
1047462;533;85;1;0;172;262;6403;0
1047465;715;172;2;0;0;262;6403;0
1047468;676;262;3;0;0;0;6403;0
1047471;481;481;4;0;0;0;5922;0
1048474;533;38;1;0;78;129;6515;0
1048477;762;78;2;0;0;129;6515;0
1048480;817;129;3;0;0;0;6515;0
1048484;755;755;4;0;0;0;5760;0
1049479;533;111;1;0;177;310;7162;0
1049482;689;177;2;0;0;310;7162;0
1049485;645;310;3;0;0;0;7162;0
1049489;402;402;4;0;0;0;6760;0
1050489;533;88;1;0;193;318;8161;0
1050490;712;193;2;0;0;318;8161;0
1050492;652;318;3;0;0;0;8161;0
1050493;401;401;4;0;0;0;7760;0
1051499;533;41;1;0;92;114;8358;0
1051501;759;92;2;0;0;114;8358;0
1051503;800;114;3;0;0;0;8358;0
1051505;753;753;4;0;0;0;7605;0
1052512;533;82;1;0;136;223;8701;0
1052514;718;136;2;0;0;223;8701;0
1052517;715;223;3;0;0;0;8701;0
1052519;559;559;4;0;0;0;8142;0
1053517;533;92;1;0;172;244;9295;0
1053519;708;172;2;0;0;244;9295;0
1053521;669;244;3;0;0;0;9295;0
1053522;492;492;4;0;0;0;8803;0
1054521;533;31;1;0;77;114;9315;0
1054522;769;77;2;0;0;114;9315;0
1054524;825;114;3;0;0;0;9315;0
1054525;778;778;4;0;0;0;8537;0
1055534;533;84;1;0;196;262;9760;0
1055535;716;196;2;0;0;262;9760;0
1055538;653;262;3;0;0;0;9760;0
1055541;458;458;4;0;0;0;9302;0
1056546;533;104;1;0;188;283;10727;0
1056548;696;188;2;0;0;283;10727;0
1056550;641;283;3;0;0;0;10727;0
1056553;425;425;4;0;0;0;10302;0
1057559;533;107;1;0;199;302;11694;0
1057562;693;199;2;0;0;302;11694;0
1057565;627;302;3;0;0;0;11694;0
1057567;392;392;4;0;0;0;11302;0
1058568;533;92;1;0;173;251;12463;0
1058571;708;173;2;0;0;251;12463;0
1058573;668;251;3;0;0;0;12463;0
1058575;484;484;4;0;0;0;11979;0
1059574;533;39;1;0;73;121;12496;0
1059576;761;73;2;0;0;121;12496;0
1059577;821;121;3;0;0;0;12496;0
1059579;767;767;4;0;0;0;11729;0
1060576;533;69;1;0;156;207;12874;0
1060579;731;156;2;0;0;207;12874;0
1060581;708;207;3;0;0;0;12874;0
1060584;568;568;4;0;0;0;12306;0
1061579;533;61;1;0;119;182;13213;0
1061583;739;119;2;0;0;182;13213;0
1061585;753;182;3;0;0;0;13213;0
1061588;638;638;4;0;0;0;12575;0
1062582;533;68;1;0;84;160;13331;0
1062584;732;84;2;0;0;160;13331;0
1062586;781;160;3;0;0;0;13331;0
1062588;688;688;4;0;0;0;12643;0
1063593;533;27;1;0;68;94;13093;0
1063595;773;68;2;0;0;94;13093;0
1063598;838;94;3;0;0;0;13093;0
1063599;811;811;4;0;0;0;12282;0
1064605;533;41;1;0;63;102;12768;0
1064608;759;63;2;0;0;102;12768;0
1064611;829;102;3;0;0;0;12768;0
1064612;794;794;4;0;0;0;11974;0
1065608;533;38;1;0;75;145;12543;0
1065610;762;75;2;0;0;145;12543;0
1065612;820;145;3;0;0;0;12543;0
1065615;742;742;4;0;0;0;11801;0
1066614;533;58;1;0;129;179;12726;0
1066616;742;129;2;0;0;179;12726;0
1066617;746;179;3;0;0;0;12726;0
1066620;634;634;4;0;0;0;12092;0
1067622;533;24;1;0;39;77;12403;0
1067625;776;39;2;0;0;77;12403;0
1067626;870;77;3;0;0;0;12403;0
1067628;860;860;4;0;0;0;11543;0
1068627;533;104;1;0;190;287;12834;0
1068631;696;190;2;0;0;287;12834;0
1068635;639;287;3;0;0;0;12834;0
1068638;419;419;4;0;0;0;12415;0
1069631;533;104;1;0;184;285;13724;0
1069634;696;184;2;0;0;285;13724;0
1069636;645;285;3;0;0;0;13724;0
1069638;427;427;4;0;0;0;13297;0
1070637;533;73;1;0;134;196;14234;0
1070639;727;134;2;0;0;196;14234;0
1070641;726;196;3;0;0;0;14234;0
1070643;597;597;4;0;0;0;13637;0
1071648;533;62;1;0;140;208;14673;0
1071650;738;140;2;0;0;208;14673;0
1071651;731;208;3;0;0;0;14673;0
1071653;590;590;4;0;0;0;14083;0
1072655;533;64;1;0;168;206;15126;0
1072657;736;168;2;0;0;206;15126;0
1072659;701;206;3;0;0;0;15126;0
1072660;562;562;4;0;0;0;14564;0
1073668;533;14;1;0;36;58;14822;0
1073670;786;36;2;0;0;58;14822;0
1073672;883;58;3;0;0;0;14822;0
1073674;892;892;4;0;0;0;13930;0
1074671;533;63;1;0;144;235;14991;0
1074673;737;144;2;0;0;235;14991;0
1074675;726;235;3;0;0;0;14991;0
1074677;558;558;4;0;0;0;14433;0
1075680;533;46;1;0;94;126;15040;0
1075682;754;94;2;0;0;126;15040;0
1075683;793;126;3;0;0;0;15040;0
1075685;734;734;4;0;0;0;14306;0
1076695;533;32;1;0;69;112;14831;0
1076697;768;69;2;0;0;112;14831;0
1076699;832;112;3;0;0;0;14831;0
1076701;787;787;4;0;0;0;14044;0
1077698;533;81;1;0;139;218;14963;0
1077700;719;139;2;0;0;218;14963;0
1077702;713;218;3;0;0;0;14963;0
1077703;562;562;4;0;0;0;14401;0
1078714;533;74;1;0;151;243;15539;0
1078717;726;151;2;0;0;243;15539;0
1078719;708;243;3;0;0;0;15539;0
1078721;532;532;4;0;0;0;15007;0
1079724;533;12;1;0;28;54;15245;0
1079726;788;28;2;0;0;54;15245;0
1079728;893;54;3;0;0;0;15245;0
1079731;906;906;4;0;0;0;14339;0
1080726;533;37;1;0;65;95;14741;0
1080728;763;65;2;0;0;95;14741;0
1080732;831;95;3;0;0;0;14741;0
1080733;803;803;4;0;0;0;13938;0
1081741;533;57;1;0;95;153;14573;0
1081745;743;95;2;0;0;153;14573;0
1081747;781;153;3;0;0;0;14573;0
1081750;695;695;4;0;0;0;13878;0
1082754;533;95;1;0;191;324;15268;0
1082757;705;191;2;0;0;324;15268;0
1082760;647;324;3;0;0;0;15268;0
1082763;390;390;4;0;0;0;14878;0
1083758;533;93;1;0;188;283;16222;0
1083761;707;188;2;0;0;283;16222;0
1083764;652;283;3;0;0;0;16222;0
1083768;436;436;4;0;0;0;15786;0
1084766;533;83;1;0;158;239;16859;0
1084770;717;158;2;0;0;239;16859;0
1084772;692;239;3;0;0;0;16859;0
1084775;520;520;4;0;0;0;16339;0
1085771;533;87;1;0;182;292;17626;0
1085774;713;182;2;0;0;292;17626;0
1085777;664;292;3;0;0;0;17626;0
1085779;439;439;4;0;0;0;17187;0
1086777;533;37;1;0;56;94;17576;66
1086780;763;56;2;0;0;94;17576;66
1086783;840;94;3;0;0;0;17576;66
1086785;813;813;4;0;0;0;16763;66
1087782;533;26;1;0;62;118;17200;66
1087786;774;62;2;0;0;118;17200;66
1087789;845;118;3;0;0;0;17200;66
1087792;794;794;4;0;0;0;16406;66
1088785;533;94;1;0;164;253;17524;66
1088787;706;164;2;0;0;253;17524;66
1088791;675;253;3;0;0;0;17524;66
1088793;489;489;4;0;0;0;17035;66
1089790;533;72;1;0;166;229;17678;490
1089793;728;166;2;0;0;229;17678;490
1089796;695;229;3;0;0;0;17678;490
1089797;533;533;4;0;0;0;17145;490
1090805;533;118;1;0;184;323;17673;1337
1090809;682;184;2;0;0;323;17673;1337
1090811;631;323;3;0;0;0;17673;1337
1090814;375;375;4;0;0;0;17298;1337
1091806;533;74;1;0;163;260;18016;1767
1091810;726;163;2;0;0;260;18016;1767
1091813;696;260;3;0;0;0;18016;1767
1091816;503;503;4;0;0;0;17513;1767
1092812;533;35;1;0;69;111;17688;2135
1092814;765;69;2;0;0;111;17688;2135
1092815;829;111;3;0;0;0;17688;2135
1092817;785;785;4;0;0;0;16903;2135
1093824;533;76;1;0;178;268;18081;2135
1093828;724;178;2;0;0;268;18081;2135
1093830;679;268;3;0;0;0;18081;2135
1093833;478;478;4;0;0;0;17603;2135
1094838;533;16;1;0;35;42;17705;2281
1094841;784;35;2;0;0;42;17705;2281
1094842;882;42;3;0;0;0;17705;2281
1094846;907;907;4;0;0;0;16798;2281
1095850;533;55;1;0;124;189;17651;2281
1095852;745;124;2;0;0;189;17651;2281
1095854;754;189;3;0;0;0;17651;2281
1095856;632;632;4;0;0;0;17019;2281
1096854;533;82;1;0;145;204;17811;2452
1096857;718;145;2;0;0;204;17811;2452
1096859;706;204;3;0;0;0;17811;2452
1096862;569;569;4;0;0;0;17242;2452
1097859;533;26;1;0;30;43;17485;2452
1097862;774;30;2;0;0;43;17485;2452
1097864;877;43;3;0;0;0;17485;2452
1097867;901;901;4;0;0;0;16584;2452
1098872;533;67;1;0;122;160;17240;2606
1098875;733;122;2;0;0;160;17240;2606
1098878;744;160;3;0;0;0;17240;2606
1098881;651;651;4;0;0;0;16589;2606
1099872;533;38;1;0;47;84;16925;2626
1099876;762;47;2;0;0;84;16925;2626
1099879;848;84;3;0;0;0;16925;2626
1099882;831;831;4;0;0;0;16094;2626
1100879;533;26;1;0;46;96;16476;2626
1100882;774;46;2;0;0;96;16476;2626
1100884;861;96;3;0;0;0;16476;2626
1100886;832;832;4;0;0;0;15644;2626
1101886;533;92;1;0;191;252;16885;2626
1101889;708;191;2;0;0;252;16885;2626
1101891;650;252;3;0;0;0;16885;2626
1101893;465;465;4;0;0;0;16420;2626
1102901;533;102;1;0;200;316;17760;2668
1102904;698;200;2;0;0;316;17760;2668
1102907;631;316;3;0;0;0;17760;2668
1102909;382;382;4;0;0;0;17378;2668
1103911;533;64;1;0;141;176;17835;3192
1103914;736;141;2;0;0;176;17835;3192
1103916;728;176;3;0;0;0;17835;3192
1103919;619;619;4;0;0;0;17216;3192
1104917;533;50;1;0;96;138;17480;3644
1104922;750;96;2;0;0;138;17480;3644
1104924;787;138;3;0;0;0;17480;3644
1104926;716;716;4;0;0;0;16764;3644
1105926;533;93;1;0;178;305;17520;4312
1105930;707;178;2;0;0;305;17520;4312
1105932;662;305;3;0;0;0;17520;4312
1105935;424;424;4;0;0;0;17096;4312
1106932;533;113;1;0;198;295;18314;4488
1106937;687;198;2;0;0;295;18314;4488
1106942;622;295;3;0;0;0;18314;4488
1106945;394;394;4;0;0;0;17920;4488
1107941;533;90;1;0;195;289;18677;4986
1107947;710;195;2;0;0;289;18677;4986
1107950;648;289;3;0;0;0;18677;4986
1107954;426;426;4;0;0;0;18251;4986
1108952;533;81;1;0;171;235;19290;5012
1108954;719;171;2;0;0;235;19290;5012
1108956;681;235;3;0;0;0;19290;5012
1108958;513;513;4;0;0;0;18777;5012
1109958;533;75;1;0;132;188;19216;5526
1109960;725;132;2;0;0;188;19216;5526
1109963;726;188;3;0;0;0;19216;5526
1109966;605;605;4;0;0;0;18611;5526
1110967;533;63;1;0;144;206;18175;6898
1110972;737;144;2;0;0;206;18175;6898
1110976;726;206;3;0;0;0;18175;6898
1110979;587;587;4;0;0;0;17588;6898
1111978;533;109;1;0;209;265;18981;6922
1111982;691;209;2;0;0;265;18981;6922
1111984;615;265;3;0;0;0;18981;6922
1111987;417;417;4;0;0;0;18564;6922
1112986;533;80;1;0;126;184;18765;7689
1112991;720;126;2;0;0;184;18765;7689
1112993;727;184;3;0;0;0;18765;7689
1112996;610;610;4;0;0;0;18155;7689
1114000;533;83;1;0;188;241;19365;7751
1114003;717;188;2;0;0;241;19365;7751
1114006;662;241;3;0;0;0;19365;7751
1114009;488;488;4;0;0;0;18877;7751
1115006;533;90;1;0;147;233;19734;8017
1115008;710;147;2;0;0;233;19734;8017
1115011;696;233;3;0;0;0;19734;8017
1115015;530;530;4;0;0;0;19204;8017
1116018;533;87;1;0;188;296;20272;8340
1116024;713;188;2;0;0;296;20272;8340
1116026;658;296;3;0;0;0;20272;8340
1116029;429;429;4;0;0;0;19843;8340
1117021;533;89;1;0;135;211;20594;8492
1117024;711;135;2;0;0;211;20594;8492
1117027;709;211;3;0;0;0;20594;8492
1117029;565;565;4;0;0;0;20029;8492
1118028;533;79;1;0;158;218;21113;8492
1118032;721;158;2;0;0;218;21113;8492
1118034;696;218;3;0;0;0;21113;8492
1118037;545;545;4;0;0;0;20568;8492
1119042;533;115;1;0;212;294;21838;8601
1119045;685;212;2;0;0;294;21838;8601
1119048;606;294;3;0;0;0;21838;8601
1119052;379;379;4;0;0;0;21459;8601
1120052;533;96;1;0;197;323;22843;8601
1120055;704;197;2;0;0;323;22843;8601
1120057;640;323;3;0;0;0;22843;8601
1120060;384;384;4;0;0;0;22459;8601
1121063;533;67;1;0;123;177;23196;8792
1121066;733;123;2;0;0;177;23196;8792
1121069;743;177;3;0;0;0;23196;8792
1121071;633;633;4;0;0;0;22563;8792
1122064;533;94;1;0;166;261;23722;8792
1122067;706;166;2;0;0;261;23722;8792
1122069;673;261;3;0;0;0;23722;8792
1122072;479;479;4;0;0;0;23243;8792
1123077;533;36;1;0;56;113;22551;9982
1123082;764;56;2;0;0;113;22551;9982
1123084;841;113;3;0;0;0;22551;9982
1123086;795;795;4;0;0;0;21756;9982
1124080;533;73;1;0;154;225;22838;9988
1124083;727;154;2;0;0;225;22838;9988
1124086;706;225;3;0;0;0;22838;9988
1124089;548;548;4;0;0;0;22290;9988
1125088;533;19;1;0;28;48;22531;9988
1125092;781;28;2;0;0;48;22531;9988
1125094;886;48;3;0;0;0;22531;9988
1125096;905;905;4;0;0;0;21626;9988
1126094;533;33;1;0;57;61;20659;11306
1126098;767;57;2;0;0;61;20659;11306
1126100;843;61;3;0;0;0;20659;11306
1126101;849;849;4;0;0;0;19810;11306
1127095;533;38;1;0;64;107;20275;11306
1127098;762;64;2;0;0;107;20275;11306
1127100;831;107;3;0;0;0;20275;11306
1127103;791;791;4;0;0;0;19484;11306
1128103;533;50;1;0;101;179;19653;11867
1128106;750;101;2;0;0;179;19653;11867
1128109;782;179;3;0;0;0;19653;11867
1128111;670;670;4;0;0;0;18983;11867
1129107;533;58;1;0;118;173;19561;12087
1129110;742;118;2;0;0;173;19561;12087
1129112;757;173;3;0;0;0;19561;12087
1129115;651;651;4;0;0;0;18910;12087
1130116;533;90;1;0;160;253;19809;12386
1130120;710;160;2;0;0;253;19809;12386
1130123;683;253;3;0;0;0;19809;12386
1130126;497;497;4;0;0;0;19312;12386
1131130;533;97;1;0;150;267;20031;12855
1131132;703;150;2;0;0;267;20031;12855
1131135;686;267;3;0;0;0;20031;12855
1131138;486;486;4;0;0;0;19545;12855
1132144;533;51;1;0;110;169;19692;13436
1132147;749;110;2;0;0;169;19692;13436
1132149;772;169;3;0;0;0;19692;13436
1132153;670;670;4;0;0;0;19022;13436
1133157;533;68;1;0;121;239;19640;13917
1133160;732;121;2;0;0;239;19640;13917
1133163;744;239;3;0;0;0;19640;13917
1133166;572;572;4;0;0;0;19068;13917
1134159;533;43;1;0;85;153;19448;14256
1134163;757;85;2;0;0;153;19448;14256
1134166;805;153;3;0;0;0;19448;14256
1134168;719;719;4;0;0;0;18729;14256
1135169;533;61;1;0;154;234;19040;14965
1135173;739;154;2;0;0;234;19040;14965
1135178;718;234;3;0;0;0;19040;14965
1135180;551;551;4;0;0;0;18489;14965
1136171;533;28;1;0;64;106;18102;15791
1136175;772;64;2;0;0;106;18102;15791
1136177;841;106;3;0;0;0;18102;15791
1136180;802;802;4;0;0;0;17300;15791
1137185;533;116;1;0;207;293;18551;15924
1137189;684;207;2;0;0;293;18551;15924
1137191;610;293;3;0;0;0;18551;15924
1137194;384;384;4;0;0;0;18167;15924
1138188;533;76;1;0;158;231;18677;16614
1138191;724;158;2;0;0;231;18677;16614
1138194;699;231;3;0;0;0;18677;16614
1138196;535;535;4;0;0;0;18142;16614
1139202;533;68;1;0;149;207;17888;17773
1139206;732;149;2;0;0;207;17888;17773
1139208;716;207;3;0;0;0;17888;17773
1139211;576;576;4;0;0;0;17312;17773
1140208;533;51;1;0;109;157;17563;18205
1140210;749;109;2;0;0;157;17563;18205
1140212;773;157;3;0;0;0;17563;18205
1140214;683;683;4;0;0;0;16880;18205
1141219;533;74;1;0;180;289;17403;18901
1141223;726;180;2;0;0;289;17403;18901
1141226;679;289;3;0;0;0;17403;18901
1141228;457;457;4;0;0;0;16946;18901
1142225;533;111;1;0;171;307;17560;19587
1142229;689;171;2;0;0;307;17560;19587
1142231;651;307;3;0;0;0;17560;19587
1142233;411;411;4;0;0;0;17149;19587
1143230;533;89;1;0;184;272;18348;19587
1143232;711;184;2;0;0;272;18348;19587
1143234;660;272;3;0;0;0;18348;19587
1143237;455;455;4;0;0;0;17893;19587
1144234;533;52;1;0;98;143;18070;20221
1144238;748;98;2;0;0;143;18070;20221
1144239;783;143;3;0;0;0;18070;20221
1144243;707;707;4;0;0;0;17363;20221
1145241;533;30;1;0;62;114;17818;20221
1145244;770;62;2;0;0;114;17818;20221
1145246;841;114;3;0;0;0;17818;20221
1145248;794;794;4;0;0;0;17024;20221
1146256;533;81;1;0;146;209;18005;20221
1146259;719;146;2;0;0;209;18005;20221
1146261;706;209;3;0;0;0;18005;20221
1146264;564;564;4;0;0;0;17441;20221
1147261;533;36;1;0;54;96;17814;20221
1147264;764;54;2;0;0;96;17814;20221
1147266;843;96;3;0;0;0;17814;20221
1147267;814;814;4;0;0;0;17000;20221
1148269;533;45;1;0;119;143;17693;20221
1148274;755;119;2;0;0;143;17693;20221
1148276;769;143;3;0;0;0;17693;20221
1148280;693;693;4;0;0;0;17000;20221
1149280;533;62;1;0;105;153;17750;20221
1149283;738;105;2;0;0;153;17750;20221
1149287;766;153;3;0;0;0;17750;20221
1149290;680;680;4;0;0;0;17070;20221
1150285;533;83;1;0;175;243;18213;20221
1150288;717;175;2;0;0;243;18213;20221
1150290;675;243;3;0;0;0;18213;20221
1150293;499;499;4;0;0;0;17714;20221
1151285;533;58;1;0;118;176;18473;20221
1151288;742;118;2;0;0;176;18473;20221
1151290;757;176;3;0;0;0;18473;20221
1151291;648;648;4;0;0;0;17825;20221
1152288;533;88;1;0;183;258;19138;20221
1152290;712;183;2;0;0;258;19138;20221
1152293;662;258;3;0;0;0;19138;20221
1152295;471;471;4;0;0;0;18667;20221
1153287;533;85;1;0;199;258;19672;20674
1153290;715;199;2;0;0;258;19672;20674
1153292;649;258;3;0;0;0;19672;20674
1153294;458;458;4;0;0;0;19214;20674
1154290;533;16;1;0;30;72;19055;21084
1154293;784;100;2;35;0;207;19649;21084
1154296;817;207;3;35;0;0;19649;21084
1154298;677;677;4;35;0;0;18972;21084
1155291;533;35;1;0;0;0;18302;21754
1155294;765;0;2;0;0;0;18302;21754
1155297;898;0;3;0;0;0;18302;21754
1155299;965;965;4;0;0;0;17337;21754
1156295;533;46;1;0;116;162;18167;21754
1156297;754;116;2;0;0;162;18167;21754
1156302;771;162;3;0;0;0;18167;21754
1156305;676;676;4;0;0;0;17491;21754
1157306;533;96;1;0;184;276;18797;21754
1157308;704;184;2;0;0;276;18797;21754
1157311;653;276;3;0;0;0;18797;21754
1157318;444;444;4;51;74;171;19057;21754
1158307;533;98;1;0;178;314;18844;22673
1158312;702;178;2;0;0;314;18844;22673
1158315;657;314;3;0;0;0;18844;22673
1158317;410;410;4;0;0;0;18434;22673
1159321;533;109;1;0;196;257;19495;22886
1159325;691;196;2;0;0;257;19495;22886
1159328;628;257;3;0;0;0;19495;22886
1159330;438;438;4;0;0;0;19057;22886
1160323;533;68;1;0;128;198;19780;23141
1160327;732;128;2;0;0;198;19780;23141
1160330;737;198;3;0;0;0;19780;23141
1160332;606;606;4;0;0;0;19174;23141
1161326;533;66;1;0;130;227;18899;24437
1161329;734;130;2;0;0;227;18899;24437
1161332;737;227;3;0;0;0;18899;24437
1161334;577;577;4;0;0;0;18322;24437
1162328;533;58;1;0;112;186;19066;24470
1162332;742;112;2;0;0;186;19066;24470
1162334;763;186;3;0;0;0;19066;24470
1162337;644;644;4;0;0;0;18422;24470
1163340;533;22;1;0;30;59;18049;25061
1163344;778;30;2;0;0;59;18049;25061
1163346;881;59;3;0;0;0;18049;25061
1163348;889;889;4;0;0;0;17160;25061
1164339;533;23;1;0;34;58;17194;25263
1164343;777;34;2;0;0;58;17194;25263
1164345;876;58;3;0;0;0;17194;25263
1164347;885;885;4;0;0;0;16309;25263
1165347;533;57;1;0;108;202;17208;25263
1165349;743;108;2;0;0;202;17208;25263
1165351;768;202;3;0;0;0;17208;25263
1165354;633;633;4;0;0;0;16575;25263
1166352;533;102;1;0;169;263;17810;25263
1166357;698;169;2;0;0;263;17810;25263
1166361;662;263;3;0;0;0;17810;25263
1166364;466;466;4;0;0;0;17344;25263
1167354;533;23;1;0;48;76;17674;25263
1167356;777;48;2;0;0;76;17674;25263
1167359;862;76;3;0;0;0;17674;25263
1167362;853;853;4;0;0;0;16821;25263
1168357;533;31;1;0;86;117;17360;25263
1168361;769;86;2;0;0;117;17360;25263
1168363;816;117;3;0;0;0;17360;25263
1168365;766;766;4;0;0;0;16594;25263
1169361;533;44;1;0;84;147;17200;25263
1169363;756;84;2;0;0;147;17200;25263
1169365;805;147;3;0;0;0;17200;25263
1169368;725;725;4;0;0;0;16475;25263
1170362;533;76;1;0;118;201;17415;25263
1170366;724;118;2;0;0;201;17415;25263
1170368;739;201;3;0;0;0;17415;25263
1170371;605;605;4;0;0;0;16810;25263
1171364;533;110;1;0;182;287;18199;25263
1171367;690;182;2;0;0;287;18199;25263
1171370;641;287;3;0;0;0;18199;25263
1171372;421;421;4;0;0;0;17778;25263
1172368;533;53;1;0;128;195;17859;26026
1172371;747;128;2;0;0;195;17859;26026
1172373;752;195;3;0;0;0;17859;26026
1172376;624;624;4;0;0;0;17235;26026
1173371;533;47;1;0;99;177;16959;26979
1173372;753;99;2;0;0;177;16959;26979
1173375;787;177;3;0;0;0;16959;26979
1173377;677;677;4;0;0;0;16282;26979
1174371;533;54;1;0;125;150;16971;26979
1174374;746;125;2;0;0;150;16971;26979
1174377;754;150;3;0;0;0;16971;26979
1174380;671;671;4;0;0;0;16300;26979
1175373;533;57;1;0;114;193;17009;27081
1175376;743;114;2;0;0;193;17009;27081
1175378;762;193;3;0;0;0;17009;27081
1175381;636;636;4;0;0;0;16373;27081
1176376;533;106;1;0;200;292;17775;27081
1176380;694;200;2;0;0;292;17775;27081
1176382;627;292;3;0;0;0;17775;27081
1176386;402;402;4;0;0;0;17373;27081
1177389;533;85;1;0;146;238;17970;27541
1177394;715;146;2;0;0;238;17970;27541
1177397;702;238;3;0;0;0;17970;27541
1177400;531;531;4;0;0;0;17439;27541
1178390;533;0;1;0;0;0;16152;28828
1178395;800;0;2;0;0;0;16152;28828
1178398;933;0;3;0;0;0;16152;28828
1178400;1000;1000;4;0;0;0;15152;28828
1179398;533;0;1;0;0;0;15058;28922
1179402;800;0;2;0;0;0;15058;28922
1179405;933;0;3;0;0;0;15058;28922
1179407;1000;1000;4;0;0;0;14058;28922
1180409;533;0;1;0;0;0;13961;29019
1180412;800;0;2;0;0;0;13961;29019
1180415;933;0;3;0;0;0;13961;29019
1180416;1000;1000;4;0;0;0;12961;29019
1181419;533;0;1;0;0;0;12961;29019
1181422;800;0;2;0;0;0;12961;29019
1181423;933;0;3;0;0;0;12961;29019
1181425;1000;1000;4;0;0;0;11961;29019
1182424;533;0;1;0;0;0;11961;29019
1182428;800;0;2;0;0;0;11961;29019
1182430;933;0;3;0;0;0;11961;29019
1182433;1000;1000;4;0;0;0;10961;29019
1183426;533;0;1;0;0;0;10961;29019
1183432;800;0;2;0;0;0;10961;29019
1183435;933;0;3;0;0;0;10961;29019
1183437;1000;1000;4;0;0;0;9961;29019
1184431;533;0;1;0;0;0;9961;29019
1184436;800;0;2;0;0;0;9961;29019
1184438;933;0;3;0;0;0;9961;29019
1184441;1000;1000;4;0;0;0;8961;29019
1185436;533;0;1;0;0;0;8961;29019
1185441;800;0;2;0;0;0;8961;29019
1185443;933;0;3;0;0;0;8961;29019
1185445;1000;1000;4;0;0;0;7961;29019
1186452;533;0;1;0;0;0;7961;29019
1186457;933;0;3;0;0;0;7961;29019
1186455;800;0;2;0;0;0;7961;29019
1186460;1000;1000;4;0;0;0;6961;29019
1187467;533;0;1;0;0;0;6961;29019
1187469;800;0;2;0;0;0;6961;29019
1187471;933;0;3;0;0;0;6961;29019
1187473;1000;1000;4;0;0;0;5961;29019
1188474;533;0;1;0;0;0;5961;29019
1188478;800;0;2;0;0;0;5961;29019
1188479;933;0;3;0;0;0;5961;29019
1188482;1000;1000;4;0;0;0;4961;29019
1189476;533;0;1;0;0;0;4961;29019
1189480;800;0;2;0;0;0;4961;29019
1189483;933;0;3;0;0;0;4961;29019
1189486;1000;1000;4;0;0;0;3961;29019
1190487;533;0;1;0;0;0;3961;29019
1190490;800;0;2;0;0;0;3961;29019
1190493;933;0;3;0;0;0;3961;29019
1190496;1000;1000;4;0;0;0;2961;29019
1191498;533;0;1;0;0;0;2961;29019
1191500;800;0;2;0;0;0;2961;29019
1191502;933;0;3;0;0;0;2961;29019
1191505;1000;1000;4;0;0;0;1961;29019
1192507;533;0;1;0;0;0;1961;29019
1192509;800;0;2;0;0;0;1961;29019
1192511;933;0;3;0;0;0;1961;29019
1192513;1000;1000;4;0;0;0;961;29019
1193508;533;0;1;0;0;0;961;29019
1193512;800;0;2;0;0;0;961;29019
1193515;933;0;3;0;0;0;961;29019
1193516;1000;961;4;0;0;0;0;29019
1193519;39;39;0;0;0;0;0;28980
1194520;533;0;1;0;0;0;0;28980
1194525;800;0;2;0;0;0;0;28980
1194527;933;0;3;0;0;0;0;28980
1194528;1000;0;4;0;0;0;0;28980
1194531;1000;1000;0;0;0;0;0;27980
1195529;533;0;1;0;0;0;0;27980
1195534;800;0;2;0;0;0;0;27980
1195537;933;0;3;0;0;0;0;27980
1195538;1000;0;4;0;0;0;0;27980
1195540;1000;1000;0;0;0;0;0;26980
1196532;533;0;1;0;0;0;0;26980
1196535;800;0;2;0;0;0;0;26980
1196537;933;0;3;0;0;0;0;26980
1196538;1000;0;4;0;0;0;0;26980
1196540;1000;1000;0;0;0;0;0;25980
1197540;533;0;1;0;0;0;0;25980
1197544;800;0;2;0;0;0;0;25980
1197547;933;0;3;0;0;0;0;25980
1197549;1000;0;4;0;0;0;0;25980
1197551;1000;1000;0;0;0;0;0;24980
1198549;533;0;1;0;0;0;0;24980
1198553;800;0;2;0;0;0;0;24980
1198558;1000;0;4;0;0;0;0;24980
1198556;933;0;3;0;0;0;0;24980
1198561;1000;1000;0;0;0;0;0;23980
1199550;533;0;1;0;0;0;0;23980
1199556;933;0;3;0;0;0;0;23980
1199553;800;0;2;0;0;0;0;23980
1199559;1000;0;4;0;0;0;0;23980
1199561;1000;1000;0;0;0;0;0;22980
1200558;533;0;1;0;0;0;0;22980
1200564;800;0;2;0;0;0;0;22980
1200566;933;0;3;0;0;0;0;22980
1200569;1000;0;4;0;0;0;0;22980
1200571;1000;1000;0;0;0;0;0;21980
1201568;533;0;1;0;0;0;0;21980
1201572;800;0;2;0;0;0;0;21980
1201574;933;0;3;0;0;0;0;21980
1201577;1000;0;4;0;0;0;0;21980
1201579;1000;1000;0;0;0;0;0;20980
1202575;533;0;1;0;0;0;0;20980
1202579;800;0;2;0;0;0;0;20980
1202582;933;0;3;0;0;0;0;20980
1202583;1000;0;4;0;0;0;0;20980
1202586;1000;1000;0;0;0;0;0;19980
1203581;533;0;1;0;0;0;0;19980
1203584;800;0;2;0;0;0;0;19980
1203587;933;0;3;0;0;0;0;19980
1203590;1000;0;4;0;0;0;0;19980
1203594;1000;1000;0;0;0;0;0;18980
1204597;533;0;1;0;0;0;0;18980
1204603;800;0;2;0;0;0;0;18980
1204605;933;0;3;0;0;0;0;18980
1204606;1000;0;4;0;0;0;0;18980
1204608;1000;1000;0;0;0;0;0;17980
1205600;533;0;1;0;0;0;0;17980
1205602;800;0;2;0;0;0;0;17980
1205604;933;0;3;0;0;0;0;17980
1205606;1000;0;4;0;0;0;0;17980
1205608;1000;1000;0;0;0;0;0;16980
1206605;533;0;1;0;0;0;0;16980
1206609;800;0;2;0;0;0;0;16980
1206613;933;0;3;0;0;0;0;16980
1206616;1000;0;4;0;0;0;0;16980
1206618;1000;1000;0;0;0;0;0;15980
1207621;533;0;1;0;0;0;0;15980
1207624;800;0;2;0;0;0;0;15980
1207626;933;0;3;0;0;0;0;15980
1207629;1000;0;4;0;0;0;0;15980
1207630;1000;1000;0;0;0;0;0;14980
1208634;533;0;1;0;0;0;0;14980
1208638;800;0;2;0;0;0;0;14980
1208640;933;0;3;0;0;0;0;14980
1208643;1000;0;4;0;0;0;0;14980
1208646;1000;1000;0;0;0;0;0;13980
1209649;533;0;1;0;0;0;0;13980
1209651;800;0;2;0;0;0;0;13980
1209654;933;0;3;0;0;0;0;13980
1209655;1000;0;4;0;0;0;0;13980
1209656;1000;1000;0;0;0;0;0;12980
1210652;533;0;1;0;0;0;0;12980
1210656;800;0;2;0;0;0;0;12980
1210659;933;0;3;0;0;0;0;12980
1210660;1000;0;4;0;0;0;0;12980
1210662;1000;1000;0;0;0;0;0;11980
1211653;533;0;1;0;0;0;0;11980
1211657;800;0;2;0;0;0;0;11980
1211661;1000;0;4;0;0;0;0;11980
1211662;1000;1000;0;0;0;0;0;10980
1211658;933;0;3;0;0;0;0;11980
1212665;533;0;1;0;0;0;0;10980
1212668;800;0;2;0;0;0;0;10980
1212671;933;0;3;0;0;0;0;10980
1212672;1000;0;4;0;0;0;0;10980
1212674;1000;1000;0;0;0;0;0;9980
1213680;533;0;1;0;0;0;0;9980
1213685;800;0;2;0;0;0;0;9980
1213687;933;0;3;0;0;0;0;9980
1213690;1000;0;4;0;0;0;0;9980
1213692;1000;1000;0;0;0;0;0;8980
1214689;533;0;1;0;0;0;0;8980
1214694;800;0;2;0;0;0;0;8980
1214697;933;0;3;0;0;0;0;8980
1214698;1000;0;4;0;0;0;0;8980
1214700;1000;1000;0;0;0;0;0;7980
1215692;533;0;1;0;0;0;0;7980
1215694;800;0;2;0;0;0;0;7980
1215696;933;0;3;0;0;0;0;7980
1215697;1000;0;4;0;0;0;0;7980
1215699;1000;1000;0;0;0;0;0;6980
1216704;533;0;1;0;0;0;0;6980
1216708;800;0;2;0;0;0;0;6980
1216710;933;0;3;0;0;0;0;6980
1216711;1000;0;4;0;0;0;0;6980
1216713;1000;1000;0;0;0;0;0;5980
1217709;533;0;1;0;0;0;0;5980
1217714;800;0;2;0;0;0;0;5980
1217716;933;0;3;0;0;0;0;5980
1217719;1000;0;4;0;0;0;0;5980
1217721;1000;1000;0;0;0;0;0;4980
1218719;533;0;1;0;0;0;0;4980
1218724;800;0;2;0;0;0;0;4980
1218727;933;0;3;0;0;0;0;4980
1218730;1000;0;4;0;0;0;0;4980
1218732;1000;1000;0;0;0;0;0;3980
1219722;533;0;1;0;0;0;0;3980
1219726;800;0;2;0;0;0;0;3980
1219729;933;0;3;0;0;0;0;3980
1219733;1000;0;4;0;0;0;0;3980
1219735;1000;1000;0;0;0;0;0;2980
1220733;533;0;1;0;0;0;0;2980
1220735;800;0;2;0;0;0;0;2980
1220738;933;0;3;0;0;0;0;2980
1220740;1000;0;4;0;0;0;0;2980
1220743;1000;1000;0;0;0;0;0;1980
1221741;533;0;1;0;0;0;0;1980
1221745;800;0;2;0;0;0;0;1980
1221747;933;0;3;0;0;0;0;1980
1221749;1000;0;4;0;0;0;0;1980
1221751;1000;1000;0;0;0;0;0;980
1222752;533;0;1;0;0;0;0;980
1222755;800;0;2;0;0;0;0;980
1222758;933;0;3;0;0;0;0;980
1222760;1000;0;4;0;0;0;0;980
1222763;1000;980;0;0;0;0;0;0
1223754;533;0;1;0;0;0;0;0
1223759;933;0;3;0;0;0;0;0
1223757;800;0;2;0;0;0;0;0
1223762;1000;0;4;0;0;0;0;0
1223764;1000;0;0;0;0;0;0;0
1224764;533;0;1;0;0;0;0;0
1224767;800;0;2;0;0;0;0;0
1224768;933;0;3;0;0;0;0;0
1224770;1000;0;4;0;0;0;0;0
1224772;1000;0;0;0;0;0;0;0
1225773;533;0;1;0;0;0;0;0
1225777;800;0;2;0;0;0;0;0
1225779;933;0;3;0;0;0;0;0
1225780;1000;0;4;0;0;0;0;0
1225782;1000;0;0;0;0;0;0;0
1226777;533;0;1;0;0;0;0;0
1226780;800;0;2;0;0;0;0;0
1226782;933;0;3;0;0;0;0;0
1226784;1000;0;4;0;0;0;0;0
1226786;1000;0;0;0;0;0;0;0
1227782;533;0;1;0;0;0;0;0
1227785;800;0;2;0;0;0;0;0
1227787;933;0;3;0;0;0;0;0
1227789;1000;0;4;0;0;0;0;0
1227791;1000;0;0;0;0;0;0;0
1228795;533;0;1;0;0;0;0;0
1228802;800;0;2;0;0;0;0;0
1228804;933;0;3;0;0;0;0;0
1228805;1000;0;4;0;0;0;0;0
1228807;1000;0;0;0;0;0;0;0
1229804;533;0;1;0;0;0;0;0
1229811;800;0;2;0;0;0;0;0
1229815;933;0;3;0;0;0;0;0
1229817;1000;0;4;0;0;0;0;0
1229820;1000;0;0;0;0;0;0;0
1230818;533;0;1;0;0;0;0;0
1230821;800;0;2;0;0;0;0;0
1230823;933;0;3;0;0;0;0;0
1230825;1000;0;4;0;0;0;0;0
1230827;1000;0;0;0;0;0;0;0
1231826;533;0;1;0;0;0;0;0
1231828;800;0;2;0;0;0;0;0
1231830;933;0;3;0;0;0;0;0
1231832;1000;0;4;0;0;0;0;0
1231834;1000;0;0;0;0;0;0;0
1232830;533;0;1;0;0;0;0;0
1232833;800;0;2;0;0;0;0;0
1232835;933;0;3;0;0;0;0;0
1232837;1000;0;4;0;0;0;0;0
1232838;1000;0;0;0;0;0;0;0
1233838;533;0;1;0;0;0;0;0
1233841;800;0;2;0;0;0;0;0
1233843;933;0;3;0;0;0;0;0
1233845;1000;0;4;0;0;0;0;0
1233847;1000;0;0;0;0;0;0;0
1234851;533;0;1;0;0;0;0;0
1234854;800;0;2;0;0;0;0;0
1234856;933;0;3;0;0;0;0;0
1234858;1000;0;4;0;0;0;0;0
1234860;1000;0;0;0;0;0;0;0
1235856;533;0;1;0;0;0;0;0
1235859;800;0;2;0;0;0;0;0
1235862;933;0;3;0;0;0;0;0
1235864;1000;0;4;0;0;0;0;0
1235867;1000;0;0;0;0;0;0;0
1236858;533;0;1;0;0;0;0;0
1236862;800;0;2;0;0;0;0;0
1236863;933;0;3;0;0;0;0;0
1236864;1000;0;4;0;0;0;0;0
1236867;1000;0;0;0;0;0;0;0
1237870;533;0;1;0;0;0;0;0
1237874;800;0;2;0;0;0;0;0
1237876;933;0;3;0;0;0;0;0
1237879;1000;0;4;0;0;0;0;0
1237880;1000;0;0;0;0;0;0;0
1238873;533;0;1;0;0;0;0;0
1238876;800;0;2;0;0;0;0;0
1238879;933;0;3;0;0;0;0;0
1238881;1000;0;4;0;0;0;0;0
1238883;1000;0;0;0;0;0;0;0
1239880;533;0;1;0;0;0;0;0
1239883;800;0;2;0;0;0;0;0
1239884;933;0;3;0;0;0;0;0
1239886;1000;0;4;0;0;0;0;0
1239888;1000;0;0;0;0;0;0;0
1240892;533;0;1;0;0;0;0;0
1240895;800;0;2;0;0;0;0;0
1240897;933;0;3;0;0;0;0;0
1240898;1000;0;4;0;0;0;0;0
1240900;1000;0;0;0;0;0;0;0
1241898;533;0;1;0;0;0;0;0
1241901;800;0;2;0;0;0;0;0
1241904;933;0;3;0;0;0;0;0
1241906;1000;0;4;0;0;0;0;0
1241909;1000;0;0;0;0;0;0;0
1242910;533;0;1;0;0;0;0;0
1242915;800;0;2;0;0;0;0;0
1242917;933;0;3;0;0;0;0;0
1242920;1000;0;4;0;0;0;0;0
1242923;1000;0;0;0;0;0;0;0
1243911;533;0;1;0;0;0;0;0
1243915;800;0;2;0;0;0;0;0
1243917;933;0;3;0;0;0;0;0
1243919;1000;0;4;0;0;0;0;0
1243922;1000;0;0;0;0;0;0;0
1244910;533;0;1;0;0;0;0;0
1244913;800;0;2;0;0;0;0;0
1244915;933;0;3;0;0;0;0;0
1244918;1000;0;0;0;0;0;0;0
1244917;1000;0;4;0;0;0;0;0
1245911;533;0;1;0;0;0;0;0
1245913;800;0;2;0;0;0;0;0
1245914;933;0;3;0;0;0;0;0
1245916;1000;0;4;0;0;0;0;0
1245918;1000;0;0;0;0;0;0;0
1246914;533;0;1;0;0;0;0;0
1246917;800;0;2;0;0;0;0;0
1246920;933;0;3;0;0;0;0;0
1246922;1000;0;4;0;0;0;0;0
1246925;1000;0;0;0;0;0;0;0
1247922;533;0;1;0;0;0;0;0
1247927;800;0;2;0;0;0;0;0
1247930;933;0;3;0;0;0;0;0
1247933;1000;0;4;0;0;0;0;0
1247935;1000;0;0;0;0;0;0;0
1248936;533;0;1;0;0;0;0;0
1248940;800;0;2;0;0;0;0;0
1248942;933;0;3;0;0;0;0;0
1248946;1000;0;0;0;0;0;0;0
1248944;1000;0;4;0;0;0;0;0
1249942;533;0;1;0;0;0;0;0
1249944;800;0;2;0;0;0;0;0
1249946;933;0;3;0;0;0;0;0
1249948;1000;0;4;0;0;0;0;0
1249951;1000;0;0;0;0;0;0;0
1250946;533;0;1;0;0;0;0;0
1250950;800;0;2;0;0;0;0;0
1250951;933;0;3;0;0;0;0;0
1250953;1000;0;4;0;0;0;0;0
1250955;1000;0;0;0;0;0;0;0
1251958;533;0;1;0;0;0;0;0
1251964;800;0;2;0;0;0;0;0
1251966;933;0;3;0;0;0;0;0
1251968;1000;0;4;0;0;0;0;0
1251970;1000;0;0;0;0;0;0;0
1252967;533;0;1;0;0;0;0;0
1252970;800;0;2;0;0;0;0;0
1252972;933;0;3;0;0;0;0;0
1252973;1000;0;4;0;0;0;0;0
1252974;1000;0;0;0;0;0;0;0
1253974;533;0;1;0;0;0;0;0
1253977;800;0;2;0;0;0;0;0
1253979;933;0;3;0;0;0;0;0
1253981;1000;0;4;0;0;0;0;0
1253983;1000;0;0;0;0;0;0;0
1254980;533;0;1;0;0;0;0;0
1254984;800;0;2;0;0;0;0;0
1254986;933;0;3;0;0;0;0;0
1254989;1000;0;4;0;0;0;0;0
1254991;1000;0;0;0;0;0;0;0
1255990;533;0;1;0;0;0;0;0
1255993;800;0;2;0;0;0;0;0
1255995;933;0;3;0;0;0;0;0
1255998;1000;0;4;0;0;0;0;0
1256001;1000;0;0;0;0;0;0;0
1256998;533;0;1;0;0;0;0;0
1257003;800;0;2;0;0;0;0;0
1257004;933;0;3;0;0;0;0;0
1257007;1000;0;4;0;0;0;0;0
1257008;1000;0;0;0;0;0;0;0
1258006;533;0;1;0;0;0;0;0
1258009;800;0;2;0;0;0;0;0
1258013;1000;0;4;0;0;0;0;0
1258011;933;0;3;0;0;0;0;0
1258015;1000;0;0;0;0;0;0;0
1259007;533;0;1;0;0;0;0;0
1259011;800;0;2;0;0;0;0;0
1259012;933;0;3;0;0;0;0;0
1259014;1000;0;4;0;0;0;0;0
1259017;1000;0;0;0;0;0;0;0
1260018;533;0;1;0;0;0;0;0
1260020;800;0;2;0;0;0;0;0
1260022;933;0;3;0;0;0;0;0
1260024;1000;0;4;0;0;0;0;0
1260026;1000;0;0;0;0;0;0;0
1261022;533;0;1;0;0;0;0;0
1261027;800;0;2;0;0;0;0;0
1261030;933;0;3;0;0;0;0;0
1261032;1000;0;4;0;0;0;0;0
1261034;1000;0;0;0;0;0;0;0
1262035;533;0;1;0;0;0;0;0
1262037;800;0;2;0;0;0;0;0
1262039;933;0;3;0;0;0;0;0
1262041;1000;0;4;0;0;0;0;0
1262043;1000;0;0;0;0;0;0;0
1263036;533;0;1;0;0;0;0;0
1263039;800;0;2;0;0;0;0;0
1263042;933;0;3;0;0;0;0;0
1263044;1000;0;4;0;0;0;0;0
1263046;1000;0;0;0;0;0;0;0
1264039;533;0;1;0;0;0;0;0
1264043;800;0;2;0;0;0;0;0
1264044;933;0;3;0;0;0;0;0
1264046;1000;0;4;0;0;0;0;0
1264048;1000;0;0;0;0;0;0;0
1265044;533;0;1;0;0;0;0;0
1265048;800;0;2;0;0;0;0;0
1265049;933;0;3;0;0;0;0;0
1265052;1000;0;4;0;0;0;0;0
1265054;1000;0;0;0;0;0;0;0
1266059;533;0;1;0;0;0;0;0
1266062;800;0;2;0;0;0;0;0
1266065;933;0;3;0;0;0;0;0
1266067;1000;0;4;0;0;0;0;0
1266068;1000;0;0;0;0;0;0;0
1267068;533;0;1;0;0;0;0;0
1267071;800;0;2;0;0;0;0;0
1267074;933;0;3;0;0;0;0;0
1267075;1000;0;4;0;0;0;0;0
1267077;1000;0;0;0;0;0;0;0
1268080;533;0;1;0;0;0;0;0
1268083;800;0;2;0;0;0;0;0
1268086;933;0;3;0;0;0;0;0
1268088;1000;0;4;0;0;0;0;0
1268090;1000;0;0;0;0;0;0;0
1269095;533;0;1;0;0;0;0;0
1269097;800;0;2;0;0;0;0;0
1269100;933;0;3;0;0;0;0;0
1269104;1000;0;4;0;0;0;0;0
1269106;1000;0;0;0;0;0;0;0
1270107;533;0;1;0;0;0;0;0
1270110;800;0;2;0;0;0;0;0
1270113;933;0;3;0;0;0;0;0
1270115;1000;0;4;0;0;0;0;0
1270117;1000;0;0;0;0;0;0;0
1271108;533;0;1;0;0;0;0;0
1271112;800;0;2;0;0;0;0;0
1271114;933;0;3;0;0;0;0;0
1271117;1000;0;4;0;0;0;0;0
1271118;1000;0;0;0;0;0;0;0
1272124;533;0;1;0;0;0;0;0
1272129;800;0;2;0;0;0;0;0
1272131;933;0;3;0;0;0;0;0
1272133;1000;0;4;0;0;0;0;0
1272135;1000;0;0;0;0;0;0;0
1273137;533;0;1;0;0;0;0;0
1273142;800;0;2;0;0;0;0;0
1273144;933;0;3;0;0;0;0;0
1273146;1000;0;4;0;0;0;0;0
1273148;1000;0;0;0;0;0;0;0
1274147;533;0;1;0;0;0;0;0
1274150;800;0;2;0;0;0;0;0
1274153;933;0;3;0;0;0;0;0
1274156;1000;0;4;0;0;0;0;0
1274160;1000;0;0;0;0;0;0;0
1275162;533;0;1;0;0;0;0;0
1275166;800;0;2;0;0;0;0;0
1275169;933;0;3;0;0;0;0;0
1275171;1000;0;4;0;0;0;0;0
1275174;1000;0;0;0;0;0;0;0
1276166;533;0;1;0;0;0;0;0
1276169;800;0;2;0;0;0;0;0
1276171;933;0;3;0;0;0;0;0
1276173;1000;0;4;0;0;0;0;0
1276176;1000;0;0;0;0;0;0;0
1277167;533;0;1;0;0;0;0;0
1277170;800;0;2;0;0;0;0;0
1277172;933;0;3;0;0;0;0;0
1277173;1000;0;4;0;0;0;0;0
1277176;1000;0;0;0;0;0;0;0
1278172;533;0;1;0;0;0;0;0
1278176;800;0;2;0;0;0;0;0
1278178;933;0;3;0;0;0;0;0
1278180;1000;0;4;0;0;0;0;0
1278181;1000;0;0;0;0;0;0;0
