Timestamp; P1 ; PowerPriority; msgPerPriority; Reales Leidos (remainint); Reales recibidos;  P2 ; PowerPriority; msgPerPriority; Reales Leidos (remainint); Reales recibidos; P3 ; PowerPriority; msgPerPriority; Reales Leidos (remainint); Reales recibidos; P4 ; PowerPriority; msgPerPriority; Reales Leidos (remainint); Reales recibidos; Expirados; Solicitados; Leidos; Remaining final
1076;1;1;533;533;161;2;0.5;267;639;303;3;0.25;133;469;441;4;0.125;67;95;95;0;0;0;0
2045;1;1;533;533;51;2;0.5;267;749;106;3;0.25;133;776;129;4;0.125;67;714;714;0;0;0;0
3044;1;1;533;533;41;2;0.5;267;759;91;3;0.25;133;801;128;4;0.125;67;740;740;0;0;0;0
4054;1;1;533;533;42;2;0.5;267;758;87;3;0.25;133;804;150;4;0.125;67;721;721;0;0;0;0
5060;1;1;533;533;33;2;0.5;267;767;75;3;0.25;133;825;114;4;0.125;67;778;778;0;0;0;0
6075;1;1;533;533;79;2;0.5;267;721;209;3;0.25;133;645;290;4;0.125;67;422;422;0;0;0;0
7082;1;1;533;533;58;2;0.5;267;742;124;3;0.25;133;751;221;4;0.125;67;597;597;0;0;0;0
8083;1;1;533;533;37;2;0.5;267;763;76;3;0.25;133;820;98;4;0.125;67;789;789;0;0;0;0
9109;1;1;533;533;27;2;0.5;267;773;105;3;0.25;133;801;145;4;0.125;67;723;723;0;0;0;0
10095;1;1;533;533;90;2;0.5;267;710;95;3;0.25;133;748;275;4;0.125;67;540;540;0;0;0;0
11094;1;1;533;533;91;2;0.5;267;709;159;3;0.25;133;683;133;4;0.125;67;617;617;0;0;0;0
12103;1;1;533;533;95;2;0.5;267;705;189;3;0.25;133;649;277;4;0.125;67;439;439;0;0;0;0
13109;1;1;533;533;91;2;0.5;267;709;199;3;0.25;133;643;290;4;0.125;67;420;420;0;0;0;0
14122;1;1;533;533;60;2;0.5;267;740;127;3;0.25;133;746;161;4;0.125;67;652;652;0;0;0;0
15131;1;1;533;533;44;2;0.5;267;756;76;3;0.25;133;813;161;4;0.125;67;719;719;0;0;0;0
16139;1;1;533;533;52;2;0.5;267;748;115;3;0.25;133;766;150;4;0.125;67;683;683;0;0;0;0
17155;1;1;533;533;98;2;0.5;267;702;188;3;0.25;133;647;298;4;0.125;67;416;416;0;0;0;0
18168;1;1;533;533;81;2;0.5;267;719;191;3;0.25;133;661;263;4;0.125;67;465;465;0;0;0;0
19180;1;1;533;533;14;2;0.5;267;786;36;3;0.25;133;883;59;4;0.125;67;891;891;0;0;0;0
20189;1;1;533;533;51;2;0.5;267;749;100;3;0.25;133;782;164;4;0.125;67;685;685;0;0;0;0
21202;1;1;533;533;104;2;0.5;267;696;171;3;0.25;133;658;226;4;0.125;67;499;499;0;0;0;0
22218;1;1;533;533;21;2;0.5;267;779;37;3;0.25;133;875;60;4;0.125;67;882;882;0;0;0;0
23225;1;1;533;533;81;2;0.5;267;719;157;3;0.25;133;695;259;4;0.125;67;503;503;0;0;0;0
24239;1;1;533;533;67;2;0.5;267;733;160;3;0.25;133;706;177;4;0.125;67;596;596;0;0;0;0
25243;1;1;533;533;94;2;0.5;267;706;194;3;0.25;133;645;319;4;0.125;67;393;393;0;0;0;0
26250;1;1;533;533;57;2;0.5;267;743;143;3;0.25;133;733;181;4;0.125;67;619;619;0;0;0;0
27266;1;1;533;533;39;2;0.5;267;761;97;3;0.25;133;797;142;4;0.125;67;722;722;0;0;0;0
28279;1;1;533;533;38;2;0.5;267;762;83;3;0.25;133;812;103;4;0.125;67;776;776;0;0;0;0
29279;1;1;533;533;23;2;0.5;267;777;39;3;0.25;133;871;72;4;0.125;67;866;866;0;0;0;0
30285;1;1;533;533;21;2;0.5;267;779;50;3;0.25;133;862;100;4;0.125;67;829;829;0;0;0;0
31298;1;1;533;533;46;2;0.5;267;754;75;3;0.25;133;812;82;4;0.125;67;797;797;0;0;0;0
32302;1;1;533;533;24;2;0.5;267;776;55;3;0.25;133;854;65;4;0.125;67;856;856;0;0;0;0
33314;1;1;533;533;41;2;0.5;267;759;95;3;0.25;133;797;146;4;0.125;67;718;718;0;0;0;0
34342;1;1;533;533;48;2;0.5;267;752;98;3;0.25;133;787;173;4;0.125;67;681;681;0;0;0;0
35334;1;1;533;533;56;2;0.5;267;744;116;3;0.25;133;761;172;4;0.125;67;656;656;0;0;0;0
36348;1;1;533;533;50;2;0.5;267;750;125;3;0.25;133;758;172;4;0.125;67;653;653;0;0;0;0
37352;1;1;533;533;86;2;0.5;267;714;179;3;0.25;133;668;296;4;0.125;67;439;439;0;0;0;0
38356;1;1;533;533;63;2;0.5;267;737;134;3;0.25;133;736;215;4;0.125;67;588;588;0;0;0;0
39358;1;1;533;533;65;2;0.5;267;735;164;3;0.25;133;704;220;4;0.125;67;551;551;0;0;0;0
40371;1;1;533;533;80;2;0.5;267;720;194;3;0.25;133;659;263;4;0.125;67;463;463;0;0;0;0
41378;1;1;533;533;83;2;0.5;267;717;176;3;0.25;133;674;284;4;0.125;67;457;457;0;0;0;0
42380;1;1;533;533;64;2;0.5;267;736;154;3;0.25;133;715;212;4;0.125;67;570;570;0;0;0;0
43381;1;1;533;533;79;2;0.5;267;721;118;3;0.25;133;736;203;4;0.125;67;600;600;0;0;0;0
44396;1;1;533;533;38;2;0.5;267;762;96;3;0.25;133;799;131;4;0.125;67;735;735;0;0;0;0
45400;1;1;533;533;68;2;0.5;267;732;141;3;0.25;133;724;187;4;0.125;67;604;604;0;0;0;0
46403;1;1;533;533;28;2;0.5;267;772;41;3;0.25;133;864;63;4;0.125;67;868;868;0;0;0;0
47415;1;1;533;533;28;2;0.5;267;772;41;3;0.25;133;864;77;4;0.125;67;854;854;0;0;0;0
48419;1;1;533;533;77;2;0.5;267;723;145;3;0.25;133;711;213;4;0.125;67;565;565;0;0;0;0
49419;1;1;533;533;73;2;0.5;267;727;163;3;0.25;133;697;269;4;0.125;67;495;495;0;0;0;0
50428;1;1;533;533;107;2;0.5;267;693;194;3;0.25;133;632;295;4;0.125;67;404;404;0;0;0;0
51433;1;1;533;533;119;2;0.5;267;681;206;3;0.25;133;608;292;4;0.125;67;383;383;0;0;0;0
52446;1;1;533;533;71;2;0.5;267;729;125;3;0.25;133;737;180;4;0.125;67;624;624;0;0;0;0
53457;1;1;533;533;72;2;0.5;267;728;124;3;0.25;133;737;179;4;0.125;67;625;625;0;0;0;0
54467;1;1;533;533;51;2;0.5;267;749;109;3;0.25;133;773;146;4;0.125;67;694;694;0;0;0;0
55477;1;1;533;533;58;2;0.5;267;742;147;3;0.25;133;728;216;4;0.125;67;579;579;0;0;0;0
56479;1;1;533;533;21;2;0.5;267;779;51;3;0.25;133;861;74;4;0.125;67;854;854;0;0;0;0
57488;1;1;533;533;46;2;0.5;267;754;88;3;0.25;133;799;119;4;0.125;67;747;747;0;0;0;0
58495;1;1;533;533;102;2;0.5;267;698;184;3;0.25;133;647;260;4;0.125;67;454;454;0;0;0;0
59509;1;1;533;533;34;2;0.5;267;766;82;3;0.25;133;817;118;4;0.125;67;766;766;0;0;0;0
60518;1;1;533;533;42;2;0.5;267;758;76;3;0.25;133;815;123;4;0.125;67;759;759;0;0;0;0
61528;1;1;533;533;22;2;0.5;267;778;32;3;0.25;133;879;51;4;0.125;67;895;895;0;0;0;0
62530;1;1;533;533;25;2;0.5;267;775;33;3;0.25;133;875;79;4;0.125;67;863;863;0;0;0;0
63530;1;1;533;533;47;2;0.5;267;753;88;3;0.25;133;798;151;4;0.125;67;714;714;0;0;0;0
64538;1;1;533;533;78;2;0.5;267;722;172;3;0.25;133;683;265;4;0.125;67;485;485;0;0;0;0
65546;1;1;533;533;33;2;0.5;267;767;50;3;0.25;133;850;63;4;0.125;67;854;854;0;0;0;0
66554;1;1;533;533;30;2;0.5;267;770;78;3;0.25;133;825;136;4;0.125;67;756;756;0;0;0;0
67563;1;1;533;533;48;2;0.5;267;752;98;3;0.25;133;787;144;4;0.125;67;710;710;0;0;0;0
68565;1;1;533;533;96;2;0.5;267;704;202;3;0.25;133;635;279;4;0.125;67;423;423;0;0;0;0
69577;1;1;533;533;106;2;0.5;267;694;215;3;0.25;133;612;319;4;0.125;67;360;360;0;0;0;0
70579;1;1;533;533;59;2;0.5;267;741;156;3;0.25;133;718;205;4;0.125;67;580;580;0;0;0;0
71607;1;1;533;533;36;2;0.5;267;764;77;3;0.25;133;820;139;4;0.125;67;748;748;0;0;0;0
72607;1;1;533;533;47;2;0.5;267;753;112;3;0.25;133;774;149;4;0.125;67;692;692;0;0;0;0
73593;1;1;533;533;113;2;0.5;267;687;183;3;0.25;133;637;307;4;0.125;67;397;397;0;0;0;0
74599;1;1;533;533;41;2;0.5;267;759;84;3;0.25;133;808;105;4;0.125;67;770;770;0;0;0;0
75602;1;1;533;533;76;2;0.5;267;724;140;3;0.25;133;717;233;4;0.125;67;551;551;0;0;0;0
76615;1;1;533;533;45;2;0.5;267;755;67;3;0.25;133;821;92;4;0.125;67;796;796;0;0;0;0
77617;1;1;533;533;43;2;0.5;267;757;57;3;0.25;133;833;98;4;0.125;67;802;802;0;0;0;0
78631;1;1;533;533;39;2;0.5;267;761;79;3;0.25;133;815;133;4;0.125;67;749;749;0;0;0;0
79641;1;1;533;533;78;2;0.5;267;722;135;3;0.25;133;720;206;4;0.125;67;581;581;0;0;0;0
80658;1;1;533;533;91;2;0.5;267;709;198;3;0.25;133;644;299;4;0.125;67;412;412;0;0;0;0
81662;1;1;533;533;100;2;0.5;267;700;188;3;0.25;133;645;294;4;0.125;67;418;418;0;0;0;0
82675;1;1;533;533;64;2;0.5;267;736;109;3;0.25;133;760;146;4;0.125;67;681;681;0;0;0;0
83685;1;1;533;533;68;2;0.5;267;732;112;3;0.25;133;753;204;4;0.125;67;616;616;0;0;0;0
84694;1;1;533;533;39;2;0.5;267;761;96;3;0.25;133;798;135;4;0.125;67;730;730;0;0;0;0
85698;1;1;533;533;29;2;0.5;267;771;48;3;0.25;133;856;93;4;0.125;67;830;830;0;0;0;0
86703;1;1;533;533;53;2;0.5;267;747;81;3;0.25;133;799;140;4;0.125;67;726;726;0;0;0;0
87711;1;1;533;533;29;2;0.5;267;771;54;3;0.25;133;850;92;4;0.125;67;825;825;0;0;0;0
88719;1;1;533;533;63;2;0.5;267;737;141;3;0.25;133;729;241;4;0.125;67;555;555;0;0;0;0
89729;1;1;533;533;79;2;0.5;267;721;184;3;0.25;133;670;242;4;0.125;67;495;495;0;0;0;0
90737;1;1;533;533;29;2;0.5;267;771;76;3;0.25;133;828;93;4;0.125;67;802;802;0;0;0;0
91760;1;1;533;533;39;2;0.5;267;761;71;3;0.25;133;823;119;4;0.125;67;771;771;0;0;0;0
92741;1;1;533;533;86;2;0.5;267;714;171;3;0.25;133;676;283;4;0.125;67;460;460;0;0;0;0
93751;1;1;533;533;26;2;0.5;267;774;44;3;0.25;133;863;84;4;0.125;67;846;846;0;0;0;0
94760;1;1;533;533;84;2;0.5;267;716;152;3;0.25;133;697;199;4;0.125;67;565;565;0;0;0;0
95767;1;1;533;533;40;2;0.5;267;760;77;3;0.25;133;816;121;4;0.125;67;762;762;0;0;0;0
96770;1;1;533;533;89;2;0.5;267;711;199;3;0.25;133;645;281;4;0.125;67;431;431;0;0;0;0
97777;1;1;533;533;86;2;0.5;267;714;194;3;0.25;133;653;265;4;0.125;67;455;455;0;0;0;0
98789;1;1;533;533;100;2;0.5;267;700;198;3;0.25;133;635;287;4;0.125;67;415;415;0;0;0;0
99798;1;1;533;533;39;2;0.5;267;761;86;3;0.25;133;808;124;4;0.125;67;751;751;0;0;0;0
100813;1;1;533;533;29;2;0.5;267;771;40;3;0.25;133;864;72;4;0.125;67;859;859;0;0;0;0
101816;1;1;533;533;115;2;0.5;267;685;165;3;0.25;133;653;265;4;0.125;67;455;455;0;0;0;0
102821;1;1;533;533;95;2;0.5;267;705;210;3;0.25;133;628;292;4;0.125;67;403;403;0;0;0;0
103833;1;1;533;533;17;2;0.5;267;783;63;3;0.25;133;853;79;4;0.125;67;841;841;0;0;0;0
104838;1;1;533;533;44;2;0.5;267;756;87;3;0.25;133;802;148;4;0.125;67;721;721;0;0;0;0
105843;1;1;533;533;83;2;0.5;267;717;175;3;0.25;133;675;226;4;0.125;67;516;516;0;0;0;0
106857;1;1;533;533;89;2;0.5;267;711;137;3;0.25;133;707;235;4;0.125;67;539;539;0;0;0;0
107868;1;1;533;533;50;2;0.5;267;750;109;3;0.25;133;774;144;4;0.125;67;697;697;0;0;0;0
108871;1;1;533;533;106;2;0.5;267;694;176;3;0.25;133;651;262;4;0.125;67;456;456;0;0;0;0
109872;1;1;533;533;81;2;0.5;267;719;173;3;0.25;133;679;271;4;0.125;67;475;475;0;0;0;0
110878;1;1;533;533;91;2;0.5;267;709;179;3;0.25;133;663;230;4;0.125;67;500;500;0;0;0;0
111884;1;1;533;533;35;2;0.5;267;765;78;3;0.25;133;820;105;4;0.125;67;782;782;0;0;0;0
112897;1;1;533;533;110;2;0.5;267;690;196;3;0.25;133;627;310;4;0.125;67;384;384;0;0;0;0
113907;1;1;533;533;43;2;0.5;267;757;77;3;0.25;133;813;144;4;0.125;67;736;736;0;0;0;0
114916;1;1;533;533;98;2;0.5;267;702;207;3;0.25;133;628;286;4;0.125;67;409;409;0;0;0;0
115922;1;1;533;533;46;2;0.5;267;754;62;3;0.25;133;825;107;4;0.125;67;785;785;0;0;0;0
116935;1;1;533;533;57;2;0.5;267;743;131;3;0.25;133;745;184;4;0.125;67;628;628;0;0;0;0
117952;1;1;533;533;65;2;0.5;267;735;185;3;0.25;133;683;245;4;0.125;67;505;505;0;0;0;0
118956;1;1;533;533;75;2;0.5;267;725;33;3;0.25;133;825;38;4;0.125;67;854;854;0;0;0;0
119976;1;1;533;533;52;2;0.5;267;748;102;3;0.25;133;779;138;4;0.125;67;708;708;0;0;0;0
120963;1;1;533;533;47;2;0.5;267;753;105;3;0.25;133;781;138;4;0.125;67;710;710;0;0;0;0
121977;1;1;533;533;67;2;0.5;267;733;143;3;0.25;133;723;266;4;0.125;67;524;524;0;0;0;0
122974;1;1;533;533;45;2;0.5;267;755;105;3;0.25;133;783;75;4;0.125;67;775;775;0;0;0;0
123979;1;1;533;533;60;2;0.5;267;740;154;3;0.25;133;719;181;4;0.125;67;605;605;0;0;0;0
124992;1;1;533;533;61;2;0.5;267;739;176;3;0.25;133;696;237;4;0.125;67;526;526;0;0;0;0
125992;1;1;533;533;79;2;0.5;267;721;172;3;0.25;133;682;233;4;0.125;67;516;516;0;0;0;0
127008;1;1;533;533;55;2;0.5;267;745;102;3;0.25;133;776;154;4;0.125;67;689;689;0;0;0;0
128008;1;1;533;533;59;2;0.5;267;741;92;3;0.25;133;782;156;4;0.125;67;693;693;0;0;0;0
129013;1;1;533;533;47;2;0.5;267;753;85;3;0.25;133;801;125;4;0.125;67;743;743;0;0;0;0
130028;1;1;533;533;35;2;0.5;267;765;86;3;0.25;133;812;114;4;0.125;67;765;765;0;0;0;0
131040;1;1;533;533;79;2;0.5;267;721;134;3;0.25;133;720;222;4;0.125;67;565;565;0;0;0;0
132054;1;1;533;533;69;2;0.5;267;731;165;3;0.25;133;699;213;4;0.125;67;553;553;0;0;0;0
133057;1;1;533;533;44;2;0.5;267;756;87;3;0.25;133;802;137;4;0.125;67;732;732;0;0;0;0
134061;1;1;533;533;70;2;0.5;267;730;164;3;0.25;133;699;215;4;0.125;67;551;551;0;0;0;0
135072;1;1;533;533;84;2;0.5;267;716;167;3;0.25;133;682;263;4;0.125;67;486;486;0;0;0;0
136095;1;1;533;533;64;2;0.5;267;736;160;3;0.25;133;709;229;4;0.125;67;547;547;0;0;0;0
137076;1;1;533;533;29;2;0.5;267;771;51;3;0.25;133;853;71;4;0.125;67;849;849;0;0;0;0
138083;1;1;533;533;76;2;0.5;267;724;159;3;0.25;133;698;204;4;0.125;67;561;561;0;0;0;0
139094;1;1;533;533;16;2;0.5;267;784;47;3;0.25;133;870;85;4;0.125;67;852;852;0;0;0;0
140107;1;1;533;533;70;2;0.5;267;730;169;3;0.25;133;694;216;4;0.125;67;545;545;0;0;0;0
141118;1;1;533;533;62;2;0.5;267;738;147;3;0.25;133;724;221;4;0.125;67;570;570;0;0;0;0
142125;1;1;533;533;66;2;0.5;267;734;134;3;0.25;133;733;203;4;0.125;67;597;597;0;0;0;0
143161;1;1;533;533;58;2;0.5;267;742;121;3;0.25;133;754;189;4;0.125;67;632;632;0;0;0;0
144153;1;1;533;533;116;2;0.5;267;684;177;3;0.25;133;640;303;4;0.125;67;404;404;0;0;0;0
145164;1;1;533;533;77;2;0.5;267;723;135;3;0.25;133;721;201;4;0.125;67;587;587;0;0;0;0
146174;1;1;533;533;84;2;0.5;267;716;186;3;0.25;133;663;224;4;0.125;67;506;506;0;0;0;0
147190;1;1;533;533;38;2;0.5;267;762;67;3;0.25;133;828;96;4;0.125;67;799;799;0;0;0;0
148194;1;1;533;533;90;2;0.5;267;710;182;3;0.25;133;661;258;4;0.125;67;470;470;0;0;0;0
149208;1;1;533;533;108;2;0.5;267;692;175;3;0.25;133;650;342;4;0.125;67;375;375;0;0;0;0
150209;1;1;533;533;79;2;0.5;267;721;124;3;0.25;133;730;216;4;0.125;67;581;581;0;0;0;0
151223;1;1;533;533;114;2;0.5;267;686;184;3;0.25;133;635;338;4;0.125;67;364;364;0;0;0;0
152237;1;1;533;533;101;2;0.5;267;699;198;3;0.25;133;634;295;4;0.125;67;406;406;0;0;0;0
153242;1;1;533;533;82;2;0.5;267;718;151;3;0.25;133;700;257;4;0.125;67;510;510;0;0;0;0
154242;1;1;533;533;59;2;0.5;267;741;112;3;0.25;133;762;165;4;0.125;67;664;664;0;0;0;0
155257;1;1;533;533;76;2;0.5;267;724;159;3;0.25;133;698;272;4;0.125;67;493;493;0;0;0;0
156265;1;1;533;533;83;2;0.5;267;717;149;3;0.25;133;701;275;4;0.125;67;493;493;0;0;0;0
157280;1;1;533;533;91;2;0.5;267;709;205;3;0.25;133;637;308;4;0.125;67;396;396;0;0;0;0
158281;1;1;533;533;99;2;0.5;267;701;217;3;0.25;133;617;302;4;0.125;67;382;382;0;0;0;0
159285;1;1;533;533;108;2;0.5;267;692;196;3;0.25;133;629;288;4;0.125;67;408;408;0;0;0;0
160293;1;1;533;533;34;2;0.5;267;766;91;3;0.25;133;808;133;4;0.125;67;742;742;0;0;0;0
161291;1;1;533;533;29;2;0.5;267;771;77;3;0.25;133;827;109;4;0.125;67;785;785;0;0;0;0
162295;1;1;533;533;95;2;0.5;267;705;195;3;0.25;133;643;302;4;0.125;67;408;408;0;0;0;0
163310;1;1;533;533;86;2;0.5;267;714;192;3;0.25;133;655;299;4;0.125;67;423;423;0;0;0;0
164321;1;1;533;533;96;2;0.5;267;704;189;3;0.25;133;648;311;4;0.125;67;404;404;0;0;0;0
165326;1;1;533;533;99;2;0.5;267;701;194;3;0.25;133;640;320;4;0.125;67;387;387;0;0;0;0
166334;1;1;533;533;102;2;0.5;267;698;213;3;0.25;133;618;296;4;0.125;67;389;389;0;0;0;0
167339;1;1;533;533;56;2;0.5;267;744;73;3;0.25;133;804;128;4;0.125;67;743;743;0;0;0;0
168369;1;1;533;533;24;2;0.5;267;776;68;3;0.25;133;841;82;4;0.125;67;826;826;0;0;0;0
169363;1;1;533;533;95;2;0.5;267;705;150;3;0.25;133;688;276;4;0.125;67;479;479;0;0;0;0
170374;1;1;533;533;49;2;0.5;267;751;101;3;0.25;133;783;144;4;0.125;67;706;706;0;0;0;0
171377;1;1;533;533;98;2;0.5;267;702;188;3;0.25;133;647;293;4;0.125;67;421;421;0;0;0;0
172394;1;1;533;533;92;2;0.5;267;708;176;3;0.25;133;665;292;4;0.125;67;440;440;0;0;0;0
173400;1;1;533;533;33;2;0.5;267;767;95;3;0.25;133;805;94;4;0.125;67;778;778;0;0;0;0
174405;1;1;533;533;40;2;0.5;267;760;61;3;0.25;133;832;123;4;0.125;67;776;776;0;0;0;0
175410;1;1;533;533;48;2;0.5;267;752;110;3;0.25;133;775;132;4;0.125;67;710;710;0;0;0;0
176419;1;1;533;533;86;2;0.5;267;714;146;3;0.25;133;701;256;4;0.125;67;512;512;0;0;0;0
177431;1;1;533;533;76;2;0.5;267;724;201;3;0.25;133;656;259;4;0.125;67;464;464;0;0;0;0
178445;1;1;533;533;69;2;0.5;267;731;174;3;0.25;133;690;271;4;0.125;67;486;486;0;0;0;0
179449;1;1;533;533;55;2;0.5;267;745;115;3;0.25;133;763;140;4;0.125;67;690;690;0;0;0;0
180463;1;1;533;533;96;2;0.5;267;704;194;3;0.25;133;643;286;4;0.125;67;424;424;0;0;0;0
181466;1;1;533;533;59;2;0.5;267;741;134;3;0.25;133;740;163;4;0.125;67;644;644;0;0;0;0
182471;1;1;533;533;62;2;0.5;267;738;149;3;0.25;133;722;231;4;0.125;67;558;558;0;0;0;0
183472;1;1;533;533;91;2;0.5;267;709;190;3;0.25;133;652;284;4;0.125;67;435;435;0;0;0;0
184486;1;1;533;533;91;2;0.5;267;709;196;3;0.25;133;646;304;4;0.125;67;409;409;0;0;0;0
185494;1;1;533;533;43;2;0.5;267;757;105;3;0.25;133;785;156;4;0.125;67;696;696;0;0;0;0
186502;1;1;533;533;34;2;0.5;267;766;86;3;0.25;133;813;117;4;0.125;67;763;763;0;0;0;0
187501;1;1;533;533;31;2;0.5;267;769;78;3;0.25;133;824;92;4;0.125;67;799;799;0;0;0;0
188509;1;1;533;533;85;2;0.5;267;715;148;3;0.25;133;700;254;4;0.125;67;513;513;0;0;0;0
189520;1;1;533;533;28;2;0.5;267;772;58;3;0.25;133;847;77;4;0.125;67;837;837;0;0;0;0
190545;1;1;533;533;40;2;0.5;267;760;75;3;0.25;133;818;101;4;0.125;67;784;784;0;0;0;0
191527;1;1;533;533;66;2;0.5;267;734;128;3;0.25;133;739;227;4;0.125;67;579;579;0;0;0;0
192533;1;1;533;533;71;2;0.5;267;729;155;3;0.25;133;707;220;4;0.125;67;554;554;0;0;0;0
193531;1;1;533;533;87;2;0.5;267;713;89;3;0.25;133;757;113;4;0.125;67;711;711;0;0;0;0
194547;1;1;533;533;61;2;0.5;267;739;139;3;0.25;133;733;215;4;0.125;67;585;585;0;0;0;0
195555;1;1;533;533;37;2;0.5;267;763;93;3;0.25;133;803;135;4;0.125;67;735;735;0;0;0;0
196569;1;1;533;533;83;2;0.5;267;717;177;3;0.25;133;673;280;4;0.125;67;460;460;0;0;0;0
197578;1;1;533;533;54;2;0.5;267;746;164;3;0.25;133;715;224;4;0.125;67;558;558;0;0;0;0
198592;1;1;533;533;115;2;0.5;267;685;202;3;0.25;133;616;330;4;0.125;67;353;353;0;0;0;0
199608;1;1;533;533;36;2;0.5;267;764;90;3;0.25;133;807;236;4;0.125;67;638;638;0;0;0;0
200613;1;1;533;533;76;2;0.5;267;724;165;3;0.25;133;692;74;4;0.125;67;685;685;0;0;0;0
201624;1;1;533;533;82;2;0.5;267;718;173;3;0.25;133;678;245;4;0.125;67;500;500;0;0;0;0
202632;1;1;533;533;107;2;0.5;267;693;223;3;0.25;133;603;317;4;0.125;67;353;353;0;0;0;0
203637;1;1;533;533;62;2;0.5;267;738;166;3;0.25;133;705;212;4;0.125;67;560;560;0;0;0;0
204643;1;1;533;533;94;2;0.5;267;706;201;3;0.25;133;638;278;4;0.125;67;427;427;0;0;0;0
205649;1;1;533;533;91;2;0.5;267;709;180;3;0.25;133;662;294;4;0.125;67;435;435;0;0;0;0
206654;1;1;533;533;62;2;0.5;267;738;93;3;0.25;133;778;136;4;0.125;67;709;709;0;0;0;0
207654;1;1;533;533;47;2;0.5;267;753;71;3;0.25;133;815;114;4;0.125;67;768;768;0;0;0;0
208656;1;1;533;533;35;2;0.5;267;765;69;3;0.25;133;829;102;4;0.125;67;794;794;0;0;0;0
209656;1;1;533;533;20;2;0.5;267;780;44;3;0.25;133;869;78;4;0.125;67;858;858;0;0;0;0
210670;1;1;533;533;79;2;0.5;267;721;201;3;0.25;133;653;320;4;0.125;67;400;400;0;0;0;0
211687;1;1;533;533;62;2;0.5;267;738;160;3;0.25;133;711;244;4;0.125;67;534;534;0;0;0;0
212691;1;1;533;533;27;2;0.5;267;773;58;3;0.25;133;848;92;4;0.125;67;823;823;0;0;0;0
213701;1;1;533;533;46;2;0.5;267;754;99;3;0.25;133;788;146;4;0.125;67;709;709;0;0;0;0
214715;1;1;533;533;73;2;0.5;267;727;130;3;0.25;133;730;176;4;0.125;67;621;621;0;0;0;0
215731;1;1;533;533;125;2;0.5;267;675;202;3;0.25;133;606;263;4;0.125;67;410;410;0;0;0;0
216737;1;1;533;533;54;2;0.5;267;746;100;3;0.25;133;779;146;4;0.125;67;700;700;0;0;0;0
217744;1;1;533;533;54;2;0.5;267;746;60;3;0.25;133;819;121;4;0.125;67;765;765;0;0;0;0
218754;1;1;533;533;39;2;0.5;267;761;87;3;0.25;133;807;142;4;0.125;67;732;732;0;0;0;0
219756;1;1;533;533;22;2;0.5;267;778;59;3;0.25;133;852;60;4;0.125;67;859;859;0;0;0;0
220758;1;1;533;533;68;2;0.5;267;732;127;3;0.25;133;738;214;4;0.125;67;591;591;0;0;0;0
221772;1;1;533;533;66;2;0.5;267;734;132;3;0.25;133;735;180;4;0.125;67;622;622;0;0;0;0
222784;1;1;533;533;33;2;0.5;267;767;67;3;0.25;133;833;90;4;0.125;67;810;810;0;0;0;0
223795;1;1;533;533;69;2;0.5;267;731;126;3;0.25;133;738;211;4;0.125;67;594;594;0;0;0;0
224796;1;1;533;533;98;2;0.5;267;702;197;3;0.25;133;638;309;4;0.125;67;396;396;0;0;0;0
225800;1;1;533;533;97;2;0.5;267;703;162;3;0.25;133;674;225;4;0.125;67;516;516;0;0;0;0
226804;1;1;533;533;59;2;0.5;267;741;112;3;0.25;133;762;152;4;0.125;67;677;677;0;0;0;0
227812;1;1;533;533;67;2;0.5;267;733;171;3;0.25;133;695;248;4;0.125;67;514;514;0;0;0;0
228827;1;1;533;533;66;2;0.5;267;734;151;3;0.25;133;716;232;4;0.125;67;551;551;0;0;0;0
229829;1;1;533;533;48;2;0.5;267;752;99;3;0.25;133;786;184;4;0.125;67;669;669;0;0;0;0
230854;1;1;533;533;13;2;0.5;267;787;30;3;0.25;133;890;56;4;0.125;67;901;901;0;0;0;0
231845;1;1;533;533;81;2;0.5;267;719;168;3;0.25;133;684;258;4;0.125;67;493;493;0;0;0;0
232854;1;1;533;533;124;2;0.5;267;676;193;3;0.25;133;616;294;4;0.125;67;389;389;0;0;0;0
233866;1;1;533;533;98;2;0.5;267;702;188;3;0.25;133;647;281;4;0.125;67;433;433;0;0;0;0
234867;1;1;533;533;93;2;0.5;267;707;194;3;0.25;133;646;263;4;0.125;67;450;450;0;0;0;0
235871;1;1;533;533;19;2;0.5;267;781;33;3;0.25;133;881;44;4;0.125;67;904;904;0;0;0;0
236875;1;1;533;533;67;2;0.5;267;733;130;3;0.25;133;736;180;4;0.125;67;623;623;0;0;0;0
237888;1;1;533;533;84;2;0.5;267;716;150;3;0.25;133;699;222;4;0.125;67;544;544;0;0;0;0
238896;1;1;533;533;87;2;0.5;267;713;149;3;0.25;133;697;224;4;0.125;67;540;540;0;0;0;0
239902;1;1;533;533;77;2;0.5;267;723;142;3;0.25;133;714;218;4;0.125;67;563;563;0;0;0;0
240917;1;1;533;533;72;2;0.5;267;728;139;3;0.25;133;722;218;4;0.125;67;571;571;0;0;0;0
241923;1;1;533;533;54;2;0.5;267;746;89;3;0.25;133;790;165;4;0.125;67;692;692;0;0;0;0
242933;1;1;533;533;42;2;0.5;267;758;82;3;0.25;133;809;133;4;0.125;67;743;743;0;0;0;0
243955;1;1;533;533;39;2;0.5;267;761;59;3;0.25;133;835;120;4;0.125;67;782;782;0;0;0;0
244947;1;1;533;533;67;2;0.5;267;733;156;3;0.25;133;710;216;4;0.125;67;561;561;0;0;0;0
245959;1;1;533;533;61;2;0.5;267;739;96;3;0.25;133;776;155;4;0.125;67;688;688;0;0;0;0
246963;1;1;533;533;102;2;0.5;267;698;201;3;0.25;133;630;289;4;0.125;67;408;408;0;0;0;0
247962;1;1;533;533;42;2;0.5;267;758;86;3;0.25;133;805;150;4;0.125;67;722;722;0;0;0;0
248969;1;1;533;533;86;2;0.5;267;714;154;3;0.25;133;693;240;4;0.125;67;520;520;0;0;0;0
249977;1;1;533;533;104;2;0.5;267;696;198;3;0.25;133;631;289;4;0.125;67;409;409;0;0;0;0
250981;1;1;533;533;104;2;0.5;267;696;198;3;0.25;133;631;299;4;0.125;67;399;399;0;0;0;0
251984;1;1;533;533;61;2;0.5;267;739;149;3;0.25;133;723;180;4;0.125;67;610;610;0;0;0;0
252984;1;1;533;533;35;2;0.5;267;765;83;3;0.25;133;815;133;4;0.125;67;749;749;0;0;0;0
254002;1;1;533;533;34;2;0.5;267;766;54;3;0.25;133;845;84;4;0.125;67;828;828;0;0;0;0
255008;1;1;533;533;83;2;0.5;267;717;204;3;0.25;133;646;354;4;0.125;67;359;359;0;0;0;0
256015;1;1;533;533;18;2;0.5;267;782;48;3;0.25;133;867;60;4;0.125;67;874;874;0;0;0;0
257018;1;1;533;533;3;2;0.5;267;797;14;3;0.25;133;916;18;4;0.125;67;965;965;0;0;0;0
258032;1;1;533;533;14;2;0.5;267;786;29;3;0.25;133;890;37;4;0.125;67;920;920;0;0;0;0
259045;1;1;533;533;17;2;0.5;267;783;17;3;0.25;133;899;39;4;0.125;67;927;927;0;0;0;0
260067;1;1;533;533;26;2;0.5;267;774;62;3;0.25;133;845;88;4;0.125;67;824;824;0;0;0;0
261076;1;1;533;533;23;2;0.5;267;777;43;3;0.25;133;867;63;4;0.125;67;871;871;0;0;0;0
262075;1;1;533;533;4;2;0.5;267;796;5;3;0.25;133;924;17;4;0.125;67;974;974;0;0;0;0
263084;1;1;533;533;2;2;0.5;267;798;16;3;0.25;133;915;19;4;0.125;67;963;963;0;0;0;0
264097;1;1;533;533;21;2;0.5;267;779;49;3;0.25;133;863;67;4;0.125;67;863;863;0;0;0;0
265123;1;1;533;533;1;2;0.5;267;799;4;3;0.25;133;928;22;4;0.125;67;973;973;0;0;0;0
266117;1;1;533;533;8;2;0.5;267;792;9;3;0.25;133;916;21;4;0.125;67;962;962;0;0;0;0
267122;1;1;533;533;31;2;0.5;267;769;40;3;0.25;133;862;61;4;0.125;67;868;868;0;0;0;0
268125;1;1;533;533;5;2;0.5;267;795;17;3;0.25;133;911;23;4;0.125;67;955;955;0;0;0;0
269131;1;1;533;533;11;2;0.5;267;789;18;3;0.25;133;904;19;4;0.125;67;952;952;0;0;0;0
270136;1;1;533;533;16;2;0.5;267;784;29;3;0.25;133;888;37;4;0.125;67;918;918;0;0;0;0
271151;1;1;533;533;25;2;0.5;267;775;39;3;0.25;133;869;39;4;0.125;67;897;897;0;0;0;0
272179;1;1;533;533;24;2;0.5;267;776;36;3;0.25;133;873;60;4;0.125;67;880;880;0;0;0;0
273173;1;1;533;533;12;2;0.5;267;788;20;3;0.25;133;901;34;4;0.125;67;934;934;0;0;0;0
274180;1;1;533;533;20;2;0.5;267;780;22;3;0.25;133;891;39;4;0.125;67;919;919;0;0;0;0
275189;1;1;533;533;10;2;0.5;267;790;20;3;0.25;133;903;44;4;0.125;67;926;926;0;0;0;0
276197;1;1;533;533;0;2;0.5;267;800;7;3;0.25;133;926;6;4;0.125;67;987;987;0;0;0;0
277201;1;1;533;533;12;2;0.5;267;788;32;3;0.25;133;889;41;4;0.125;67;915;915;0;0;0;0
278205;1;1;533;533;4;2;0.5;267;796;12;3;0.25;133;917;11;4;0.125;67;973;973;0;0;0;0
279207;1;1;533;533;14;2;0.5;267;786;31;3;0.25;133;888;37;4;0.125;67;918;362;NaN
280217;1;1;533;533;17;2;0.5;267;783;28;3;0.25;133;888;52;4;0.125;67;903;222;NaN
281225;1;1;533;533;10;2;0.5;267;790;34;3;0.25;133;889;39;4;0.125;67;917;184;NaN
282238;1;1;533;533;21;2;0.5;267;779;40;3;0.25;133;872;54;4;0.125;67;885;265;NaN
283270;1;1;533;533;7;2;0.5;267;793;13;3;0.25;133;913;30;4;0.125;67;950;153;NaN
284257;1;1;533;533;16;2;0.5;267;784;28;3;0.25;133;889;42;4;0.125;67;914;229;NaN
285264;1;1;533;533;11;2;0.5;267;789;21;3;0.25;133;901;32;4;0.125;67;936;187;NaN
286283;1;1;533;533;9;2;0.5;267;791;20;3;0.25;133;904;30;4;0.125;67;941;129;NaN
287293;1;1;533;533;1;2;0.5;267;799;15;3;0.25;133;917;10;4;0.125;67;974;110;NaN
288310;1;1;533;533;19;2;0.5;267;781;30;3;0.25;133;884;46;4;0.125;67;905;257;NaN
289314;1;1;533;533;7;2;0.5;267;793;1;3;0.25;133;925;16;4;0.125;67;976;47;NaN
290322;1;1;533;533;17;2;0.5;267;783;39;3;0.25;133;877;49;4;0.125;67;895;235;NaN
291326;1;1;533;533;9;2;0.5;267;791;14;3;0.25;133;910;35;4;0.125;67;942;109;NaN
292351;1;1;533;533;4;2;0.5;267;796;10;3;0.25;133;919;9;4;0.125;67;977;68;NaN
293334;1;1;533;533;16;2;0.5;267;784;20;3;0.25;133;897;39;4;0.125;67;925;168;NaN
294347;1;1;533;533;24;2;0.5;267;776;50;3;0.25;133;859;67;4;0.125;67;859;288;NaN
295357;1;1;533;533;5;2;0.5;267;795;10;3;0.25;133;918;16;4;0.125;67;969;98;NaN
296355;1;1;533;533;17;2;0.5;267;783;27;3;0.25;133;889;39;4;0.125;67;917;183;NaN
297372;1;1;533;533;17;2;0.5;267;783;32;3;0.25;133;884;35;4;0.125;67;916;235;NaN
298378;1;1;533;533;19;2;0.5;267;781;35;3;0.25;133;879;47;4;0.125;67;899;249;NaN
299384;1;1;533;533;4;2;0.5;267;796;8;3;0.25;133;921;10;4;0.125;67;978;70;NaN
300387;1;1;533;533;12;2;0.5;267;788;41;3;0.25;133;880;72;4;0.125;67;875;277;NaN
301401;1;1;533;533;2;2;0.5;267;798;9;3;0.25;133;922;16;4;0.125;67;973;82;NaN
302420;1;1;533;533;9;2;0.5;267;791;10;3;0.25;133;914;28;4;0.125;67;953;71;NaN
303430;1;1;533;533;20;2;0.5;267;780;33;3;0.25;133;880;47;4;0.125;67;900;210;NaN
304417;1;1;533;533;20;2;0.5;267;780;41;3;0.25;133;872;53;4;0.125;67;886;272;NaN
305422;1;1;533;533;11;2;0.5;267;789;17;3;0.25;133;905;34;4;0.125;67;938;129;NaN
306429;1;1;533;533;15;2;0.5;267;785;25;3;0.25;133;893;43;4;0.125;67;917;211;NaN
307433;1;1;533;533;10;2;0.5;267;790;15;3;0.25;133;908;20;4;0.125;67;955;94;NaN
308434;1;1;533;533;30;2;0.5;267;770;74;3;0.25;133;829;94;4;0.125;67;802;476;NaN
309450;1;1;533;533;5;2;0.5;267;795;10;3;0.25;133;918;10;4;0.125;67;975;70;NaN
310455;1;1;533;533;6;2;0.5;267;794;10;3;0.25;133;917;10;4;0.125;67;974;40;NaN
311454;1;1;533;533;10;2;0.5;267;790;34;3;0.25;133;889;39;4;0.125;67;917;229;NaN
312463;1;1;533;533;20;2;0.5;267;780;50;3;0.25;133;863;57;4;0.125;67;873;388;NaN
313478;1;1;533;533;5;2;0.5;267;795;18;3;0.25;133;910;16;4;0.125;67;961;82;NaN
314488;1;1;533;533;19;2;0.5;267;781;29;3;0.25;133;885;47;4;0.125;67;905;209;NaN
315492;1;1;533;533;5;2;0.5;267;795;20;3;0.25;133;908;27;4;0.125;67;948;159;NaN
316493;1;1;533;533;18;2;0.5;267;782;26;3;0.25;133;889;60;4;0.125;67;896;220;NaN
317494;1;1;533;533;6;2;0.5;267;794;15;3;0.25;133;912;18;4;0.125;67;961;107;NaN
318503;1;1;533;533;6;2;0.5;267;794;28;3;0.25;133;899;22;4;0.125;67;944;190;NaN
319501;1;1;533;533;16;2;0.5;267;784;27;3;0.25;133;890;32;4;0.125;67;925;181;NaN
320505;1;1;533;533;10;2;0.5;267;790;18;3;0.25;133;905;24;4;0.125;67;948;106;NaN
321509;1;1;533;533;14;2;0.5;267;786;25;3;0.25;133;894;39;4;0.125;67;922;192;NaN
322511;1;1;533;533;8;2;0.5;267;792;15;3;0.25;133;910;18;4;0.125;67;959;121;NaN
323517;1;1;533;533;17;2;0.5;267;783;39;3;0.25;133;877;54;4;0.125;67;890;244;NaN
324520;1;1;533;533;3;2;0.5;267;797;3;3;0.25;133;927;10;4;0.125;67;984;49;NaN
325526;1;1;533;533;21;2;0.5;267;779;63;3;0.25;133;849;85;4;0.125;67;831;365;NaN
326523;1;1;533;533;14;2;0.5;267;786;19;3;0.25;133;900;28;4;0.125;67;939;142;NaN
327539;1;1;533;533;19;2;0.5;267;781;44;3;0.25;133;870;57;4;0.125;67;880;245;NaN
328541;1;1;533;533;28;2;0.5;267;772;47;3;0.25;133;858;73;4;0.125;67;852;284;NaN
329546;1;1;533;533;20;2;0.5;267;780;22;3;0.25;133;891;50;4;0.125;67;908;249;NaN
330550;1;1;533;533;4;2;0.5;267;796;6;3;0.25;133;923;14;4;0.125;67;976;57;NaN
331559;1;1;533;533;28;2;0.5;267;772;50;3;0.25;133;855;75;4;0.125;67;847;322;NaN
332565;1;1;533;533;15;2;0.5;267;785;35;3;0.25;133;883;52;4;0.125;67;898;202;NaN
333574;1;1;533;533;8;2;0.5;267;792;13;3;0.25;133;912;12;4;0.125;67;967;71;NaN
334588;1;1;533;533;11;2;0.5;267;789;26;3;0.25;133;896;27;4;0.125;67;936;133;NaN
335597;1;1;533;533;20;2;0.5;267;780;24;3;0.25;133;889;67;4;0.125;67;889;249;NaN
336608;1;1;533;533;2;2;0.5;267;798;9;3;0.25;133;922;8;4;0.125;67;981;47;NaN
337613;1;1;533;533;4;2;0.5;267;796;8;3;0.25;133;921;14;4;0.125;67;974;63;NaN
338626;1;1;533;533;13;2;0.5;267;787;33;3;0.25;133;887;57;4;0.125;67;897;270;NaN
339629;1;1;533;533;3;2;0.5;267;797;16;3;0.25;133;914;23;4;0.125;67;958;105;NaN
340639;1;1;533;533;30;2;0.5;267;770;22;3;0.25;133;881;48;4;0.125;67;900;269;NaN
341642;1;1;533;533;24;2;0.5;267;776;46;3;0.25;133;863;59;4;0.125;67;871;266;NaN
342659;1;1;533;533;15;2;0.5;267;785;30;3;0.25;133;888;54;4;0.125;67;901;196;NaN
343679;1;1;533;533;5;2;0.5;267;795;13;3;0.25;133;915;23;4;0.125;67;959;132;NaN
344662;1;1;533;533;18;2;0.5;267;782;18;3;0.25;133;897;43;4;0.125;67;921;203;NaN
345667;1;1;533;533;4;2;0.5;267;796;10;3;0.25;133;919;14;4;0.125;67;972;66;NaN
346676;1;1;533;533;18;2;0.5;267;782;33;3;0.25;133;882;35;4;0.125;67;914;217;NaN
347690;1;1;533;533;8;2;0.5;267;792;9;3;0.25;133;916;25;4;0.125;67;958;75;NaN
348694;1;1;533;533;7;2;0.5;267;793;5;3;0.25;133;921;14;4;0.125;67;974;92;NaN
349696;1;1;533;533;5;2;0.5;267;795;18;3;0.25;133;910;17;4;0.125;67;960;74;NaN
350704;1;1;533;533;25;2;0.5;267;775;53;3;0.25;133;855;72;4;0.125;67;850;347;NaN
351717;1;1;533;533;22;2;0.5;267;778;38;3;0.25;133;873;49;4;0.125;67;891;253;NaN
352717;1;1;533;533;2;2;0.5;267;798;14;3;0.25;133;917;7;4;0.125;67;977;45;NaN
353719;1;1;533;533;16;2;0.5;267;784;45;3;0.25;133;872;67;4;0.125;67;872;329;NaN
354725;1;1;533;533;21;2;0.5;267;779;43;3;0.25;133;869;57;4;0.125;67;879;296;NaN
355729;1;1;533;533;5;2;0.5;267;795;14;3;0.25;133;914;14;4;0.125;67;967;84;NaN
356735;1;1;533;533;12;2;0.5;267;788;19;3;0.25;133;902;35;4;0.125;67;934;145;NaN
357743;1;1;533;533;17;2;0.5;267;783;29;3;0.25;133;887;42;4;0.125;67;912;160;NaN
358750;1;1;533;533;3;2;0.5;267;797;2;3;0.25;133;928;6;4;0.125;67;989;63;NaN
359757;1;1;533;533;43;2;0.5;267;757;65;3;0.25;133;825;68;4;0.125;67;824;422;NaN
360770;1;1;533;533;10;2;0.5;267;790;10;3;0.25;133;913;27;4;0.125;67;953;137;NaN
361769;1;1;533;533;4;2;0.5;267;796;15;3;0.25;133;914;13;4;0.125;67;968;90;NaN
362772;1;1;533;533;28;2;0.5;267;772;60;3;0.25;133;845;90;4;0.125;67;822;373;NaN
363778;1;1;533;533;7;2;0.5;267;793;20;3;0.25;133;906;29;4;0.125;67;944;124;NaN
364782;1;1;533;533;32;2;0.5;267;768;64;3;0.25;133;837;96;4;0.125;67;808;437;NaN
365782;1;1;533;533;6;2;0.5;267;794;10;3;0.25;133;917;10;4;0.125;67;974;48;NaN
366786;1;1;533;533;7;2;0.5;267;793;15;3;0.25;133;911;29;4;0.125;67;949;132;NaN
367800;1;1;533;533;7;2;0.5;267;793;14;3;0.25;133;912;43;4;0.125;67;936;159;NaN
368816;1;1;533;533;10;2;0.5;267;790;29;3;0.25;133;894;39;4;0.125;67;922;195;NaN
369827;1;1;533;533;40;2;0.5;267;760;76;3;0.25;133;817;121;4;0.125;67;763;472;NaN
370834;1;1;533;533;1;2;0.5;267;799;9;3;0.25;133;923;15;4;0.125;67;975;76;NaN
371848;1;1;533;533;11;2;0.5;267;789;37;3;0.25;133;885;45;4;0.125;67;907;240;NaN
372858;1;1;533;533;13;2;0.5;267;787;18;3;0.25;133;902;36;4;0.125;67;933;165;NaN
373873;1;1;533;533;3;2;0.5;267;797;12;3;0.25;133;918;27;4;0.125;67;958;102;NaN
374876;1;1;533;533;7;2;0.5;267;793;14;3;0.25;133;912;26;4;0.125;67;953;134;NaN
375887;1;1;533;533;5;2;0.5;267;795;13;3;0.25;133;915;22;4;0.125;67;960;101;NaN
376890;1;1;533;533;13;2;0.5;267;787;32;3;0.25;133;888;36;4;0.125;67;919;144;NaN
377904;1;1;533;533;20;2;0.5;267;780;36;3;0.25;133;877;62;4;0.125;67;882;301;NaN
378918;1;1;533;533;4;2;0.5;267;796;18;3;0.25;133;911;23;4;0.125;67;955;117;NaN
379931;1;1;533;533;19;2;0.5;267;781;49;3;0.25;133;865;62;4;0.125;67;870;257;NaN
380949;1;1;533;533;1;2;0.5;267;799;8;3;0.25;133;924;17;4;0.125;67;974;57;NaN
381950;1;1;533;533;15;2;0.5;267;785;15;3;0.25;133;903;43;4;0.125;67;927;156;NaN
382955;1;1;533;533;4;2;0.5;267;796;15;3;0.25;133;914;21;4;0.125;67;960;64;NaN
383958;1;1;533;533;14;2;0.5;267;786;24;3;0.25;133;895;35;4;0.125;67;927;151;NaN
384971;1;1;533;533;29;2;0.5;267;771;46;3;0.25;133;858;68;4;0.125;67;857;342;NaN
385982;1;1;533;533;8;2;0.5;267;792;29;3;0.25;133;896;37;4;0.125;67;926;181;NaN
386989;1;1;533;533;11;2;0.5;267;789;40;3;0.25;133;882;38;4;0.125;67;911;255;NaN
387998;1;1;533;533;12;2;0.5;267;788;31;3;0.25;133;890;39;4;0.125;67;918;142;NaN
389000;1;1;533;533;10;2;0.5;267;790;7;3;0.25;133;916;5;4;0.125;67;978;68;NaN
390012;1;1;533;533;5;2;0.5;267;795;17;3;0.25;133;911;39;4;0.125;67;939;134;NaN
391028;1;1;533;533;17;2;0.5;267;783;33;3;0.25;133;883;38;4;0.125;67;912;245;NaN
392031;1;1;533;533;25;2;0.5;267;775;54;3;0.25;133;854;87;4;0.125;67;834;308;NaN
393035;1;1;533;533;5;2;0.5;267;795;11;3;0.25;133;917;12;4;0.125;67;972;66;NaN
394042;1;1;533;533;17;2;0.5;267;783;36;3;0.25;133;880;43;4;0.125;67;904;201;NaN
395058;1;1;533;533;0;2;0.5;267;800;22;3;0.25;133;911;20;4;0.125;67;958;99;NaN
396072;1;1;533;533;8;2;0.5;267;792;14;3;0.25;133;911;22;4;0.125;67;956;90;NaN
397081;1;1;533;533;3;2;0.5;267;797;53;3;0.25;133;877;84;4;0.125;67;860;346;NaN
398094;1;1;533;533;22;2;0.5;267;778;0;3;0.25;133;911;13;4;0.125;67;965;49;NaN
399096;1;1;533;533;14;2;0.5;267;786;31;3;0.25;133;888;38;4;0.125;67;917;148;NaN
400109;1;1;533;533;8;2;0.5;267;792;11;3;0.25;133;914;32;4;0.125;67;949;147;NaN
401110;1;1;533;533;24;2;0.5;267;776;46;3;0.25;133;863;72;4;0.125;67;858;334;NaN
402113;1;1;533;533;12;2;0.5;267;788;22;3;0.25;133;899;27;4;0.125;67;939;155;NaN
403128;1;1;533;533;33;2;0.5;267;767;83;3;0.25;133;817;133;4;0.125;67;751;512;NaN
404139;1;1;533;533;2;2;0.5;267;798;9;3;0.25;133;922;11;4;0.125;67;978;59;NaN
405148;1;1;533;533;21;2;0.5;267;779;44;3;0.25;133;868;65;4;0.125;67;870;315;NaN
406152;1;1;533;533;14;2;0.5;267;786;22;3;0.25;133;897;44;4;0.125;67;920;192;NaN
407167;1;1;533;533;4;2;0.5;267;796;13;3;0.25;133;916;21;4;0.125;67;962;120;NaN
408167;1;1;533;533;18;2;0.5;267;782;38;3;0.25;133;877;51;4;0.125;67;893;254;NaN
409180;1;1;533;533;5;2;0.5;267;795;14;3;0.25;133;914;21;4;0.125;67;960;85;NaN
410184;1;1;533;533;21;2;0.5;267;779;27;3;0.25;133;885;58;4;0.125;67;894;234;NaN
411195;1;1;533;533;11;2;0.5;267;789;14;3;0.25;133;908;29;4;0.125;67;946;124;NaN
412197;1;1;533;533;17;2;0.5;267;783;40;3;0.25;133;876;71;4;0.125;67;872;317;NaN
413204;1;1;533;533;5;2;0.5;267;795;9;3;0.25;133;919;12;4;0.125;67;974;61;NaN
414215;1;1;533;533;15;2;0.5;267;785;32;3;0.25;133;886;55;4;0.125;67;898;248;NaN
415215;1;1;533;533;1;2;0.5;267;799;7;3;0.25;133;925;9;4;0.125;67;983;67;NaN
416228;1;1;533;533;6;2;0.5;267;794;13;3;0.25;133;914;14;4;0.125;67;967;121;NaN
417243;1;1;533;533;34;2;0.5;267;766;64;3;0.25;133;835;84;4;0.125;67;818;394;NaN
418250;1;1;533;533;12;2;0.5;267;788;16;3;0.25;133;905;36;4;0.125;67;936;170;NaN
419255;1;1;533;533;30;2;0.5;267;770;56;3;0.25;133;847;73;4;0.125;67;841;395;NaN
420263;1;1;533;533;36;2;0.5;267;764;59;3;0.25;133;838;71;4;0.125;67;834;362;NaN
421276;1;1;533;533;1;2;0.5;267;799;8;3;0.25;133;924;9;4;0.125;67;982;49;NaN
422280;1;1;533;533;16;2;0.5;267;784;21;3;0.25;133;896;33;4;0.125;67;930;127;NaN
423282;1;1;533;533;3;2;0.5;267;797;7;3;0.25;133;923;10;4;0.125;67;980;52;NaN
424287;1;1;533;533;5;2;0.5;267;795;14;3;0.25;133;914;14;4;0.125;67;967;77;NaN
425287;1;1;533;533;31;2;0.5;267;769;51;3;0.25;133;851;84;4;0.125;67;834;353;NaN
426294;1;1;533;533;25;2;0.5;267;775;56;3;0.25;133;852;86;4;0.125;67;833;352;NaN
427306;1;1;533;533;22;2;0.5;267;778;42;3;0.25;133;869;71;4;0.125;67;865;305;NaN
428316;1;1;533;533;4;2;0.5;267;796;15;3;0.25;133;914;26;4;0.125;67;955;146;NaN
429330;1;1;533;533;22;2;0.5;267;778;48;3;0.25;133;863;67;4;0.125;67;863;286;NaN
430338;1;1;533;533;5;2;0.5;267;795;5;3;0.25;133;923;14;4;0.125;67;976;62;NaN
431341;1;1;533;533;16;2;0.5;267;784;26;3;0.25;133;891;45;4;0.125;67;913;197;NaN
432343;1;1;533;533;4;2;0.5;267;796;11;3;0.25;133;918;26;4;0.125;67;959;111;NaN
433347;1;1;533;533;8;2;0.5;267;792;19;3;0.25;133;906;20;4;0.125;67;953;143;NaN
434347;1;1;533;533;3;2;0.5;267;797;8;3;0.25;133;922;26;4;0.125;67;963;93;NaN
435353;1;1;533;533;14;2;0.5;267;786;30;3;0.25;133;889;54;4;0.125;67;902;245;NaN
436360;1;1;533;533;13;2;0.5;267;787;17;3;0.25;133;903;29;4;0.125;67;941;126;NaN
437361;1;1;533;533;5;2;0.5;267;795;13;3;0.25;133;915;14;4;0.125;67;968;82;NaN
438359;1;1;533;533;24;2;0.5;267;776;48;3;0.25;133;861;70;4;0.125;67;858;286;NaN
439364;1;1;533;533;29;2;0.5;267;771;58;3;0.25;133;846;82;4;0.125;67;831;448;NaN
440366;1;1;533;533;27;2;0.5;267;773;64;3;0.25;133;842;74;4;0.125;67;835;373;NaN
441366;1;1;533;533;6;2;0.5;267;794;26;3;0.25;133;901;33;4;0.125;67;935;135;NaN
442378;1;1;533;533;28;2;0.5;267;772;57;3;0.25;133;848;77;4;0.125;67;838;356;NaN
443388;1;1;533;533;11;2;0.5;267;789;18;3;0.25;133;904;27;4;0.125;67;944;131;NaN
444396;1;1;533;533;14;2;0.5;267;786;27;3;0.25;133;892;35;4;0.125;67;924;197;NaN
445397;1;1;533;533;12;2;0.5;267;788;28;3;0.25;133;893;45;4;0.125;67;915;190;NaN
446399;1;1;533;533;8;2;0.5;267;792;21;3;0.25;133;904;31;4;0.125;67;940;168;NaN
447400;1;1;533;533;16;2;0.5;267;784;44;3;0.25;133;873;62;4;0.125;67;878;292;NaN
448405;1;1;533;533;12;2;0.5;267;788;44;3;0.25;133;877;54;4;0.125;67;890;213;NaN
449406;1;1;533;533;8;2;0.5;267;792;20;3;0.25;133;905;22;4;0.125;67;950;142;NaN
450410;1;1;533;533;21;2;0.5;267;779;25;3;0.25;133;887;48;4;0.125;67;906;238;NaN
451422;1;1;533;533;15;2;0.5;267;785;25;3;0.25;133;893;48;4;0.125;67;912;209;NaN
452429;1;1;533;533;7;2;0.5;267;793;28;3;0.25;133;898;30;4;0.125;67;935;122;NaN
453438;1;1;533;533;26;2;0.5;267;774;42;3;0.25;133;865;44;4;0.125;67;888;299;NaN
454448;1;1;533;533;12;2;0.5;267;788;22;3;0.25;133;899;55;4;0.125;67;911;176;NaN
455450;1;1;533;533;3;2;0.5;267;797;10;3;0.25;133;920;11;4;0.125;67;976;59;NaN
456462;1;1;533;533;16;2;0.5;267;784;36;3;0.25;133;881;57;4;0.125;67;891;264;NaN
457469;1;1;533;533;18;2;0.5;267;782;31;3;0.25;133;884;31;4;0.125;67;920;191;NaN
458474;1;1;533;533;11;2;0.5;267;789;13;3;0.25;133;909;20;4;0.125;67;956;113;NaN
459483;1;1;533;533;11;2;0.5;267;789;20;3;0.25;133;902;33;4;0.125;67;936;156;NaN
460486;1;1;533;533;10;2;0.5;267;790;35;3;0.25;133;888;41;4;0.125;67;914;231;NaN
461501;1;1;533;533;14;2;0.5;267;786;38;3;0.25;133;881;41;4;0.125;67;907;220;NaN
462499;1;1;533;533;12;2;0.5;267;788;32;3;0.25;133;889;37;4;0.125;67;919;203;NaN
463498;1;1;533;533;12;2;0.5;267;788;20;3;0.25;133;901;45;4;0.125;67;923;171;NaN
464521;1;1;533;533;45;2;0.5;267;755;77;3;0.25;133;811;110;4;0.125;67;768;488;NaN
465532;1;1;533;533;13;2;0.5;267;787;18;3;0.25;133;902;30;4;0.125;67;939;115;NaN
466539;1;1;533;533;15;2;0.5;267;785;14;3;0.25;133;904;43;4;0.125;67;928;167;NaN
467550;1;1;533;533;10;2;0.5;267;790;16;3;0.25;133;907;17;4;0.125;67;957;104;NaN
468558;1;1;533;533;8;2;0.5;267;792;19;3;0.25;133;906;29;4;0.125;67;944;147;NaN
469571;1;1;533;533;3;2;0.5;267;797;12;3;0.25;133;918;9;4;0.125;67;976;66;NaN
470588;1;1;533;533;19;2;0.5;267;781;20;3;0.25;133;894;46;4;0.125;67;915;223;NaN
471594;1;1;533;533;3;2;0.5;267;797;10;3;0.25;133;920;12;4;0.125;67;975;66;NaN
472597;1;1;533;533;16;2;0.5;267;784;18;3;0.25;133;899;32;4;0.125;67;934;150;NaN
473600;1;1;533;533;8;2;0.5;267;792;12;3;0.25;133;913;21;4;0.125;67;959;130;NaN
474602;1;1;533;533;21;2;0.5;267;779;43;3;0.25;133;869;69;4;0.125;67;867;331;NaN
475612;1;1;533;533;13;2;0.5;267;787;22;3;0.25;133;898;27;4;0.125;67;938;160;NaN
476616;1;1;533;533;18;2;0.5;267;782;30;3;0.25;133;885;47;4;0.125;67;905;215;NaN
477627;1;1;533;533;7;2;0.5;267;793;21;3;0.25;133;905;30;4;0.125;67;942;141;NaN
478631;1;1;533;533;15;2;0.5;267;785;21;3;0.25;133;897;45;4;0.125;67;919;224;NaN
479632;1;1;533;533;13;2;0.5;267;787;43;3;0.25;133;877;40;4;0.125;67;904;232;NaN
480648;1;1;533;533;25;2;0.5;267;775;40;3;0.25;133;868;76;4;0.125;67;859;287;NaN
481663;1;1;533;533;25;2;0.5;267;775;72;3;0.25;133;836;81;4;0.125;67;822;392;NaN
482676;1;1;533;533;5;2;0.5;267;795;8;3;0.25;133;920;9;4;0.125;67;978;46;NaN
483684;1;1;533;533;9;2;0.5;267;791;13;3;0.25;133;911;20;4;0.125;67;958;73;NaN
484686;1;1;533;533;10;2;0.5;267;790;25;3;0.25;133;898;43;4;0.125;67;922;199;NaN
485691;1;1;533;533;14;2;0.5;267;786;30;3;0.25;133;889;57;4;0.125;67;899;245;NaN
486700;1;1;533;533;28;2;0.5;267;772;52;3;0.25;133;853;82;4;0.125;67;838;349;NaN
487703;1;1;533;533;4;2;0.5;267;796;7;3;0.25;133;922;12;4;0.125;67;977;52;NaN
488712;1;1;533;533;20;2;0.5;267;780;28;3;0.25;133;885;45;4;0.125;67;907;208;NaN
489715;1;1;533;533;11;2;0.5;267;789;26;3;0.25;133;896;34;4;0.125;67;929;171;NaN
490718;1;1;533;533;14;2;0.5;267;786;32;3;0.25;133;887;45;4;0.125;67;909;177;NaN
491725;1;1;533;533;18;2;0.5;267;782;30;3;0.25;133;885;68;4;0.125;67;884;235;NaN
492722;1;1;533;533;21;2;0.5;267;779;29;3;0.25;133;883;59;4;0.125;67;891;296;NaN
493732;1;1;533;533;10;2;0.5;267;790;21;3;0.25;133;902;14;4;0.125;67;955;91;NaN
494748;1;1;533;533;12;2;0.5;267;788;21;3;0.25;133;900;33;4;0.125;67;934;152;NaN
495756;1;1;533;533;17;2;0.5;267;783;38;3;0.25;133;878;42;4;0.125;67;903;272;NaN
496770;1;1;533;533;24;2;0.5;267;776;33;3;0.25;133;876;63;4;0.125;67;880;245;NaN
497779;1;1;533;533;5;2;0.5;267;795;14;3;0.25;133;914;17;4;0.125;67;964;78;NaN
498782;1;1;533;533;6;2;0.5;267;794;21;3;0.25;133;906;33;4;0.125;67;940;134;NaN
499789;1;1;533;533;12;2;0.5;267;788;30;3;0.25;133;891;51;4;0.125;67;907;243;NaN
500798;1;1;533;533;33;2;0.5;267;767;58;3;0.25;133;842;117;4;0.125;67;792;501;NaN
501801;1;1;533;533;11;2;0.5;267;789;41;3;0.25;133;881;67;4;0.125;67;881;310;NaN
502819;1;1;533;533;69;2;0.5;267;731;153;3;0.25;133;711;204;4;0.125;67;574;574;0;0;0;0
503816;1;1;533;533;0;2;0.5;267;800;0;3;0.25;133;933;148;4;0.125;67;852;852;0;0;0;0
504820;1;1;533;533;52;2;0.5;267;748;197;3;0.25;133;684;156;4;0.125;67;595;595;0;0;0;0
505828;1;1;533;533;36;2;0.5;267;764;111;3;0.25;133;786;154;4;0.125;67;699;699;0;0;0;0
506848;1;1;533;533;55;2;0.5;267;745;151;3;0.25;133;727;213;4;0.125;67;581;581;0;0;0;0
507858;1;1;533;533;91;2;0.5;267;709;127;3;0.25;133;715;226;4;0.125;67;556;556;0;0;0;0
508894;1;1;533;533;79;2;0.5;267;721;76;3;0.25;133;778;133;4;0.125;67;712;712;0;0;0;0
509879;1;1;533;533;50;2;0.5;267;750;139;3;0.25;133;744;178;4;0.125;67;633;633;0;0;0;0
510884;1;1;533;533;88;2;0.5;267;712;102;3;0.25;133;743;246;4;0.125;67;564;564;0;0;0;0
511900;1;1;533;533;79;2;0.5;267;721;263;3;0.25;133;591;292;4;0.125;67;366;366;0;0;0;0
512908;1;1;533;533;69;2;0.5;267;731;55;3;0.25;133;809;77;4;0.125;67;799;799;0;0;0;0
513922;1;1;533;533;36;2;0.5;267;764;0;3;0.25;133;897;136;4;0.125;67;828;828;0;0;0;0
514922;1;1;533;533;91;2;0.5;267;709;224;3;0.25;133;618;185;4;0.125;67;500;500;0;0;0;0
515921;1;1;533;533;43;2;0.5;267;757;86;3;0.25;133;804;132;4;0.125;67;739;739;0;0;0;0
516934;1;1;533;533;66;2;0.5;267;734;119;3;0.25;133;748;190;4;0.125;67;625;625;0;0;0;0
517938;1;1;533;533;43;2;0.5;267;757;86;3;0.25;133;804;140;4;0.125;67;731;731;0;0;0;0
518949;1;1;533;533;77;2;0.5;267;723;151;3;0.25;133;705;245;4;0.125;67;527;527;0;0;0;0
519949;1;1;533;533;83;2;0.5;267;717;137;3;0.25;133;713;246;4;0.125;67;534;534;0;0;0;0
520960;1;1;533;533;48;2;0.5;267;752;73;3;0.25;133;812;113;4;0.125;67;766;766;0;0;0;0
521976;1;1;533;533;63;2;0.5;267;737;126;3;0.25;133;744;205;4;0.125;67;606;606;0;0;0;0
523002;1;1;533;533;18;2;0.5;267;782;35;3;0.25;133;880;71;4;0.125;67;876;876;0;0;0;0
523982;1;1;533;533;89;2;0.5;267;711;150;3;0.25;133;694;262;4;0.125;67;499;499;0;0;0;0
524994;1;1;533;533;86;2;0.5;267;714;172;3;0.25;133;675;235;4;0.125;67;507;507;0;0;0;0
526001;1;1;533;533;76;2;0.5;267;724;175;3;0.25;133;682;247;4;0.125;67;502;502;0;0;0;0
527012;1;1;533;533;61;2;0.5;267;739;121;3;0.25;133;751;158;4;0.125;67;660;660;0;0;0;0
528026;1;1;533;533;114;2;0.5;267;686;203;3;0.25;133;616;282;4;0.125;67;401;401;0;0;0;0
529030;1;1;533;533;80;2;0.5;267;720;210;3;0.25;133;643;312;4;0.125;67;398;398;0;0;0;0
530034;1;1;533;533;32;2;0.5;267;768;109;3;0.25;133;792;164;4;0.125;67;695;695;0;0;0;0
531046;1;1;533;533;60;2;0.5;267;740;129;3;0.25;133;744;158;4;0.125;67;653;653;0;0;0;0
532060;1;1;533;533;77;2;0.5;267;723;174;3;0.25;133;682;243;4;0.125;67;506;506;0;0;0;0
533062;1;1;533;533;113;2;0.5;267;687;181;3;0.25;133;639;305;4;0.125;67;401;401;0;0;0;0
534068;1;1;533;533;101;2;0.5;267;699;187;3;0.25;133;645;253;4;0.125;67;459;459;0;0;0;0
535079;1;1;533;533;48;2;0.5;267;752;108;3;0.25;133;777;149;4;0.125;67;695;695;0;0;0;0
536088;1;1;533;533;62;2;0.5;267;738;118;3;0.25;133;753;188;4;0.125;67;632;632;0;0;0;0
537092;1;1;533;533;92;2;0.5;267;708;180;3;0.25;133;661;303;4;0.125;67;425;425;0;0;0;0
538108;1;1;533;533;73;2;0.5;267;727;144;3;0.25;133;716;215;4;0.125;67;568;568;0;0;0;0
539112;1;1;533;533;83;2;0.5;267;717;192;3;0.25;133;658;282;4;0.125;67;443;443;0;0;0;0
540120;1;1;533;533;27;2;0.5;267;773;59;3;0.25;133;847;91;4;0.125;67;823;823;0;0;0;0
541127;1;1;533;533;82;2;0.5;267;718;169;3;0.25;133;682;318;4;0.125;67;431;431;0;0;0;0
542129;1;1;533;533;99;2;0.5;267;701;221;3;0.25;133;613;291;4;0.125;67;389;389;0;0;0;0
543132;1;1;533;533;61;2;0.5;267;739;102;3;0.25;133;770;165;4;0.125;67;672;672;0;0;0;0
544137;1;1;533;533;79;2;0.5;267;721;157;3;0.25;133;697;232;4;0.125;67;532;532;0;0;0;0
545141;1;1;533;533;117;2;0.5;267;683;191;3;0.25;133;625;248;4;0.125;67;444;444;0;0;0;0
546150;1;1;533;533;59;2;0.5;267;741;111;3;0.25;133;763;205;4;0.125;67;625;625;0;0;0;0
547151;1;1;533;533;82;2;0.5;267;718;175;3;0.25;133;676;271;4;0.125;67;472;472;0;0;0;0
548167;1;1;533;533;67;2;0.5;267;733;163;3;0.25;133;703;220;4;0.125;67;550;550;0;0;0;0
549180;1;1;533;533;45;2;0.5;267;755;78;3;0.25;133;810;129;4;0.125;67;748;748;0;0;0;0
550196;1;1;533;533;55;2;0.5;267;745;90;3;0.25;133;788;107;4;0.125;67;748;748;0;0;0;0
551211;1;1;533;533;69;2;0.5;267;731;163;3;0.25;133;701;256;4;0.125;67;512;512;0;0;0;0
552215;1;1;533;533;88;2;0.5;267;712;202;3;0.25;133;643;305;4;0.125;67;405;405;0;0;0;0
553216;1;1;533;533;55;2;0.5;267;745;91;3;0.25;133;787;139;4;0.125;67;715;715;0;0;0;0
554221;1;1;533;533;85;2;0.5;267;715;185;3;0.25;133;663;316;4;0.125;67;414;414;0;0;0;0
555223;1;1;533;533;91;2;0.5;267;709;201;3;0.25;133;641;306;4;0.125;67;402;402;0;0;0;0
556236;1;1;533;533;52;2;0.5;267;748;105;3;0.25;133;776;154;4;0.125;67;689;689;0;0;0;0
557238;1;1;533;533;88;2;0.5;267;712;156;3;0.25;133;689;228;4;0.125;67;528;528;0;0;0;0
558242;1;1;533;533;29;2;0.5;267;771;36;3;0.25;133;868;77;4;0.125;67;858;858;0;0;0;0
559251;1;1;533;533;78;2;0.5;267;722;151;3;0.25;133;704;235;4;0.125;67;536;536;0;0;0;0
560280;1;1;533;533;44;2;0.5;267;756;100;3;0.25;133;789;143;4;0.125;67;713;713;0;0;0;0
561268;1;1;533;533;53;2;0.5;267;747;105;3;0.25;133;775;133;4;0.125;67;709;709;0;0;0;0
562272;1;1;533;533;91;2;0.5;267;709;193;3;0.25;133;649;275;4;0.125;67;441;441;0;0;0;0
563277;1;1;533;533;72;2;0.5;267;728;161;3;0.25;133;700;235;4;0.125;67;532;532;0;0;0;0
564278;1;1;533;533;103;2;0.5;267;697;202;3;0.25;133;628;291;4;0.125;67;404;404;0;0;0;0
565287;1;1;533;533;101;2;0.5;267;699;183;3;0.25;133;649;309;4;0.125;67;407;407;0;0;0;0
566297;1;1;533;533;15;2;0.5;267;785;38;3;0.25;133;880;68;4;0.125;67;879;879;0;0;0;0
567302;1;1;533;533;54;2;0.5;267;746;96;3;0.25;133;783;125;4;0.125;67;725;725;0;0;0;0
568316;1;1;533;533;43;2;0.5;267;757;79;3;0.25;133;811;153;4;0.125;67;725;725;0;0;0;0
569328;1;1;533;533;82;2;0.5;267;718;193;3;0.25;133;658;276;4;0.125;67;449;449;0;0;0;0
570342;1;1;533;533;24;2;0.5;267;776;50;3;0.25;133;859;71;4;0.125;67;855;855;0;0;0;0
571369;1;1;533;533;56;2;0.5;267;744;93;3;0.25;133;784;157;4;0.125;67;694;694;0;0;0;0
572349;1;1;533;533;15;2;0.5;267;785;34;3;0.25;133;884;75;4;0.125;67;876;876;0;0;0;0
573353;1;1;533;533;108;2;0.5;267;692;214;3;0.25;133;611;294;4;0.125;67;384;384;0;0;0;0
574393;1;1;533;533;66;2;0.5;267;734;139;3;0.25;133;728;191;4;0.125;67;604;604;0;0;0;0
575367;1;1;533;533;52;2;0.5;267;748;97;3;0.25;133;784;105;4;0.125;67;746;746;0;0;0;0
576370;1;1;533;533;42;2;0.5;267;758;77;3;0.25;133;814;105;4;0.125;67;776;776;0;0;0;0
577378;1;1;533;533;84;2;0.5;267;716;219;3;0.25;133;630;291;4;0.125;67;406;406;0;0;0;0
578380;1;1;533;533;86;2;0.5;267;714;175;3;0.25;133;672;245;4;0.125;67;494;494;0;0;0;0
579380;1;1;533;533;36;2;0.5;267;764;84;3;0.25;133;813;96;4;0.125;67;784;784;0;0;0;0
580387;1;1;533;533;98;2;0.5;267;702;193;3;0.25;133;642;301;4;0.125;67;408;408;0;0;0;0
581396;1;1;533;533;27;2;0.5;267;773;95;3;0.25;133;811;100;4;0.125;67;778;778;0;0;0;0
582405;1;1;533;533;81;2;0.5;267;719;176;3;0.25;133;676;300;4;0.125;67;443;443;0;0;0;0
583409;1;1;533;533;36;2;0.5;267;764;67;3;0.25;133;830;88;4;0.125;67;809;809;0;0;0;0
584412;1;1;533;533;59;2;0.5;267;741;138;3;0.25;133;736;202;4;0.125;67;601;601;0;0;0;0
585429;1;1;533;533;74;2;0.5;267;726;129;3;0.25;133;730;219;4;0.125;67;578;578;0;0;0;0
586438;1;1;533;533;105;2;0.5;267;695;213;3;0.25;133;615;301;4;0.125;67;381;381;0;0;0;0
587449;1;1;533;533;85;2;0.5;267;715;183;3;0.25;133;665;308;4;0.125;67;424;424;0;0;0;0
588450;1;1;533;533;113;2;0.5;267;687;199;3;0.25;133;621;290;4;0.125;67;398;398;0;0;0;0
589464;1;1;533;533;68;2;0.5;267;732;131;3;0.25;133;734;191;4;0.125;67;610;610;0;0;0;0
590477;1;1;533;533;58;2;0.5;267;742;109;3;0.25;133;766;163;4;0.125;67;670;670;0;0;0;0
591484;1;1;533;533;95;2;0.5;267;705;161;3;0.25;133;677;303;4;0.125;67;441;441;0;0;0;0
592490;1;1;533;533;97;2;0.5;267;703;196;3;0.25;133;640;286;4;0.125;67;421;421;0;0;0;0
593496;1;1;533;533;34;2;0.5;267;766;74;3;0.25;133;825;106;4;0.125;67;786;786;0;0;0;0
594503;1;1;533;533;18;2;0.5;267;782;30;3;0.25;133;885;40;4;0.125;67;912;912;0;0;0;0
595506;1;1;533;533;55;2;0.5;267;745;105;3;0.25;133;773;137;4;0.125;67;703;703;0;0;0;0
596516;1;1;533;533;81;2;0.5;267;719;200;3;0.25;133;652;251;4;0.125;67;468;468;0;0;0;0
597519;1;1;533;533;81;2;0.5;267;719;154;3;0.25;133;698;217;4;0.125;67;548;548;0;0;0;0
598522;1;1;533;533;107;2;0.5;267;693;210;3;0.25;133;616;287;4;0.125;67;396;396;0;0;0;0
599528;1;1;533;533;62;2;0.5;267;738;142;3;0.25;133;729;191;4;0.125;67;605;605;0;0;0;0
600532;1;1;533;533;69;2;0.5;267;731;144;3;0.25;133;720;226;4;0.125;67;561;561;0;0;0;0
601534;1;1;533;533;51;2;0.5;267;749;94;3;0.25;133;788;162;4;0.125;67;693;693;0;0;0;0
602532;1;1;533;533;54;2;0.5;267;746;113;3;0.25;133;766;139;4;0.125;67;694;694;0;0;0;0
603537;1;1;533;533;77;2;0.5;267;723;149;3;0.25;133;707;209;4;0.125;67;565;565;0;0;0;0
604538;1;1;533;533;40;2;0.5;267;760;89;3;0.25;133;804;149;4;0.125;67;722;722;0;0;0;0
605573;1;1;533;533;66;2;0.5;267;734;89;3;0.25;133;778;153;4;0.125;67;692;692;0;0;0;0
606559;1;1;533;533;55;2;0.5;267;745;119;3;0.25;133;759;176;4;0.125;67;650;650;0;0;0;0
607555;1;1;533;533;112;2;0.5;267;688;166;3;0.25;133;655;261;4;0.125;67;461;461;0;0;0;0
608579;1;1;533;533;29;2;0.5;267;771;167;3;0.25;133;737;248;4;0.125;67;556;556;0;0;0;0
609562;1;1;533;533;63;2;0.5;267;737;105;3;0.25;133;765;135;4;0.125;67;697;697;0;0;0;0
610571;1;1;533;533;97;2;0.5;267;703;221;3;0.25;133;615;291;4;0.125;67;391;391;0;0;0;0
611577;1;1;533;533;83;2;0.5;267;717;207;3;0.25;133;643;278;4;0.125;67;432;432;0;0;0;0
612581;1;1;533;533;98;2;0.5;267;702;115;3;0.25;133;720;163;4;0.125;67;624;624;0;0;0;0
613589;1;1;533;533;31;2;0.5;267;769;118;3;0.25;133;784;174;4;0.125;67;677;677;0;0;0;0
614604;1;1;533;533;54;2;0.5;267;746;81;3;0.25;133;798;120;4;0.125;67;745;745;0;0;0;0
615604;1;1;533;533;67;2;0.5;267;733;115;3;0.25;133;751;217;4;0.125;67;601;601;0;0;0;0
616610;1;1;533;533;44;2;0.5;267;756;54;3;0.25;133;835;211;4;0.125;67;691;691;0;0;0;0
617619;1;1;533;533;65;2;0.5;267;735;238;3;0.25;133;630;200;4;0.125;67;497;497;0;0;0;0
618633;1;1;533;533;51;2;0.5;267;749;99;3;0.25;133;783;113;4;0.125;67;737;737;0;0;0;0
619641;1;1;533;533;62;2;0.5;267;738;94;3;0.25;133;777;130;4;0.125;67;714;714;0;0;0;0
620650;1;1;533;533;49;2;0.5;267;751;124;3;0.25;133;760;188;4;0.125;67;639;639;0;0;0;0
621658;1;1;533;533;45;2;0.5;267;755;0;3;0.25;133;888;91;4;0.125;67;864;864;0;0;0;0
622661;1;1;533;533;70;2;0.5;267;730;144;3;0.25;133;719;153;4;0.125;67;633;633;0;0;0;0
623670;1;1;533;533;39;2;0.5;267;761;110;3;0.25;133;784;247;4;0.125;67;604;604;0;0;0;0
624674;1;1;533;533;105;2;0.5;267;695;161;3;0.25;133;667;161;4;0.125;67;573;573;0;0;0;0
625675;1;1;533;533;19;2;0.5;267;781;24;3;0.25;133;890;48;4;0.125;67;909;909;0;0;0;0
626678;1;1;533;533;52;2;0.5;267;748;113;3;0.25;133;768;159;4;0.125;67;676;676;0;0;0;0
627685;1;1;533;533;79;2;0.5;267;721;176;3;0.25;133;678;251;4;0.125;67;494;494;0;0;0;0
628700;1;1;533;533;34;2;0.5;267;766;54;3;0.25;133;845;68;4;0.125;67;844;844;0;0;0;0
629715;1;1;533;533;97;2;0.5;267;703;139;3;0.25;133;697;393;4;0.125;67;371;371;0;0;0;0
630713;1;1;533;533;88;2;0.5;267;712;195;3;0.25;133;650;154;4;0.125;67;563;563;0;0;0;0
631735;1;1;533;533;79;2;0.5;267;721;164;3;0.25;133;690;418;4;0.125;67;339;339;0;0;0;0
632742;1;1;533;533;82;2;0.5;267;718;143;3;0.25;133;708;94;4;0.125;67;681;681;0;0;0;0
633744;1;1;533;533;68;2;0.5;267;732;215;3;0.25;133;650;246;4;0.125;67;471;471;0;0;0;0
634753;1;1;533;533;52;2;0.5;267;748;86;3;0.25;133;795;132;4;0.125;67;730;730;0;0;0;0
635769;1;1;533;533;24;2;0.5;267;776;0;3;0.25;133;909;150;4;0.125;67;826;826;0;0;0;0
636782;1;1;533;533;111;2;0.5;267;689;321;3;0.25;133;501;301;4;0.125;67;267;267;0;0;0;0
637787;1;1;533;533;81;2;0.5;267;719;77;3;0.25;133;775;235;4;0.125;67;607;607;0;0;0;0
638791;1;1;533;533;57;2;0.5;267;743;128;3;0.25;133;748;38;4;0.125;67;777;777;0;0;0;0
639806;1;1;533;533;80;2;0.5;267;720;149;3;0.25;133;704;244;4;0.125;67;527;527;0;0;0;0
640822;1;1;533;533;39;2;0.5;267;761;184;3;0.25;133;710;267;4;0.125;67;510;510;0;0;0;0
641848;1;1;533;533;32;2;0.5;267;768;100;3;0.25;133;801;150;4;0.125;67;718;718;0;0;0;0
642834;1;1;533;533;52;2;0.5;267;748;36;3;0.25;133;845;49;4;0.125;67;863;863;0;0;0;0
643846;1;1;533;533;53;2;0.5;267;747;134;3;0.25;133;746;234;4;0.125;67;579;579;0;0;0;0
644880;1;1;533;533;76;2;0.5;267;724;120;3;0.25;133;737;153;4;0.125;67;651;651;0;0;0;0
645866;1;1;533;533;25;2;0.5;267;775;73;3;0.25;133;835;125;4;0.125;67;777;777;0;0;0;0
646877;1;1;533;533;55;2;0.5;267;745;130;3;0.25;133;748;189;4;0.125;67;626;626;0;0;0;0
647879;1;1;533;533;85;2;0.5;267;715;57;3;0.25;133;791;103;4;0.125;67;755;755;0;0;0;0
648881;1;1;533;533;31;2;0.5;267;769;128;3;0.25;133;774;209;4;0.125;67;632;632;0;0;0;0
649883;1;1;533;533;60;2;0.5;267;740;67;3;0.25;133;806;84;4;0.125;67;789;789;0;0;0;0
650894;1;1;533;533;23;2;0.5;267;777;67;3;0.25;133;843;79;4;0.125;67;831;831;0;0;0;0
651920;1;1;533;533;37;2;0.5;267;763;61;3;0.25;133;835;124;4;0.125;67;778;778;0;0;0;0
652911;1;1;533;533;90;2;0.5;267;710;182;3;0.25;133;661;284;4;0.125;67;444;444;0;0;0;0
653925;1;1;533;533;46;2;0.5;267;754;88;3;0.25;133;799;121;4;0.125;67;745;745;0;0;0;0
654934;1;1;533;533;90;2;0.5;267;710;154;3;0.25;133;689;264;4;0.125;67;492;492;0;0;0;0
655940;1;1;533;533;107;2;0.5;267;693;188;3;0.25;133;638;245;4;0.125;67;460;460;0;0;0;0
656945;1;1;533;533;102;2;0.5;267;698;190;3;0.25;133;641;305;4;0.125;67;403;403;0;0;0;0
657952;1;1;533;533;76;2;0.5;267;724;186;3;0.25;133;671;239;4;0.125;67;499;499;0;0;0;0
658960;1;1;533;533;79;2;0.5;267;721;198;3;0.25;133;656;265;4;0.125;67;458;458;0;0;0;0
659996;1;1;533;533;55;2;0.5;267;745;76;3;0.25;133;802;160;4;0.125;67;709;709;0;0;0;0
660983;1;1;533;533;72;2;0.5;267;728;129;3;0.25;133;732;214;4;0.125;67;585;585;0;0;0;0
662010;1;1;533;533;56;2;0.5;267;744;106;3;0.25;133;771;183;4;0.125;67;655;655;0;0;0;0
662997;1;1;533;533;27;2;0.5;267;773;86;3;0.25;133;820;116;4;0.125;67;771;771;0;0;0;0
664015;1;1;533;533;38;2;0.5;267;762;62;3;0.25;133;833;86;4;0.125;67;814;814;0;0;0;0
665020;1;1;533;533;88;2;0.5;267;712;152;3;0.25;133;693;234;4;0.125;67;526;526;0;0;0;0
666059;1;1;533;533;15;2;0.5;267;785;42;3;0.25;133;876;62;4;0.125;67;881;881;0;0;0;0
667036;1;1;533;533;29;2;0.5;267;771;81;3;0.25;133;823;105;4;0.125;67;785;785;0;0;0;0
668044;1;1;533;533;33;2;0.5;267;767;74;3;0.25;133;826;96;4;0.125;67;797;797;0;0;0;0
669051;1;1;533;533;34;2;0.5;267;766;51;3;0.25;133;848;67;4;0.125;67;848;848;0;0;0;0
670056;1;1;533;533;95;2;0.5;267;705;198;3;0.25;133;640;316;4;0.125;67;391;391;0;0;0;0
671056;1;1;533;533;62;2;0.5;267;738;156;3;0.25;133;715;218;4;0.125;67;564;564;0;0;0;0
672062;1;1;533;533;36;2;0.5;267;764;58;3;0.25;133;839;116;4;0.125;67;790;790;0;0;0;0
673063;1;1;533;533;113;2;0.5;267;687;219;3;0.25;133;601;299;4;0.125;67;369;369;0;0;0;0
674068;1;1;533;533;96;2;0.5;267;704;210;3;0.25;133;627;260;4;0.125;67;434;434;0;0;0;0
675087;1;1;533;533;61;2;0.5;267;739;117;3;0.25;133;755;200;4;0.125;67;622;622;0;0;0;0
676086;1;1;533;533;93;2;0.5;267;707;215;3;0.25;133;625;291;4;0.125;67;401;401;0;0;0;0
677090;1;1;533;533;50;2;0.5;267;750;99;3;0.25;133;784;178;4;0.125;67;673;673;0;0;0;0
678100;1;1;533;533;107;2;0.5;267;693;170;3;0.25;133;656;297;4;0.125;67;426;426;0;0;0;0
679110;1;1;533;533;71;2;0.5;267;729;165;3;0.25;133;697;232;4;0.125;67;532;532;0;0;0;0
680125;1;1;533;533;79;2;0.5;267;721;160;3;0.25;133;694;253;4;0.125;67;508;508;0;0;0;0
681125;1;1;533;533;76;2;0.5;267;724;155;3;0.25;133;702;240;4;0.125;67;529;529;0;0;0;0
682134;1;1;533;533;92;2;0.5;267;708;169;3;0.25;133;672;274;4;0.125;67;465;465;0;0;0;0
683140;1;1;533;533;57;2;0.5;267;743;108;3;0.25;133;768;182;4;0.125;67;653;653;0;0;0;0
684152;1;1;533;533;69;2;0.5;267;731;171;3;0.25;133;693;224;4;0.125;67;536;536;0;0;0;0
685166;1;1;533;533;71;2;0.5;267;729;167;3;0.25;133;695;239;4;0.125;67;523;523;0;0;0;0
686178;1;1;533;533;64;2;0.5;267;736;135;3;0.25;133;734;198;4;0.125;67;603;603;0;0;0;0
687186;1;1;533;533;56;2;0.5;267;744;132;3;0.25;133;745;205;4;0.125;67;607;607;0;0;0;0
688187;1;1;533;533;32;2;0.5;267;768;88;3;0.25;133;813;117;4;0.125;67;763;763;0;0;0;0
689201;1;1;533;533;13;2;0.5;267;787;41;3;0.25;133;879;60;4;0.125;67;886;886;0;0;0;0
690210;1;1;533;533;48;2;0.5;267;752;90;3;0.25;133;795;131;4;0.125;67;731;731;0;0;0;0
691245;1;1;533;533;21;2;0.5;267;779;43;3;0.25;133;869;65;4;0.125;67;871;871;0;0;0;0
692229;1;1;533;533;23;2;0.5;267;777;44;3;0.25;133;866;64;4;0.125;67;869;869;0;0;0;0
693246;1;1;533;533;47;2;0.5;267;753;81;3;0.25;133;805;140;4;0.125;67;732;732;0;0;0;0
694245;1;1;533;533;53;2;0.5;267;747;89;3;0.25;133;791;149;4;0.125;67;709;709;0;0;0;0
695246;1;1;533;533;21;2;0.5;267;779;32;3;0.25;133;880;49;4;0.125;67;898;898;0;0;0;0
696259;1;1;533;533;93;2;0.5;267;707;175;3;0.25;133;665;272;4;0.125;67;460;460;0;0;0;0
697273;1;1;533;533;79;2;0.5;267;721;198;3;0.25;133;656;284;4;0.125;67;439;439;0;0;0;0
698286;1;1;533;533;49;2;0.5;267;751;91;3;0.25;133;793;151;4;0.125;67;709;709;0;0;0;0
699298;1;1;533;533;36;2;0.5;267;764;74;3;0.25;133;823;107;4;0.125;67;783;783;0;0;0;0
700304;1;1;533;533;50;2;0.5;267;750;126;3;0.25;133;757;187;4;0.125;67;637;637;0;0;0;0
701319;1;1;533;533;42;2;0.5;267;758;104;3;0.25;133;787;158;4;0.125;67;696;696;0;0;0;0
702317;1;1;533;533;21;2;0.5;267;779;36;3;0.25;133;876;55;4;0.125;67;888;888;0;0;0;0
703330;1;1;533;533;77;2;0.5;267;723;149;3;0.25;133;707;252;4;0.125;67;522;522;0;0;0;0
704332;1;1;533;533;89;2;0.5;267;711;143;3;0.25;133;701;229;4;0.125;67;539;539;0;0;0;0
705335;1;1;533;533;102;2;0.5;267;698;225;3;0.25;133;606;320;4;0.125;67;353;353;0;0;0;0
706338;1;1;533;533;65;2;0.5;267;735;125;3;0.25;133;743;197;4;0.125;67;613;613;0;0;0;0
707346;1;1;533;533;73;2;0.5;267;727;178;3;0.25;133;682;190;4;0.125;67;559;559;0;0;0;0
708348;1;1;533;533;39;2;0.5;267;761;110;3;0.25;133;784;145;4;0.125;67;706;706;0;0;0;0
709355;1;1;533;533;55;2;0.5;267;745;82;3;0.25;133;796;98;4;0.125;67;765;765;0;0;0;0
710367;1;1;533;533;41;2;0.5;267;759;89;3;0.25;133;803;123;4;0.125;67;747;747;0;0;0;0
711373;1;1;533;533;82;2;0.5;267;718;193;3;0.25;133;658;301;4;0.125;67;424;424;0;0;0;0
712375;1;1;533;533;86;2;0.5;267;714;221;3;0.25;133;626;320;4;0.125;67;373;373;0;0;0;0
713382;1;1;533;533;58;2;0.5;267;742;92;3;0.25;133;783;149;4;0.125;67;701;701;0;0;0;0
714387;1;1;533;533;48;2;0.5;267;752;93;3;0.25;133;792;155;4;0.125;67;704;704;0;0;0;0
715398;1;1;533;533;12;2;0.5;267;788;48;3;0.25;133;873;54;4;0.125;67;886;886;0;0;0;0
716414;1;1;533;533;49;2;0.5;267;751;81;3;0.25;133;803;103;4;0.125;67;767;767;0;0;0;0
717432;1;1;533;533;109;2;0.5;267;691;212;3;0.25;133;612;291;4;0.125;67;388;388;0;0;0;0
718431;1;1;533;533;106;2;0.5;267;694;205;3;0.25;133;622;325;4;0.125;67;364;364;0;0;0;0
719444;1;1;533;533;95;2;0.5;267;705;209;3;0.25;133;629;290;4;0.125;67;406;406;0;0;0;0
720452;1;1;533;533;109;2;0.5;267;691;220;3;0.25;133;604;281;4;0.125;67;390;390;0;0;0;0
721458;1;1;533;533;92;2;0.5;267;708;168;3;0.25;133;673;266;4;0.125;67;474;474;0;0;0;0
722460;1;1;533;533;94;2;0.5;267;706;166;3;0.25;133;673;274;4;0.125;67;466;466;0;0;0;0
723470;1;1;533;533;13;2;0.5;267;787;33;3;0.25;133;887;46;4;0.125;67;908;908;0;0;0;0
724472;1;1;533;533;110;2;0.5;267;690;196;3;0.25;133;627;322;4;0.125;67;372;372;0;0;0;0
725489;1;1;533;533;54;2;0.5;267;746;110;3;0.25;133;769;173;4;0.125;67;663;663;0;0;0;0
726494;1;1;533;533;20;2;0.5;267;780;61;3;0.25;133;852;73;4;0.125;67;846;846;0;0;0;0
727500;1;1;533;533;106;2;0.5;267;694;224;3;0.25;133;603;284;4;0.125;67;386;386;0;0;0;0
728513;1;1;533;533;90;2;0.5;267;710;185;3;0.25;133;658;246;4;0.125;67;479;479;0;0;0;0
729545;1;1;533;533;42;2;0.5;267;758;70;3;0.25;133;821;127;4;0.125;67;761;761;0;0;0;0
730556;1;1;533;533;55;2;0.5;267;745;107;3;0.25;133;771;173;4;0.125;67;665;665;0;0;0;0
731544;1;1;533;533;92;2;0.5;267;708;203;3;0.25;133;638;291;4;0.125;67;414;414;0;0;0;0
732550;1;1;533;533;98;2;0.5;267;702;181;3;0.25;133;654;249;4;0.125;67;472;472;0;0;0;0
733562;1;1;533;533;94;2;0.5;267;706;196;3;0.25;133;643;323;4;0.125;67;387;387;0;0;0;0
734574;1;1;533;533;106;2;0.5;267;694;185;3;0.25;133;642;306;4;0.125;67;403;403;0;0;0;0
735584;1;1;533;533;49;2;0.5;267;751;111;3;0.25;133;773;144;4;0.125;67;696;696;0;0;0;0
736586;1;1;533;533;84;2;0.5;267;716;142;3;0.25;133;707;229;4;0.125;67;545;545;0;0;0;0
737594;1;1;533;533;120;2;0.5;267;680;192;3;0.25;133;621;279;4;0.125;67;409;409;0;0;0;0
738592;1;1;533;533;94;2;0.5;267;706;195;3;0.25;133;644;286;4;0.125;67;425;425;0;0;0;0
739604;1;1;533;533;31;2;0.5;267;769;46;3;0.25;133;856;65;4;0.125;67;858;858;0;0;0;0
740609;1;1;533;533;52;2;0.5;267;748;96;3;0.25;133;785;135;4;0.125;67;717;717;0;0;0;0
741619;1;1;533;533;32;2;0.5;267;768;73;3;0.25;133;828;111;4;0.125;67;784;784;0;0;0;0
742624;1;1;533;533;76;2;0.5;267;724;132;3;0.25;133;725;202;4;0.125;67;590;590;0;0;0;0
743634;1;1;533;533;86;2;0.5;267;714;193;3;0.25;133;654;293;4;0.125;67;428;428;0;0;0;0
744636;1;1;533;533;60;2;0.5;267;740;116;3;0.25;133;757;191;4;0.125;67;633;633;0;0;0;0
745639;1;1;533;533;97;2;0.5;267;703;232;3;0.25;133;604;320;4;0.125;67;351;351;0;0;0;0
746659;1;1;533;533;87;2;0.5;267;713;155;3;0.25;133;691;260;4;0.125;67;498;498;0;0;0;0
747654;1;1;533;533;58;2;0.5;267;742;117;3;0.25;133;758;189;4;0.125;67;636;636;0;0;0;0
748668;1;1;533;533;100;2;0.5;267;700;186;3;0.25;133;647;315;4;0.125;67;399;399;0;0;0;0
749680;1;1;533;533;111;2;0.5;267;689;189;3;0.25;133;633;308;4;0.125;67;392;392;0;0;0;0
750687;1;1;533;533;86;2;0.5;267;714;173;3;0.25;133;674;231;4;0.125;67;510;510;0;0;0;0
751694;1;1;533;533;109;2;0.5;267;691;184;3;0.25;133;640;286;4;0.125;67;421;421;0;0;0;0
752702;1;1;533;533;62;2;0.5;267;738;114;3;0.25;133;757;167;4;0.125;67;657;657;0;0;0;0
753703;1;1;533;533;47;2;0.5;267;753;90;3;0.25;133;796;147;4;0.125;67;716;716;0;0;0;0
754719;1;1;533;533;37;2;0.5;267;763;77;3;0.25;133;819;117;4;0.125;67;769;769;0;0;0;0
755735;1;1;533;533;50;2;0.5;267;750;86;3;0.25;133;797;139;4;0.125;67;725;725;0;0;0;0
756743;1;1;533;533;84;2;0.5;267;716;152;3;0.25;133;697;205;4;0.125;67;559;559;0;0;0;0
757756;1;1;533;533;17;2;0.5;267;783;19;3;0.25;133;897;31;4;0.125;67;933;933;0;0;0;0
758749;1;1;533;533;6;2;0.5;267;794;12;3;0.25;133;915;13;4;0.125;67;969;969;0;0;0;0
759753;1;1;533;533;12;2;0.5;267;788;28;3;0.25;133;893;53;4;0.125;67;907;907;0;0;0;0
760756;1;1;533;533;6;2;0.5;267;794;32;3;0.25;133;895;42;4;0.125;67;920;920;0;0;0;0
761760;1;1;533;533;26;2;0.5;267;774;37;3;0.25;133;870;48;4;0.125;67;889;889;0;0;0;0
762766;1;1;533;533;12;2;0.5;267;788;31;3;0.25;133;890;43;4;0.125;67;914;914;0;0;0;0
763772;1;1;533;533;8;2;0.5;267;792;19;3;0.25;133;906;25;4;0.125;67;948;948;0;0;0;0
764775;1;1;533;533;26;2;0.5;267;774;34;3;0.25;133;873;66;4;0.125;67;874;874;0;0;0;0
765793;1;1;533;533;6;2;0.5;267;794;11;3;0.25;133;916;23;4;0.125;67;960;960;0;0;0;0
766795;1;1;533;533;21;2;0.5;267;779;32;3;0.25;133;880;68;4;0.125;67;879;879;0;0;0;0
767805;1;1;533;533;19;2;0.5;267;781;42;3;0.25;133;872;63;4;0.125;67;876;876;0;0;0;0
768807;1;1;533;533;12;2;0.5;267;788;29;3;0.25;133;892;43;4;0.125;67;916;916;0;0;0;0
769836;1;1;533;533;13;2;0.5;267;787;25;3;0.25;133;895;47;4;0.125;67;915;915;0;0;0;0
770821;1;1;533;533;11;2;0.5;267;789;31;3;0.25;133;891;46;4;0.125;67;912;912;0;0;0;0
771850;1;1;533;533;13;2;0.5;267;787;11;3;0.25;133;909;24;4;0.125;67;952;952;0;0;0;0
772837;1;1;533;533;6;2;0.5;267;794;15;3;0.25;133;912;25;4;0.125;67;954;954;0;0;0;0
773842;1;1;533;533;8;2;0.5;267;792;17;3;0.25;133;908;16;4;0.125;67;959;959;0;0;0;0
774856;1;1;533;533;25;2;0.5;267;775;47;3;0.25;133;861;111;4;0.125;67;817;817;0;0;0;0
775861;1;1;533;533;3;2;0.5;267;797;14;3;0.25;133;916;22;4;0.125;67;961;961;0;0;0;0
776867;1;1;533;533;12;2;0.5;267;788;37;3;0.25;133;884;45;4;0.125;67;906;906;0;0;0;0
777873;1;1;533;533;10;2;0.5;267;790;24;3;0.25;133;899;32;4;0.125;67;934;934;0;0;0;0
778879;1;1;533;533;8;2;0.5;267;792;25;3;0.25;133;900;30;4;0.125;67;937;937;0;0;0;0
779894;1;1;533;533;6;2;0.5;267;794;21;3;0.25;133;906;25;4;0.125;67;948;859;NaN
780900;1;1;533;533;9;2;0.5;267;791;18;3;0.25;133;906;32;4;0.125;67;941;116;NaN
781906;1;1;533;533;13;2;0.5;267;787;36;3;0.25;133;884;39;4;0.125;67;912;210;NaN
782914;1;1;533;533;25;2;0.5;267;775;46;3;0.25;133;862;63;4;0.125;67;866;320;NaN
783926;1;1;533;533;22;2;0.5;267;778;65;3;0.25;133;846;103;4;0.125;67;810;357;NaN
784940;1;1;533;533;2;2;0.5;267;798;7;3;0.25;133;924;10;4;0.125;67;981;47;NaN
785955;1;1;533;533;20;2;0.5;267;780;33;3;0.25;133;880;47;4;0.125;67;900;235;NaN
786950;1;1;533;533;15;2;0.5;267;785;39;3;0.25;133;879;41;4;0.125;67;905;214;NaN
787958;1;1;533;533;16;2;0.5;267;784;37;3;0.25;133;880;57;4;0.125;67;890;238;NaN
788956;1;1;533;533;13;2;0.5;267;787;26;3;0.25;133;894;58;4;0.125;67;903;203;NaN
789960;1;1;533;533;8;2;0.5;267;792;23;3;0.25;133;902;31;4;0.125;67;938;164;NaN
790957;1;1;533;533;4;2;0.5;267;796;12;3;0.25;133;917;12;4;0.125;67;972;64;NaN
791962;1;1;533;533;9;2;0.5;267;791;28;3;0.25;133;896;38;4;0.125;67;925;132;NaN
792959;1;1;533;533;14;2;0.5;267;786;31;3;0.25;133;888;38;4;0.125;67;917;212;NaN
793963;1;1;533;533;3;2;0.5;267;797;6;3;0.25;133;924;17;4;0.125;67;974;71;NaN
794976;1;1;533;533;26;2;0.5;267;774;30;3;0.25;133;877;50;4;0.125;67;894;297;NaN
796006;1;1;533;533;4;2;0.5;267;796;17;3;0.25;133;912;28;4;0.125;67;951;77;NaN
796987;1;1;533;533;7;2;0.5;267;793;11;3;0.25;133;915;23;4;0.125;67;959;67;NaN
797998;1;1;533;533;6;2;0.5;267;794;19;3;0.25;133;908;20;4;0.125;67;955;96;NaN
798998;1;1;533;533;15;2;0.5;267;785;44;3;0.25;133;874;36;4;0.125;67;905;189;NaN
800004;1;1;533;533;2;2;0.5;267;798;8;3;0.25;133;923;7;4;0.125;67;983;63;NaN
801016;1;1;533;533;11;2;0.5;267;789;17;3;0.25;133;905;29;4;0.125;67;943;163;NaN
802030;1;1;533;533;2;2;0.5;267;798;14;3;0.25;133;917;12;4;0.125;67;972;65;NaN
803043;1;1;533;533;7;2;0.5;267;793;17;3;0.25;133;909;19;4;0.125;67;957;114;NaN
804049;1;1;533;533;13;2;0.5;267;787;29;3;0.25;133;891;43;4;0.125;67;915;175;NaN
805060;1;1;533;533;6;2;0.5;267;794;12;3;0.25;133;915;13;4;0.125;67;969;80;NaN
806064;1;1;533;533;11;2;0.5;267;789;18;3;0.25;133;904;31;4;0.125;67;940;161;NaN
807077;1;1;533;533;36;2;0.5;267;764;59;3;0.25;133;838;91;4;0.125;67;814;367;NaN
808089;1;1;533;533;6;2;0.5;267;794;24;3;0.25;133;903;38;4;0.125;67;932;131;NaN
809104;1;1;533;533;22;2;0.5;267;778;16;3;0.25;133;895;31;4;0.125;67;931;164;NaN
810109;1;1;533;533;44;2;0.5;267;756;85;3;0.25;133;804;108;4;0.125;67;763;526;NaN
811120;1;1;533;533;8;2;0.5;267;792;17;3;0.25;133;908;37;4;0.125;67;938;140;NaN
812122;1;1;533;533;7;2;0.5;267;793;23;3;0.25;133;903;31;4;0.125;67;939;121;NaN
813127;1;1;533;533;28;2;0.5;267;772;42;3;0.25;133;863;121;4;0.125;67;809;402;NaN
814135;1;1;533;533;6;2;0.5;267;794;9;3;0.25;133;918;19;4;0.125;67;966;87;NaN
815140;1;1;533;533;27;2;0.5;267;773;49;3;0.25;133;857;45;4;0.125;67;879;307;NaN
816159;1;1;533;533;10;2;0.5;267;790;11;3;0.25;133;912;27;4;0.125;67;952;114;NaN
817151;1;1;533;533;21;2;0.5;267;779;38;3;0.25;133;874;50;4;0.125;67;891;286;NaN
818150;1;1;533;533;6;2;0.5;267;794;11;3;0.25;133;916;21;4;0.125;67;962;123;NaN
819162;1;1;533;533;30;2;0.5;267;770;71;3;0.25;133;832;115;4;0.125;67;784;523;NaN
820183;1;1;533;533;6;2;0.5;267;794;7;3;0.25;133;920;21;4;0.125;67;966;74;NaN
821170;1;1;533;533;7;2;0.5;267;793;20;3;0.25;133;906;29;4;0.125;67;944;119;NaN
822182;1;1;533;533;15;2;0.5;267;785;22;3;0.25;133;896;37;4;0.125;67;926;180;NaN
823189;1;1;533;533;11;2;0.5;267;789;24;3;0.25;133;898;39;4;0.125;67;926;186;NaN
824200;1;1;533;533;22;2;0.5;267;778;28;3;0.25;133;883;57;4;0.125;67;893;205;NaN
825208;1;1;533;533;14;2;0.5;267;786;31;3;0.25;133;888;48;4;0.125;67;907;248;NaN
826224;1;1;533;533;13;2;0.5;267;787;17;3;0.25;133;903;26;4;0.125;67;944;177;NaN
827230;1;1;533;533;7;2;0.5;267;793;16;3;0.25;133;910;29;4;0.125;67;948;128;NaN
828243;1;1;533;533;8;2;0.5;267;792;20;3;0.25;133;905;16;4;0.125;67;956;98;NaN
829257;1;1;533;533;14;2;0.5;267;786;42;3;0.25;133;877;54;4;0.125;67;890;245;NaN
830263;1;1;533;533;6;2;0.5;267;794;20;3;0.25;133;907;33;4;0.125;67;941;138;NaN
831267;1;1;533;533;6;2;0.5;267;794;8;3;0.25;133;919;16;4;0.125;67;970;71;NaN
832268;1;1;533;533;15;2;0.5;267;785;32;3;0.25;133;886;49;4;0.125;67;904;237;NaN
833284;1;1;533;533;7;2;0.5;267;793;19;3;0.25;133;907;34;4;0.125;67;940;153;NaN
834283;1;1;533;533;12;2;0.5;267;788;26;3;0.25;133;895;30;4;0.125;67;932;173;NaN
835287;1;1;533;533;18;2;0.5;267;782;57;3;0.25;133;858;72;4;0.125;67;853;342;NaN
836290;1;1;533;533;31;2;0.5;267;769;59;3;0.25;133;843;85;4;0.125;67;825;402;NaN
837322;1;1;533;533;12;2;0.5;267;788;10;3;0.25;133;911;27;4;0.125;67;951;118;NaN
838307;1;1;533;533;20;2;0.5;267;780;54;3;0.25;133;859;81;4;0.125;67;845;395;NaN
839309;1;1;533;533;6;2;0.5;267;794;19;3;0.25;133;908;39;4;0.125;67;936;128;NaN
840311;1;1;533;533;10;2;0.5;267;790;25;3;0.25;133;898;43;4;0.125;67;922;179;NaN
841319;1;1;533;533;18;2;0.5;267;782;40;3;0.25;133;875;40;4;0.125;67;902;219;NaN
842328;1;1;533;533;16;2;0.5;267;784;49;3;0.25;133;868;66;4;0.125;67;869;289;NaN
843344;1;1;533;533;8;2;0.5;267;792;15;3;0.25;133;910;28;4;0.125;67;949;158;NaN
844346;1;1;533;533;3;2;0.5;267;797;7;3;0.25;133;923;9;4;0.125;67;981;43;NaN
845357;1;1;533;533;11;2;0.5;267;789;36;3;0.25;133;886;49;4;0.125;67;904;207;NaN
846371;1;1;533;533;18;2;0.5;267;782;19;3;0.25;133;896;37;4;0.125;67;926;172;NaN
847377;1;1;533;533;10;2;0.5;267;790;25;3;0.25;133;898;25;4;0.125;67;940;133;NaN
848389;1;1;533;533;7;2;0.5;267;793;3;3;0.25;133;923;12;4;0.125;67;978;57;NaN
849400;1;1;533;533;19;2;0.5;267;781;50;3;0.25;133;864;47;4;0.125;67;884;247;NaN
850421;1;1;533;533;27;2;0.5;267;773;48;3;0.25;133;858;64;4;0.125;67;861;313;NaN
851424;1;1;533;533;19;2;0.5;267;781;18;3;0.25;133;896;40;4;0.125;67;923;206;NaN
852437;1;1;533;533;6;2;0.5;267;794;12;3;0.25;133;915;21;4;0.125;67;961;121;NaN
853443;1;1;533;533;11;2;0.5;267;789;18;3;0.25;133;904;46;4;0.125;67;925;158;NaN
854455;1;1;533;533;30;2;0.5;267;770;54;3;0.25;133;849;71;4;0.125;67;845;403;NaN
855475;1;1;533;533;12;2;0.5;267;788;22;3;0.25;133;899;29;4;0.125;67;937;144;NaN
856478;1;1;533;533;2;2;0.5;267;798;14;3;0.25;133;917;14;4;0.125;67;970;80;NaN
857492;1;1;533;533;0;2;0.5;267;800;8;3;0.25;133;925;10;4;0.125;67;982;53;NaN
858501;1;1;533;533;7;2;0.5;267;793;12;3;0.25;133;914;27;4;0.125;67;954;106;NaN
859510;1;1;533;533;21;2;0.5;267;779;52;3;0.25;133;860;84;4;0.125;67;843;423;NaN
860520;1;1;533;533;18;2;0.5;267;782;35;3;0.25;133;880;53;4;0.125;67;894;227;NaN
861521;1;1;533;533;6;2;0.5;267;794;6;3;0.25;133;921;13;4;0.125;67;975;42;NaN
862523;1;1;533;533;10;2;0.5;267;790;29;3;0.25;133;894;36;4;0.125;67;925;126;NaN
863526;1;1;533;533;13;2;0.5;267;787;24;3;0.25;133;896;54;4;0.125;67;909;197;NaN
864541;1;1;533;533;8;2;0.5;267;792;16;3;0.25;133;909;30;4;0.125;67;946;130;NaN
865575;1;1;533;533;9;2;0.5;267;791;28;3;0.25;133;896;34;4;0.125;67;929;130;NaN
866569;1;1;533;533;8;2;0.5;267;792;18;3;0.25;133;907;26;4;0.125;67;948;142;NaN
867581;1;1;533;533;10;2;0.5;267;790;17;3;0.25;133;906;20;4;0.125;67;953;101;NaN
868590;1;1;533;533;32;2;0.5;267;768;54;3;0.25;133;847;106;4;0.125;67;808;407;NaN
869597;1;1;533;533;18;2;0.5;267;782;24;3;0.25;133;891;43;4;0.125;67;915;200;NaN
870608;1;1;533;533;6;2;0.5;267;794;11;3;0.25;133;916;19;4;0.125;67;964;63;NaN
871620;1;1;533;533;3;2;0.5;267;797;17;3;0.25;133;913;16;4;0.125;67;964;92;NaN
872621;1;1;533;533;16;2;0.5;267;784;35;3;0.25;133;882;72;4;0.125;67;877;264;NaN
873627;1;1;533;533;4;2;0.5;267;796;18;3;0.25;133;911;24;4;0.125;67;954;136;NaN
874639;1;1;533;533;10;2;0.5;267;790;14;3;0.25;133;909;23;4;0.125;67;953;130;NaN
875649;1;1;533;533;30;2;0.5;267;770;56;3;0.25;133;847;78;4;0.125;67;836;321;NaN
876642;1;1;533;533;11;2;0.5;267;789;22;3;0.25;133;900;22;4;0.125;67;945;104;NaN
877651;1;1;533;533;18;2;0.5;267;782;41;3;0.25;133;874;60;4;0.125;67;881;246;NaN
878661;1;1;533;533;23;2;0.5;267;777;31;3;0.25;133;879;39;4;0.125;67;907;217;NaN
879672;1;1;533;533;14;2;0.5;267;786;30;3;0.25;133;889;35;4;0.125;67;921;163;NaN
880670;1;1;533;533;28;2;0.5;267;772;40;3;0.25;133;865;77;4;0.125;67;855;327;NaN
881676;1;1;533;533;11;2;0.5;267;789;28;3;0.25;133;894;32;4;0.125;67;929;166;NaN
882667;1;1;533;533;9;2;0.5;267;791;22;3;0.25;133;902;31;4;0.125;67;938;130;NaN
883669;1;1;533;533;15;2;0.5;267;785;31;3;0.25;133;887;47;4;0.125;67;907;211;NaN
884677;1;1;533;533;6;2;0.5;267;794;14;3;0.25;133;913;18;4;0.125;67;962;102;NaN
885683;1;1;533;533;18;2;0.5;267;782;28;3;0.25;133;887;31;4;0.125;67;923;129;NaN
886690;1;1;533;533;6;2;0.5;267;794;8;3;0.25;133;919;19;4;0.125;67;967;57;NaN
887700;1;1;533;533;27;2;0.5;267;773;46;3;0.25;133;860;88;4;0.125;67;839;314;NaN
888716;1;1;533;533;17;2;0.5;267;783;36;3;0.25;133;880;55;4;0.125;67;892;248;NaN
889730;1;1;533;533;5;2;0.5;267;795;3;3;0.25;133;925;8;4;0.125;67;984;50;NaN
890746;1;1;533;533;11;2;0.5;267;789;16;3;0.25;133;906;23;4;0.125;67;950;101;NaN
891755;1;1;533;533;26;2;0.5;267;774;34;3;0.25;133;873;59;4;0.125;67;881;246;NaN
892761;1;1;533;533;10;2;0.5;267;790;9;3;0.25;133;914;27;4;0.125;67;954;127;NaN
893761;1;1;533;533;8;2;0.5;267;792;18;3;0.25;133;907;16;4;0.125;67;958;132;NaN
894779;1;1;533;533;9;2;0.5;267;791;35;3;0.25;133;889;32;4;0.125;67;924;160;NaN
895791;1;1;533;533;1;2;0.5;267;799;46;3;0.25;133;886;68;4;0.125;67;885;314;NaN
896792;1;1;533;533;16;2;0.5;267;784;19;3;0.25;133;898;26;4;0.125;67;939;88;NaN
897805;1;1;533;533;12;2;0.5;267;788;17;3;0.25;133;904;30;4;0.125;67;941;111;NaN
898806;1;1;533;533;7;2;0.5;267;793;0;3;0.25;133;926;0;4;0.125;67;993;0;NaN
899817;1;1;533;533;13;2;0.5;267;787;19;3;0.25;133;901;31;4;0.125;67;937;170;NaN
900828;1;1;533;533;6;2;0.5;267;794;20;3;0.25;133;907;33;4;0.125;67;941;179;NaN
901833;1;1;533;533;11;2;0.5;267;789;32;3;0.25;133;890;40;4;0.125;67;917;173;NaN
902840;1;1;533;533;12;2;0.5;267;788;22;3;0.25;133;899;25;4;0.125;67;941;87;NaN
903835;1;1;533;533;28;2;0.5;267;772;40;3;0.25;133;865;54;4;0.125;67;878;253;NaN
904836;1;1;533;533;12;2;0.5;267;788;19;3;0.25;133;902;31;4;0.125;67;938;196;NaN
905851;1;1;533;533;10;2;0.5;267;790;29;3;0.25;133;894;62;4;0.125;67;899;246;NaN
906853;1;1;533;533;16;2;0.5;267;784;49;3;0.25;133;868;69;4;0.125;67;866;283;NaN
907863;1;1;533;533;7;2;0.5;267;793;17;3;0.25;133;909;11;4;0.125;67;965;66;NaN
908877;1;1;533;533;6;2;0.5;267;794;18;3;0.25;133;909;30;4;0.125;67;946;101;NaN
909877;1;1;533;533;18;2;0.5;267;782;26;3;0.25;133;889;31;4;0.125;67;925;182;NaN
910875;1;1;533;533;6;2;0.5;267;794;11;3;0.25;133;916;14;4;0.125;67;969;56;NaN
911880;1;1;533;533;10;2;0.5;267;790;37;3;0.25;133;886;43;4;0.125;67;910;184;NaN
912886;1;1;533;533;4;2;0.5;267;796;9;3;0.25;133;920;7;4;0.125;67;980;48;NaN
913894;1;1;533;533;11;2;0.5;267;789;16;3;0.25;133;906;36;4;0.125;67;937;120;NaN
914898;1;1;533;533;31;2;0.5;267;769;43;3;0.25;133;859;60;4;0.125;67;866;270;NaN
915912;1;1;533;533;11;2;0.5;267;789;14;3;0.25;133;908;27;4;0.125;67;948;124;NaN
916925;1;1;533;533;13;2;0.5;267;787;31;3;0.25;133;889;47;4;0.125;67;909;205;NaN
917925;1;1;533;533;20;2;0.5;267;780;50;3;0.25;133;863;72;4;0.125;67;858;336;NaN
918928;1;1;533;533;14;2;0.5;267;786;25;3;0.25;133;894;52;4;0.125;67;909;196;NaN
919943;1;1;533;533;24;2;0.5;267;776;50;3;0.25;133;859;65;4;0.125;67;861;308;NaN
920954;1;1;533;533;13;2;0.5;267;787;17;3;0.25;133;903;34;4;0.125;67;936;144;NaN
921965;1;1;533;533;5;2;0.5;267;795;7;3;0.25;133;921;26;4;0.125;67;962;92;NaN
922978;1;1;533;533;16;2;0.5;267;784;41;3;0.25;133;876;65;4;0.125;67;878;236;NaN
923988;1;1;533;533;5;2;0.5;267;795;7;3;0.25;133;921;10;4;0.125;67;978;52;NaN
924991;1;1;533;533;8;2;0.5;267;792;29;3;0.25;133;896;50;4;0.125;67;913;191;NaN
925995;1;1;533;533;3;2;0.5;267;797;12;3;0.25;133;918;10;4;0.125;67;975;46;NaN
926996;1;1;533;533;19;2;0.5;267;781;25;3;0.25;133;889;59;4;0.125;67;897;218;NaN
928009;1;1;533;533;7;2;0.5;267;793;9;3;0.25;133;917;12;4;0.125;67;972;87;NaN
929022;1;1;533;533;17;2;0.5;267;783;37;3;0.25;133;879;47;4;0.125;67;899;192;NaN
930035;1;1;533;533;15;2;0.5;267;785;22;3;0.25;133;896;44;4;0.125;67;919;183;NaN
931037;1;1;533;533;9;2;0.5;267;791;25;3;0.25;133;899;46;4;0.125;67;920;151;NaN
932050;1;1;533;533;4;2;0.5;267;796;9;3;0.25;133;920;10;4;0.125;67;977;46;NaN
933058;1;1;533;533;25;2;0.5;267;775;39;3;0.25;133;869;55;4;0.125;67;881;273;NaN
934059;1;1;533;533;17;2;0.5;267;783;33;3;0.25;133;883;55;4;0.125;67;895;279;NaN
935060;1;1;533;533;12;2;0.5;267;788;23;3;0.25;133;898;31;4;0.125;67;934;140;NaN
936076;1;1;533;533;9;2;0.5;267;791;30;3;0.25;133;894;36;4;0.125;67;925;175;NaN
937086;1;1;533;533;14;2;0.5;267;786;39;3;0.25;133;880;59;4;0.125;67;888;227;NaN
938096;1;1;533;533;10;2;0.5;267;790;28;3;0.25;133;895;29;4;0.125;67;933;153;NaN
939112;1;1;533;533;24;2;0.5;267;776;55;3;0.25;133;854;70;4;0.125;67;851;318;NaN
940106;1;1;533;533;18;2;0.5;267;782;30;3;0.25;133;885;45;4;0.125;67;907;193;NaN
941116;1;1;533;533;10;2;0.5;267;790;19;3;0.25;133;904;38;4;0.125;67;933;172;NaN
942122;1;1;533;533;4;2;0.5;267;796;19;3;0.25;133;910;20;4;0.125;67;957;101;NaN
943131;1;1;533;533;4;2;0.5;267;796;15;3;0.25;133;914;13;4;0.125;67;968;117;NaN
944132;1;1;533;533;14;2;0.5;267;786;33;3;0.25;133;886;68;4;0.125;67;885;308;NaN
945139;1;1;533;533;27;2;0.5;267;773;42;3;0.25;133;864;50;4;0.125;67;881;255;NaN
946148;1;1;533;533;17;2;0.5;267;783;23;3;0.25;133;893;38;4;0.125;67;922;200;NaN
947151;1;1;533;533;15;2;0.5;267;785;14;3;0.25;133;904;29;4;0.125;67;942;131;NaN
948154;1;1;533;533;20;2;0.5;267;780;36;3;0.25;133;877;54;4;0.125;67;890;260;NaN
949172;1;1;533;533;17;2;0.5;267;783;31;3;0.25;133;885;53;4;0.125;67;899;220;NaN
950180;1;1;533;533;14;2;0.5;267;786;32;3;0.25;133;887;56;4;0.125;67;898;307;NaN
951190;1;1;533;533;9;2;0.5;267;791;19;3;0.25;133;905;23;4;0.125;67;949;103;NaN
952192;1;1;533;533;10;2;0.5;267;790;19;3;0.25;133;904;24;4;0.125;67;947;142;NaN
953209;1;1;533;533;13;2;0.5;267;787;29;3;0.25;133;891;46;4;0.125;67;912;246;NaN
954219;1;1;533;533;7;2;0.5;267;793;24;3;0.25;133;902;30;4;0.125;67;939;118;NaN
955232;1;1;533;533;10;2;0.5;267;790;38;3;0.25;133;885;40;4;0.125;67;912;231;NaN
956241;1;1;533;533;2;2;0.5;267;798;15;3;0.25;133;916;19;4;0.125;67;964;72;NaN
957248;1;1;533;533;15;2;0.5;267;785;20;3;0.25;133;898;39;4;0.125;67;926;177;NaN
958255;1;1;533;533;12;2;0.5;267;788;36;3;0.25;133;885;45;4;0.125;67;907;241;NaN
959259;1;1;533;533;11;2;0.5;267;789;28;3;0.25;133;894;32;4;0.125;67;929;163;NaN
960264;1;1;533;533;34;2;0.5;267;766;44;3;0.25;133;855;81;4;0.125;67;841;352;NaN
961276;1;1;533;533;16;2;0.5;267;784;25;3;0.25;133;892;33;4;0.125;67;926;119;NaN
962276;1;1;533;533;11;2;0.5;267;789;14;3;0.25;133;908;32;4;0.125;67;943;120;NaN
963291;1;1;533;533;9;2;0.5;267;791;16;3;0.25;133;908;26;4;0.125;67;949;120;NaN
964303;1;1;533;533;5;2;0.5;267;795;11;3;0.25;133;917;9;4;0.125;67;975;61;NaN
965311;1;1;533;533;7;2;0.5;267;793;24;3;0.25;133;902;27;4;0.125;67;942;128;NaN
966307;1;1;533;533;9;2;0.5;267;791;16;3;0.25;133;908;26;4;0.125;67;949;110;NaN
967317;1;1;533;533;19;2;0.5;267;781;31;3;0.25;133;883;47;4;0.125;67;903;193;NaN
968324;1;1;533;533;2;2;0.5;267;798;5;3;0.25;133;926;11;4;0.125;67;982;71;NaN
969332;1;1;533;533;2;2;0.5;267;798;9;3;0.25;133;922;11;4;0.125;67;978;57;NaN
970343;1;1;533;533;13;2;0.5;267;787;28;3;0.25;133;892;38;4;0.125;67;921;190;NaN
971358;1;1;533;533;21;2;0.5;267;779;42;3;0.25;133;870;64;4;0.125;67;873;317;NaN
972364;1;1;533;533;6;2;0.5;267;794;20;3;0.25;133;907;36;4;0.125;67;938;165;NaN
973370;1;1;533;533;14;2;0.5;267;786;24;3;0.25;133;895;37;4;0.125;67;925;192;NaN
974375;1;1;533;533;2;2;0.5;267;798;15;3;0.25;133;916;17;4;0.125;67;966;69;NaN
975381;1;1;533;533;11;2;0.5;267;789;39;3;0.25;133;883;57;4;0.125;67;893;188;NaN
976384;1;1;533;533;10;2;0.5;267;790;8;3;0.25;133;915;19;4;0.125;67;963;106;NaN
977383;1;1;533;533;4;2;0.5;267;796;4;3;0.25;133;925;9;4;0.125;67;983;59;NaN
978395;1;1;533;533;19;2;0.5;267;781;48;3;0.25;133;866;77;4;0.125;67;856;265;NaN
979399;1;1;533;533;4;2;0.5;267;796;8;3;0.25;133;921;11;4;0.125;67;977;58;NaN
980420;1;1;533;533;17;2;0.5;267;783;62;3;0.25;133;854;72;4;0.125;67;849;371;NaN
981422;1;1;533;533;16;2;0.5;267;784;54;3;0.25;133;863;77;4;0.125;67;853;331;NaN
982432;1;1;533;533;2;2;0.5;267;798;19;3;0.25;133;912;23;4;0.125;67;956;138;NaN
983439;1;1;533;533;24;2;0.5;267;776;41;3;0.25;133;868;57;4;0.125;67;878;236;NaN
984452;1;1;533;533;10;2;0.5;267;790;24;3;0.25;133;899;29;4;0.125;67;937;134;NaN
985456;1;1;533;533;7;2;0.5;267;793;24;3;0.25;133;902;22;4;0.125;67;947;109;NaN
986463;1;1;533;533;37;2;0.5;267;763;61;3;0.25;133;835;89;4;0.125;67;813;494;NaN
987475;1;1;533;533;13;2;0.5;267;787;24;3;0.25;133;896;41;4;0.125;67;922;249;NaN
988491;1;1;533;533;9;2;0.5;267;791;5;3;0.25;133;919;17;4;0.125;67;969;94;NaN
989503;1;1;533;533;15;2;0.5;267;785;14;3;0.25;133;904;24;4;0.125;67;947;119;NaN
990518;1;1;533;533;25;2;0.5;267;775;67;3;0.25;133;841;119;4;0.125;67;789;511;NaN
991529;1;1;533;533;13;2;0.5;267;787;25;3;0.25;133;895;46;4;0.125;67;916;219;NaN
992541;1;1;533;533;20;2;0.5;267;780;41;3;0.25;133;872;61;4;0.125;67;878;287;NaN
993541;1;1;533;533;5;2;0.5;267;795;9;3;0.25;133;919;21;4;0.125;67;965;94;NaN
994545;1;1;533;533;12;2;0.5;267;788;36;3;0.25;133;885;58;4;0.125;67;894;249;NaN
995555;1;1;533;533;2;2;0.5;267;798;7;3;0.25;133;924;12;4;0.125;67;979;63;NaN
996569;1;1;533;533;4;2;0.5;267;796;43;3;0.25;133;886;49;4;0.125;67;904;248;NaN
997578;1;1;533;533;29;2;0.5;267;771;51;3;0.25;133;853;81;4;0.125;67;839;428;NaN
998589;1;1;533;533;35;2;0.5;267;765;18;3;0.25;133;880;23;4;0.125;67;924;135;NaN
999594;1;1;533;533;8;2;0.5;267;792;49;3;0.25;133;876;79;4;0.125;67;864;385;NaN
1000596;1;1;533;533;31;2;0.5;267;769;13;3;0.25;133;889;34;4;0.125;67;922;133;NaN
1001597;1;1;533;533;3;2;0.5;267;797;10;3;0.25;133;920;22;4;0.125;67;965;76;NaN
1002596;1;1;533;533;20;2;0.5;267;780;26;3;0.25;133;887;50;4;0.125;67;904;266;NaN
1003598;1;1;533;533;7;2;0.5;267;793;17;3;0.25;133;909;27;4;0.125;67;949;77;NaN
1004608;1;1;533;533;11;2;0.5;267;789;13;3;0.25;133;909;28;4;0.125;67;948;129;NaN
1005628;1;1;533;533;21;2;0.5;267;779;37;3;0.25;133;875;47;4;0.125;67;895;236;NaN
1006641;1;1;533;533;8;2;0.5;267;792;14;3;0.25;133;911;10;4;0.125;67;968;89;NaN
1007645;1;1;533;533;17;2;0.5;267;783;37;3;0.25;133;879;51;4;0.125;67;895;242;NaN
1008656;1;1;533;533;5;2;0.5;267;795;8;3;0.25;133;920;14;4;0.125;67;973;61;NaN
1009657;1;1;533;533;13;2;0.5;267;787;22;3;0.25;133;898;52;4;0.125;67;913;223;NaN
1010660;1;1;533;533;13;2;0.5;267;787;39;3;0.25;133;881;56;4;0.125;67;892;240;NaN
1011670;1;1;533;533;27;2;0.5;267;773;69;3;0.25;133;837;80;4;0.125;67;824;427;NaN
1012668;1;1;533;533;74;2;0.5;267;726;170;3;0.25;133;689;217;4;0.125;67;539;539;0;0;0;0
1013698;1;1;533;533;27;2;0.5;267;773;55;3;0.25;133;851;82;4;0.125;67;836;797;NaN
1014687;1;1;533;533;67;2;0.5;267;733;186;3;0.25;133;680;242;4;0.125;67;505;505;0;0;0;0
1015694;1;1;533;533;87;2;0.5;267;713;165;3;0.25;133;681;269;4;0.125;67;479;479;0;0;0;0
1016696;1;1;533;533;38;2;0.5;267;762;102;3;0.25;133;793;134;4;0.125;67;726;726;0;0;0;0
1017707;1;1;533;533;18;2;0.5;267;782;30;3;0.25;133;885;55;4;0.125;67;897;897;0;0;0;0
1018708;1;1;533;533;69;2;0.5;267;731;169;3;0.25;133;695;230;4;0.125;67;532;532;0;0;0;0
1019717;1;1;533;533;45;2;0.5;267;755;103;3;0.25;133;785;168;4;0.125;67;684;684;0;0;0;0
1020733;1;1;533;533;65;2;0.5;267;735;177;3;0.25;133;691;252;4;0.125;67;506;506;0;0;0;0
1021737;1;1;533;533;33;2;0.5;267;767;73;3;0.25;133;827;111;4;0.125;67;783;783;0;0;0;0
1022739;1;1;533;533;23;2;0.5;267;777;47;3;0.25;133;863;67;4;0.125;67;863;863;0;0;0;0
1023749;1;1;533;533;109;2;0.5;267;691;179;3;0.25;133;645;289;4;0.125;67;423;423;0;0;0;0
1024756;1;1;533;533;56;2;0.5;267;744;115;3;0.25;133;762;207;4;0.125;67;622;622;0;0;0;0
1025766;1;1;533;533;51;2;0.5;267;749;96;3;0.25;133;786;166;4;0.125;67;687;687;0;0;0;0
1026778;1;1;533;533;94;2;0.5;267;706;189;3;0.25;133;650;321;4;0.125;67;396;396;0;0;0;0
1027779;1;1;533;533;91;2;0.5;267;709;191;3;0.25;133;651;311;4;0.125;67;407;407;0;0;0;0
1028785;1;1;533;533;84;2;0.5;267;716;141;3;0.25;133;708;197;4;0.125;67;578;578;0;0;0;0
1029794;1;1;533;533;39;2;0.5;267;761;75;3;0.25;133;819;119;4;0.125;67;767;767;0;0;0;0
1030798;1;1;533;533;76;2;0.5;267;724;161;3;0.25;133;696;225;4;0.125;67;538;538;0;0;0;0
1031805;1;1;533;533;117;2;0.5;267;683;196;3;0.25;133;620;325;4;0.125;67;362;362;0;0;0;0
1032802;1;1;533;533;78;2;0.5;267;722;142;3;0.25;133;713;206;4;0.125;67;574;574;0;0;0;0
1033806;1;1;533;533;43;2;0.5;267;757;78;3;0.25;133;812;99;4;0.125;67;780;780;0;0;0;0
1034816;1;1;533;533;43;2;0.5;267;757;97;3;0.25;133;793;144;4;0.125;67;716;716;0;0;0;0
1035832;1;1;533;533;21;2;0.5;267;779;28;3;0.25;133;884;69;4;0.125;67;882;882;0;0;0;0
1036830;1;1;533;533;30;2;0.5;267;770;60;3;0.25;133;843;124;4;0.125;67;786;786;0;0;0;0
1037837;1;1;533;533;54;2;0.5;267;746;111;3;0.25;133;768;216;4;0.125;67;619;619;0;0;0;0
1038843;1;1;533;533;39;2;0.5;267;761;103;3;0.25;133;791;149;4;0.125;67;709;709;0;0;0;0
1039852;1;1;533;533;21;2;0.5;267;779;36;3;0.25;133;876;42;4;0.125;67;901;901;0;0;0;0
1040853;1;1;533;533;34;2;0.5;267;766;57;3;0.25;133;842;89;4;0.125;67;820;820;0;0;0;0
1041858;1;1;533;533;50;2;0.5;267;750;82;3;0.25;133;801;145;4;0.125;67;723;723;0;0;0;0
1042871;1;1;533;533;24;2;0.5;267;776;53;3;0.25;133;856;75;4;0.125;67;848;848;0;0;0;0
1043873;1;1;533;533;63;2;0.5;267;737;117;3;0.25;133;753;153;4;0.125;67;667;667;0;0;0;0
1044888;1;1;533;533;34;2;0.5;267;766;100;3;0.25;133;799;152;4;0.125;67;714;714;0;0;0;0
1045888;1;1;533;533;102;2;0.5;267;698;196;3;0.25;133;635;321;4;0.125;67;381;381;0;0;0;0
1046912;1;1;533;533;85;2;0.5;267;715;172;3;0.25;133;676;262;4;0.125;67;481;481;0;0;0;0
1047918;1;1;533;533;38;2;0.5;267;762;78;3;0.25;133;817;129;4;0.125;67;755;755;0;0;0;0
1048922;1;1;533;533;111;2;0.5;267;689;177;3;0.25;133;645;310;4;0.125;67;402;402;0;0;0;0
1049926;1;1;533;533;88;2;0.5;267;712;193;3;0.25;133;652;318;4;0.125;67;401;401;0;0;0;0
1050939;1;1;533;533;41;2;0.5;267;759;92;3;0.25;133;800;114;4;0.125;67;753;753;0;0;0;0
1051953;1;1;533;533;82;2;0.5;267;718;136;3;0.25;133;715;223;4;0.125;67;559;559;0;0;0;0
1052956;1;1;533;533;92;2;0.5;267;708;172;3;0.25;133;669;244;4;0.125;67;492;492;0;0;0;0
1053958;1;1;533;533;31;2;0.5;267;769;77;3;0.25;133;825;114;4;0.125;67;778;778;0;0;0;0
1054974;1;1;533;533;84;2;0.5;267;716;196;3;0.25;133;653;262;4;0.125;67;458;458;0;0;0;0
1055986;1;1;533;533;104;2;0.5;267;696;188;3;0.25;133;641;283;4;0.125;67;425;425;0;0;0;0
1057000;1;1;533;533;107;2;0.5;267;693;199;3;0.25;133;627;302;4;0.125;67;392;392;0;0;0;0
1058030;1;1;533;533;92;2;0.5;267;708;173;3;0.25;133;668;251;4;0.125;67;484;484;0;0;0;0
1059034;1;1;533;533;39;2;0.5;267;761;73;3;0.25;133;821;121;4;0.125;67;767;767;0;0;0;0
1060018;1;1;533;533;69;2;0.5;267;731;156;3;0.25;133;708;207;4;0.125;67;568;568;0;0;0;0
1061021;1;1;533;533;61;2;0.5;267;739;119;3;0.25;133;753;182;4;0.125;67;638;638;0;0;0;0
1062021;1;1;533;533;68;2;0.5;267;732;84;3;0.25;133;781;160;4;0.125;67;688;688;0;0;0;0
1063032;1;1;533;533;27;2;0.5;267;773;68;3;0.25;133;838;94;4;0.125;67;811;811;0;0;0;0
1064046;1;1;533;533;41;2;0.5;267;759;63;3;0.25;133;829;102;4;0.125;67;794;794;0;0;0;0
1065048;1;1;533;533;38;2;0.5;267;762;75;3;0.25;133;820;145;4;0.125;67;742;742;0;0;0;0
1066053;1;1;533;533;58;2;0.5;267;742;129;3;0.25;133;746;179;4;0.125;67;634;634;0;0;0;0
1067086;1;1;533;533;24;2;0.5;267;776;39;3;0.25;133;870;77;4;0.125;67;860;860;0;0;0;0
1068070;1;1;533;533;104;2;0.5;267;696;190;3;0.25;133;639;287;4;0.125;67;419;419;0;0;0;0
1069072;1;1;533;533;104;2;0.5;267;696;184;3;0.25;133;645;285;4;0.125;67;427;427;0;0;0;0
1070076;1;1;533;533;73;2;0.5;267;727;134;3;0.25;133;726;196;4;0.125;67;597;597;0;0;0;0
1071086;1;1;533;533;62;2;0.5;267;738;140;3;0.25;133;731;208;4;0.125;67;590;590;0;0;0;0
1072094;1;1;533;533;64;2;0.5;267;736;168;3;0.25;133;701;206;4;0.125;67;562;562;0;0;0;0
1073107;1;1;533;533;14;2;0.5;267;786;36;3;0.25;133;883;58;4;0.125;67;892;892;0;0;0;0
1074111;1;1;533;533;63;2;0.5;267;737;144;3;0.25;133;726;235;4;0.125;67;558;558;0;0;0;0
1075118;1;1;533;533;46;2;0.5;267;754;94;3;0.25;133;793;126;4;0.125;67;734;734;0;0;0;0
1076134;1;1;533;533;32;2;0.5;267;768;69;3;0.25;133;832;112;4;0.125;67;787;787;0;0;0;0
1077136;1;1;533;533;81;2;0.5;267;719;139;3;0.25;133;713;218;4;0.125;67;562;562;0;0;0;0
1078154;1;1;533;533;74;2;0.5;267;726;151;3;0.25;133;708;243;4;0.125;67;532;532;0;0;0;0
1079164;1;1;533;533;12;2;0.5;267;788;28;3;0.25;133;893;54;4;0.125;67;906;906;0;0;0;0
1080167;1;1;533;533;37;2;0.5;267;763;65;3;0.25;133;831;95;4;0.125;67;803;803;0;0;0;0
1081183;1;1;533;533;57;2;0.5;267;743;95;3;0.25;133;781;153;4;0.125;67;695;695;0;0;0;0
1082196;1;1;533;533;95;2;0.5;267;705;191;3;0.25;133;647;324;4;0.125;67;390;390;0;0;0;0
1083202;1;1;533;533;93;2;0.5;267;707;188;3;0.25;133;652;283;4;0.125;67;436;436;0;0;0;0
1084208;1;1;533;533;83;2;0.5;267;717;158;3;0.25;133;692;239;4;0.125;67;520;520;0;0;0;0
1085213;1;1;533;533;87;2;0.5;267;713;182;3;0.25;133;664;292;4;0.125;67;439;439;0;0;0;0
1086219;1;1;533;533;37;2;0.5;267;763;56;3;0.25;133;840;94;4;0.125;67;813;813;0;0;0;0
1087228;1;1;533;533;26;2;0.5;267;774;62;3;0.25;133;845;118;4;0.125;67;794;794;0;0;0;0
1088227;1;1;533;533;94;2;0.5;267;706;164;3;0.25;133;675;253;4;0.125;67;489;489;0;0;0;0
1089230;1;1;533;533;72;2;0.5;267;728;166;3;0.25;133;695;229;4;0.125;67;533;533;0;0;0;0
1090248;1;1;533;533;118;2;0.5;267;682;184;3;0.25;133;631;323;4;0.125;67;375;375;0;0;0;0
1091250;1;1;533;533;74;2;0.5;267;726;163;3;0.25;133;696;260;4;0.125;67;503;503;0;0;0;0
1092250;1;1;533;533;35;2;0.5;267;765;69;3;0.25;133;829;111;4;0.125;67;785;785;0;0;0;0
1093266;1;1;533;533;76;2;0.5;267;724;178;3;0.25;133;679;268;4;0.125;67;478;478;0;0;0;0
1094302;1;1;533;533;16;2;0.5;267;784;35;3;0.25;133;882;42;4;0.125;67;907;907;0;0;0;0
1095290;1;1;533;533;55;2;0.5;267;745;124;3;0.25;133;754;189;4;0.125;67;632;632;0;0;0;0
1096296;1;1;533;533;82;2;0.5;267;718;145;3;0.25;133;706;204;4;0.125;67;569;569;0;0;0;0
1097300;1;1;533;533;26;2;0.5;267;774;30;3;0.25;133;877;43;4;0.125;67;901;901;0;0;0;0
1098315;1;1;533;533;67;2;0.5;267;733;122;3;0.25;133;744;160;4;0.125;67;651;651;0;0;0;0
1099335;1;1;533;533;38;2;0.5;267;762;47;3;0.25;133;848;84;4;0.125;67;831;831;0;0;0;0
1100319;1;1;533;533;26;2;0.5;267;774;46;3;0.25;133;861;96;4;0.125;67;832;832;0;0;0;0
1101327;1;1;533;533;92;2;0.5;267;708;191;3;0.25;133;650;252;4;0.125;67;465;465;0;0;0;0
1102342;1;1;533;533;102;2;0.5;267;698;200;3;0.25;133;631;316;4;0.125;67;382;382;0;0;0;0
1103352;1;1;533;533;64;2;0.5;267;736;141;3;0.25;133;728;176;4;0.125;67;619;619;0;0;0;0
1104360;1;1;533;533;50;2;0.5;267;750;96;3;0.25;133;787;138;4;0.125;67;716;716;0;0;0;0
1105368;1;1;533;533;93;2;0.5;267;707;178;3;0.25;133;662;305;4;0.125;67;424;424;0;0;0;0
1106379;1;1;533;533;113;2;0.5;267;687;198;3;0.25;133;622;295;4;0.125;67;394;394;0;0;0;0
1107390;1;1;533;533;90;2;0.5;267;710;195;3;0.25;133;648;289;4;0.125;67;426;426;0;0;0;0
1108393;1;1;533;533;81;2;0.5;267;719;171;3;0.25;133;681;235;4;0.125;67;513;513;0;0;0;0
1109399;1;1;533;533;75;2;0.5;267;725;132;3;0.25;133;726;188;4;0.125;67;605;605;0;0;0;0
1110413;1;1;533;533;63;2;0.5;267;737;144;3;0.25;133;726;206;4;0.125;67;587;587;0;0;0;0
1111421;1;1;533;533;109;2;0.5;267;691;209;3;0.25;133;615;265;4;0.125;67;417;417;0;0;0;0
1112430;1;1;533;533;80;2;0.5;267;720;126;3;0.25;133;727;184;4;0.125;67;610;610;0;0;0;0
1113442;1;1;533;533;83;2;0.5;267;717;188;3;0.25;133;662;241;4;0.125;67;488;488;0;0;0;0
1114449;1;1;533;533;90;2;0.5;267;710;147;3;0.25;133;696;233;4;0.125;67;530;530;0;0;0;0
1115463;1;1;533;533;87;2;0.5;267;713;188;3;0.25;133;658;296;4;0.125;67;429;429;0;0;0;0
1116462;1;1;533;533;89;2;0.5;267;711;135;3;0.25;133;709;211;4;0.125;67;565;565;0;0;0;0
1117471;1;1;533;533;79;2;0.5;267;721;158;3;0.25;133;696;218;4;0.125;67;545;545;0;0;0;0
1118486;1;1;533;533;115;2;0.5;267;685;212;3;0.25;133;606;294;4;0.125;67;379;379;0;0;0;0
1119493;1;1;533;533;96;2;0.5;267;704;197;3;0.25;133;640;323;4;0.125;67;384;384;0;0;0;0
1120504;1;1;533;533;67;2;0.5;267;733;123;3;0.25;133;743;177;4;0.125;67;633;633;0;0;0;0
1121506;1;1;533;533;94;2;0.5;267;706;166;3;0.25;133;673;261;4;0.125;67;479;479;0;0;0;0
1122520;1;1;533;533;36;2;0.5;267;764;56;3;0.25;133;841;113;4;0.125;67;795;795;0;0;0;0
1123523;1;1;533;533;73;2;0.5;267;727;154;3;0.25;133;706;225;4;0.125;67;548;548;0;0;0;0
1124530;1;1;533;533;19;2;0.5;267;781;28;3;0.25;133;886;48;4;0.125;67;905;905;0;0;0;0
1125535;1;1;533;533;33;2;0.5;267;767;57;3;0.25;133;843;61;4;0.125;67;849;849;0;0;0;0
1126537;1;1;533;533;38;2;0.5;267;762;64;3;0.25;133;831;107;4;0.125;67;791;791;0;0;0;0
1127545;1;1;533;533;50;2;0.5;267;750;101;3;0.25;133;782;179;4;0.125;67;670;670;0;0;0;0
1128549;1;1;533;533;58;2;0.5;267;742;118;3;0.25;133;757;173;4;0.125;67;651;651;0;0;0;0
1129560;1;1;533;533;90;2;0.5;267;710;160;3;0.25;133;683;253;4;0.125;67;497;497;0;0;0;0
1130571;1;1;533;533;97;2;0.5;267;703;150;3;0.25;133;686;267;4;0.125;67;486;486;0;0;0;0
1131586;1;1;533;533;51;2;0.5;267;749;110;3;0.25;133;772;169;4;0.125;67;670;670;0;0;0;0
1132601;1;1;533;533;68;2;0.5;267;732;121;3;0.25;133;744;239;4;0.125;67;572;572;0;0;0;0
1133602;1;1;533;533;43;2;0.5;267;757;85;3;0.25;133;805;153;4;0.125;67;719;719;0;0;0;0
1134613;1;1;533;533;61;2;0.5;267;739;154;3;0.25;133;718;234;4;0.125;67;551;551;0;0;0;0
1135614;1;1;533;533;28;2;0.5;267;772;64;3;0.25;133;841;106;4;0.125;67;802;802;0;0;0;0
1136627;1;1;533;533;116;2;0.5;267;684;207;3;0.25;133;610;293;4;0.125;67;384;384;0;0;0;0
1137629;1;1;533;533;76;2;0.5;267;724;158;3;0.25;133;699;231;4;0.125;67;535;535;0;0;0;0
1138645;1;1;533;533;68;2;0.5;267;732;149;3;0.25;133;716;207;4;0.125;67;576;576;0;0;0;0
1139647;1;1;533;533;51;2;0.5;267;749;109;3;0.25;133;773;157;4;0.125;67;683;683;0;0;0;0
1140661;1;1;533;533;74;2;0.5;267;726;180;3;0.25;133;679;289;4;0.125;67;457;457;0;0;0;0
1141667;1;1;533;533;111;2;0.5;267;689;171;3;0.25;133;651;307;4;0.125;67;411;411;0;0;0;0
1142670;1;1;533;533;89;2;0.5;267;711;184;3;0.25;133;660;272;4;0.125;67;455;455;0;0;0;0
1143677;1;1;533;533;52;2;0.5;267;748;98;3;0.25;133;783;143;4;0.125;67;707;707;0;0;0;0
1144682;1;1;533;533;30;2;0.5;267;770;62;3;0.25;133;841;114;4;0.125;67;794;794;0;0;0;0
1145698;1;1;533;533;81;2;0.5;267;719;146;3;0.25;133;706;209;4;0.125;67;564;564;0;0;0;0
1146701;1;1;533;533;36;2;0.5;267;764;54;3;0.25;133;843;96;4;0.125;67;814;814;0;0;0;0
1147732;1;1;533;533;45;2;0.5;267;755;119;3;0.25;133;769;143;4;0.125;67;693;693;0;0;0;0
1148724;1;1;533;533;62;2;0.5;267;738;105;3;0.25;133;766;153;4;0.125;67;680;680;0;0;0;0
1149727;1;1;533;533;83;2;0.5;267;717;175;3;0.25;133;675;243;4;0.125;67;499;499;0;0;0;0
1150725;1;1;533;533;58;2;0.5;267;742;118;3;0.25;133;757;176;4;0.125;67;648;648;0;0;0;0
1151729;1;1;533;533;88;2;0.5;267;712;183;3;0.25;133;662;258;4;0.125;67;471;471;0;0;0;0
1152728;1;1;533;533;85;2;0.5;267;715;199;3;0.25;133;649;258;4;0.125;67;458;458;0;0;0;0
1153731;1;1;533;533;16;2;0.5;267;784;100;3;0.25;133;817;207;4;0.125;67;677;677;0;0;0;0
1154751;1;1;533;533;35;2;0.5;267;765;0;3;0.25;133;898;0;4;0.125;67;965;965;0;0;0;0
1155740;1;1;533;533;46;2;0.5;267;754;116;3;0.25;133;771;162;4;0.125;67;676;676;0;0;0;0
1156752;1;1;533;533;96;2;0.5;267;704;184;3;0.25;133;653;276;4;0.125;67;444;444;0;0;0;0
1157750;1;1;533;533;98;2;0.5;267;702;178;3;0.25;133;657;314;4;0.125;67;410;410;0;0;0;0
1158764;1;1;533;533;109;2;0.5;267;691;196;3;0.25;133;628;257;4;0.125;67;438;438;0;0;0;0
1159765;1;1;533;533;68;2;0.5;267;732;128;3;0.25;133;737;198;4;0.125;67;606;606;0;0;0;0
1160767;1;1;533;533;66;2;0.5;267;734;130;3;0.25;133;737;227;4;0.125;67;577;577;0;0;0;0
1161770;1;1;533;533;58;2;0.5;267;742;112;3;0.25;133;763;186;4;0.125;67;644;644;0;0;0;0
1162783;1;1;533;533;22;2;0.5;267;778;30;3;0.25;133;881;59;4;0.125;67;889;889;0;0;0;0
1163802;1;1;533;533;23;2;0.5;267;777;34;3;0.25;133;876;58;4;0.125;67;885;885;0;0;0;0
1164789;1;1;533;533;57;2;0.5;267;743;108;3;0.25;133;768;202;4;0.125;67;633;633;0;0;0;0
1165798;1;1;533;533;102;2;0.5;267;698;169;3;0.25;133;662;263;4;0.125;67;466;466;0;0;0;0
1166797;1;1;533;533;23;2;0.5;267;777;48;3;0.25;133;862;76;4;0.125;67;853;853;0;0;0;0
1167799;1;1;533;533;31;2;0.5;267;769;86;3;0.25;133;816;117;4;0.125;67;766;766;0;0;0;0
1168803;1;1;533;533;44;2;0.5;267;756;84;3;0.25;133;805;147;4;0.125;67;725;725;0;0;0;0
1169805;1;1;533;533;76;2;0.5;267;724;118;3;0.25;133;739;201;4;0.125;67;605;605;0;0;0;0
1170806;1;1;533;533;110;2;0.5;267;690;182;3;0.25;133;641;287;4;0.125;67;421;421;0;0;0;0
1171814;1;1;533;533;53;2;0.5;267;747;128;3;0.25;133;752;195;4;0.125;67;624;624;0;0;0;0
1172811;1;1;533;533;47;2;0.5;267;753;99;3;0.25;133;787;177;4;0.125;67;677;677;0;0;0;0
1173813;1;1;533;533;54;2;0.5;267;746;125;3;0.25;133;754;150;4;0.125;67;671;671;0;0;0;0
1174836;1;1;533;533;57;2;0.5;267;743;114;3;0.25;133;762;193;4;0.125;67;636;636;0;0;0;0
1175819;1;1;533;533;106;2;0.5;267;694;200;3;0.25;133;627;292;4;0.125;67;402;402;0;0;0;0
1176834;1;1;533;533;85;2;0.5;267;715;146;3;0.25;133;702;238;4;0.125;67;531;531;0;0;0;0
1177854;1;1;533;533;0;2;0.5;267;800;0;3;0.25;133;933;0;4;0.125;67;1000;1000;0;0;0;0
1178843;1;1;533;533;0;2;0.5;267;800;0;3;0.25;133;933;0;4;0.125;67;1000;1000;0;0;0;0
1179850;1;1;533;533;0;2;0.5;267;800;0;3;0.25;133;933;0;4;0.125;67;1000;1000;0;0;0;0
1180882;1;1;533;533;0;2;0.5;267;800;0;3;0.25;133;933;0;4;0.125;67;1000;1000;0;0;0;0
1181867;1;1;533;533;0;2;0.5;267;800;0;3;0.25;133;933;0;4;0.125;67;1000;1000;0;0;0;0
1182872;1;1;533;533;0;2;0.5;267;800;0;3;0.25;133;933;0;4;0.125;67;1000;1000;0;0;0;0
1183894;1;1;533;533;0;2;0.5;267;800;0;3;0.25;133;933;0;4;0.125;67;1000;1000;0;0;0;0
1184880;1;1;533;533;0;2;0.5;267;800;0;3;0.25;133;933;0;4;0.125;67;1000;1000;0;0;0;0
1185893;1;1;533;533;0;2;0.5;267;800;0;3;0.25;133;933;0;4;0.125;67;1000;1000;0;0;0;0
1186907;1;1;533;533;0;2;0.5;267;800;0;3;0.25;133;933;0;4;0.125;67;1000;1000;0;0;0;0
1187917;1;1;533;533;0;2;0.5;267;800;0;3;0.25;133;933;0;4;0.125;67;1000;1000;0;0;0;0
1188923;1;1;533;533;0;2;0.5;267;800;0;3;0.25;133;933;0;4;0.125;67;1000;1000;0;0;0;0
1189931;1;1;533;533;0;2;0.5;267;800;0;3;0.25;133;933;0;4;0.125;67;1000;1000;0;0;0;0
1190939;1;1;533;533;0;2;0.5;267;800;0;3;0.25;133;933;0;4;0.125;67;1000;1000;0;0;0;0
1191949;1;1;533;533;0;2;0.5;267;800;0;3;0.25;133;933;0;4;0.125;67;1000;1000;0;0;0;0
1192952;1;1;533;533;0;2;0.5;267;800;0;3;0.25;133;933;0;4;0.125;67;1000;961;NaN
1193965;1;1;533;533;0;2;0.5;267;800;0;3;0.25;133;933;0;4;0.125;67;1000;0;NaN
1194974;1;1;533;533;0;2;0.5;267;800;0;3;0.25;133;933;0;4;0.125;67;1000;0;NaN
1195974;1;1;533;533;0;2;0.5;267;800;0;3;0.25;133;933;0;4;0.125;67;1000;0;NaN
1196987;1;1;533;533;0;2;0.5;267;800;0;3;0.25;133;933;0;4;0.125;67;1000;0;NaN
1197995;1;1;533;533;0;2;0.5;267;800;0;3;0.25;133;933;0;4;0.125;67;1000;0;NaN
1198995;1;1;533;533;0;2;0.5;267;800;0;3;0.25;133;933;0;4;0.125;67;1000;0;NaN
1200005;1;1;533;533;0;2;0.5;267;800;0;3;0.25;133;933;0;4;0.125;67;1000;0;NaN
1201014;1;1;533;533;0;2;0.5;267;800;0;3;0.25;133;933;0;4;0.125;67;1000;0;NaN
1202019;1;1;533;533;0;2;0.5;267;800;0;3;0.25;133;933;0;4;0.125;67;1000;0;NaN
1203028;1;1;533;533;0;2;0.5;267;800;0;3;0.25;133;933;0;4;0.125;67;1000;0;NaN
1204042;1;1;533;533;0;2;0.5;267;800;0;3;0.25;133;933;0;4;0.125;67;1000;0;NaN
1205040;1;1;533;533;0;2;0.5;267;800;0;3;0.25;133;933;0;4;0.125;67;1000;0;NaN
1206052;1;1;533;533;0;2;0.5;267;800;0;3;0.25;133;933;0;4;0.125;67;1000;0;NaN
1207062;1;1;533;533;0;2;0.5;267;800;0;3;0.25;133;933;0;4;0.125;67;1000;0;NaN
1208079;1;1;533;533;0;2;0.5;267;800;0;3;0.25;133;933;0;4;0.125;67;1000;0;NaN
1209090;1;1;533;533;0;2;0.5;267;800;0;3;0.25;133;933;0;4;0.125;67;1000;0;NaN
1210095;1;1;533;533;0;2;0.5;267;800;0;3;0.25;133;933;0;4;0.125;67;1000;0;NaN
1211095;1;1;533;533;0;2;0.5;267;800;0;3;0.25;133;933;0;4;0.125;67;1000;0;NaN
1212107;1;1;533;533;0;2;0.5;267;800;0;3;0.25;133;933;0;4;0.125;67;1000;0;NaN
1213126;1;1;533;533;0;2;0.5;267;800;0;3;0.25;133;933;0;4;0.125;67;1000;0;NaN
1214133;1;1;533;533;0;2;0.5;267;800;0;3;0.25;133;933;0;4;0.125;67;1000;0;NaN
1215134;1;1;533;533;0;2;0.5;267;800;0;3;0.25;133;933;0;4;0.125;67;1000;0;NaN
1216146;1;1;533;533;0;2;0.5;267;800;0;3;0.25;133;933;0;4;0.125;67;1000;0;NaN
1217155;1;1;533;533;0;2;0.5;267;800;0;3;0.25;133;933;0;4;0.125;67;1000;0;NaN
1218168;1;1;533;533;0;2;0.5;267;800;0;3;0.25;133;933;0;4;0.125;67;1000;0;NaN
1219169;1;1;533;533;0;2;0.5;267;800;0;3;0.25;133;933;0;4;0.125;67;1000;0;NaN
1220178;1;1;533;533;0;2;0.5;267;800;0;3;0.25;133;933;0;4;0.125;67;1000;0;NaN
1221185;1;1;533;533;0;2;0.5;267;800;0;3;0.25;133;933;0;4;0.125;67;1000;0;NaN
1222197;1;1;533;533;0;2;0.5;267;800;0;3;0.25;133;933;0;4;0.125;67;1000;0;NaN
1223196;1;1;533;533;0;2;0.5;267;800;0;3;0.25;133;933;0;4;0.125;67;1000;0;NaN
1224204;1;1;533;533;0;2;0.5;267;800;0;3;0.25;133;933;0;4;0.125;67;1000;0;NaN
1225214;1;1;533;533;0;2;0.5;267;800;0;3;0.25;133;933;0;4;0.125;67;1000;0;NaN
1226218;1;1;533;533;0;2;0.5;267;800;0;3;0.25;133;933;0;4;0.125;67;1000;0;NaN
1227223;1;1;533;533;0;2;0.5;267;800;0;3;0.25;133;933;0;4;0.125;67;1000;0;NaN
1228239;1;1;533;533;0;2;0.5;267;800;0;3;0.25;133;933;0;4;0.125;67;1000;0;NaN
1229253;1;1;533;533;0;2;0.5;267;800;0;3;0.25;133;933;0;4;0.125;67;1000;0;NaN
1230260;1;1;533;533;0;2;0.5;267;800;0;3;0.25;133;933;0;4;0.125;67;1000;0;NaN
1231266;1;1;533;533;0;2;0.5;267;800;0;3;0.25;133;933;0;4;0.125;67;1000;0;NaN
1232270;1;1;533;533;0;2;0.5;267;800;0;3;0.25;133;933;0;4;0.125;67;1000;0;NaN
1233279;1;1;533;533;0;2;0.5;267;800;0;3;0.25;133;933;0;4;0.125;67;1000;0;NaN
1234292;1;1;533;533;0;2;0.5;267;800;0;3;0.25;133;933;0;4;0.125;67;1000;0;NaN
1235299;1;1;533;533;0;2;0.5;267;800;0;3;0.25;133;933;0;4;0.125;67;1000;0;NaN
1236299;1;1;533;533;0;2;0.5;267;800;0;3;0.25;133;933;0;4;0.125;67;1000;0;NaN
1237312;1;1;533;533;0;2;0.5;267;800;0;3;0.25;133;933;0;4;0.125;67;1000;0;NaN
1238315;1;1;533;533;0;2;0.5;267;800;0;3;0.25;133;933;0;4;0.125;67;1000;0;NaN
1239320;1;1;533;533;0;2;0.5;267;800;0;3;0.25;133;933;0;4;0.125;67;1000;0;NaN
1240332;1;1;533;533;0;2;0.5;267;800;0;3;0.25;133;933;0;4;0.125;67;1000;0;NaN
1241341;1;1;533;533;0;2;0.5;267;800;0;3;0.25;133;933;0;4;0.125;67;1000;0;NaN
1242355;1;1;533;533;0;2;0.5;267;800;0;3;0.25;133;933;0;4;0.125;67;1000;0;NaN
1243353;1;1;533;533;0;2;0.5;267;800;0;3;0.25;133;933;0;4;0.125;67;1000;0;NaN
1244350;1;1;533;533;0;2;0.5;267;800;0;3;0.25;133;933;0;4;0.125;67;1000;0;NaN
1245351;1;1;533;533;0;2;0.5;267;800;0;3;0.25;133;933;0;4;0.125;67;1000;0;NaN
1246357;1;1;533;533;0;2;0.5;267;800;0;3;0.25;133;933;0;4;0.125;67;1000;0;NaN
1247368;1;1;533;533;0;2;0.5;267;800;0;3;0.25;133;933;0;4;0.125;67;1000;0;NaN
1248377;1;1;533;533;0;2;0.5;267;800;0;3;0.25;133;933;0;4;0.125;67;1000;0;NaN
1249383;1;1;533;533;0;2;0.5;267;800;0;3;0.25;133;933;0;4;0.125;67;1000;0;NaN
1250387;1;1;533;533;0;2;0.5;267;800;0;3;0.25;133;933;0;4;0.125;67;1000;0;NaN
1251401;1;1;533;533;0;2;0.5;267;800;0;3;0.25;133;933;0;4;0.125;67;1000;0;NaN
1252406;1;1;533;533;0;2;0.5;267;800;0;3;0.25;133;933;0;4;0.125;67;1000;0;NaN
1253416;1;1;533;533;0;2;0.5;267;800;0;3;0.25;133;933;0;4;0.125;67;1000;0;NaN
1254423;1;1;533;533;0;2;0.5;267;800;0;3;0.25;133;933;0;4;0.125;67;1000;0;NaN
1255433;1;1;533;533;0;2;0.5;267;800;0;3;0.25;133;933;0;4;0.125;67;1000;0;NaN
1256440;1;1;533;533;0;2;0.5;267;800;0;3;0.25;133;933;0;4;0.125;67;1000;0;NaN
1257447;1;1;533;533;0;2;0.5;267;800;0;3;0.25;133;933;0;4;0.125;67;1000;0;NaN
1258449;1;1;533;533;0;2;0.5;267;800;0;3;0.25;133;933;0;4;0.125;67;1000;0;NaN
1259458;1;1;533;533;0;2;0.5;267;800;0;3;0.25;133;933;0;4;0.125;67;1000;0;NaN
1260466;1;1;533;533;0;2;0.5;267;800;0;3;0.25;133;933;0;4;0.125;67;1000;0;NaN
1261474;1;1;533;533;0;2;0.5;267;800;0;3;0.25;133;933;0;4;0.125;67;1000;0;NaN
1262478;1;1;533;533;0;2;0.5;267;800;0;3;0.25;133;933;0;4;0.125;67;1000;0;NaN
1263480;1;1;533;533;0;2;0.5;267;800;0;3;0.25;133;933;0;4;0.125;67;1000;0;NaN
1264486;1;1;533;533;0;2;0.5;267;800;0;3;0.25;133;933;0;4;0.125;67;1000;0;NaN
1265500;1;1;533;533;0;2;0.5;267;800;0;3;0.25;133;933;0;4;0.125;67;1000;0;NaN
1266509;1;1;533;533;0;2;0.5;267;800;0;3;0.25;133;933;0;4;0.125;67;1000;0;NaN
1267522;1;1;533;533;0;2;0.5;267;800;0;3;0.25;133;933;0;4;0.125;67;1000;0;NaN
1268538;1;1;533;533;0;2;0.5;267;800;0;3;0.25;133;933;0;4;0.125;67;1000;0;NaN
1269549;1;1;533;533;0;2;0.5;267;800;0;3;0.25;133;933;0;4;0.125;67;1000;0;NaN
1270550;1;1;533;533;0;2;0.5;267;800;0;3;0.25;133;933;0;4;0.125;67;1000;0;NaN
1271567;1;1;533;533;0;2;0.5;267;800;0;3;0.25;133;933;0;4;0.125;67;1000;0;NaN
1272579;1;1;533;533;0;2;0.5;267;800;0;3;0.25;133;933;0;4;0.125;67;1000;0;NaN
1273592;1;1;533;533;0;2;0.5;267;800;0;3;0.25;133;933;0;4;0.125;67;1000;0;NaN
1274606;1;1;533;533;0;2;0.5;267;800;0;3;0.25;133;933;0;4;0.125;67;1000;0;NaN
1275608;1;1;533;533;0;2;0.5;267;800;0;3;0.25;133;933;0;4;0.125;67;1000;0;NaN
1276609;1;1;533;533;0;2;0.5;267;800;0;3;0.25;133;933;0;4;0.125;67;1000;0;NaN
1277613;1;1;533;533;0;2;0.5;267;800;0;3;0.25;133;933;0;4;0.125;67;1000;0;NaN
